Resource ID,Resource,Previous For groups,Reviewed For groups,Changed,Decision note
res-aa-dixie,AA Dixie Central Office and St. George AA meetings,People in recovery; Spanish-speaking people,People in recovery; Spanish-speaking people,No,Reviewed against all 25 definitions; supporting excerpts are in the audit evidence.
res-aaa-prime,AAA Prime Drug & Alcohol Course,,People leaving incarceration,Yes,"Court-directed education establishes justice involvement, but does not establish a substance-use disorder or own recovery."
res-access-foundation,Access Foundation recovery housing,People experiencing homelessness; People leaving incarceration; Low-income households,People in recovery; People experiencing homelessness; People leaving incarceration,Yes,"Add explicitly described recovery housing population. Sliding-fee availability is only a question to confirm, so income targeting is unestablished."
res-addict-ii-athlete,Addict II Athlete Washington County chapter,People in recovery,People in recovery,No,Reviewed against all 25 definitions; supporting excerpts are in the audit evidence.
res-aca-stgeorge,Adult Children of Alcoholics St. George meetings,People in recovery; Families with children,,Yes,Adult children of alcoholic parents are adults seeking family-of-origin peer support; neither minor children in a household nor the attendee's own substance-use recovery is established.
res-alanon-district8,Al-Anon and Alateen Utah District 8 meetings,Children & teens,Families with children; Children & teens,Yes,Reviewed against all 25 definitions; supporting excerpts are in the audit evidence.
res-bha-utah,Behavioral Health Associates of Utah - St. George,People in recovery,People in recovery; People leaving incarceration,Yes,Reviewed against all 25 definitions; supporting excerpts are in the audit evidence.
res-better-balance,"Better Balance Psychiatry St. George psychiatry, therapy, IOP, and substance-use treatment",People in recovery; Children & teens; Young adults,People in recovery; Families with children; Children & teens,Yes,Teen eligibility supports child/family access. Listing young adults alongside all adults does not establish a dedicated young-adult service.
res-calvary-harbor,Calvary Chapel Saint George Recovery Ministry at The Harbor,People in recovery,People in recovery,No,Reviewed against all 25 definitions; supporting excerpts are in the audit evidence.
res-canyonlands-beaverdam,"Canyonlands Healthcare Beaver Dam integrated primary, dental, and behavioral health clinic",People in recovery; Low-income households; Uninsured & underinsured,People in recovery; Families with children; Children & teens; Pregnant & postpartum people; Low-income households; Uninsured & underinsured,Yes,Reviewed against all 25 definitions; supporting excerpts are in the audit evidence.
res-capstone,Capstone Counseling Centers Washington County / statewide online services,,People leaving incarceration,Yes,Reviewed against all 25 definitions; supporting excerpts are in the audit evidence.
res-cinnamon-hills,Cinnamon Hills Youth Crisis Center adolescent behavioral-health treatment,Children & teens,Families with children; Children & teens,Yes,Reviewed against all 25 definitions; supporting excerpts are in the audit evidence.
res-compass-counseling,Compass Counseling St. George,People in recovery,People in recovery,No,Reviewed against all 25 definitions; supporting excerpts are in the audit evidence.
res-counseling-success,Counseling for Success Inc.,People in recovery; Low-income households,People in recovery; People leaving incarceration,Yes,"Court/SUD services explicit; whether sliding-fee assistance exists remains unconfirmed, so remove low-income label."
res-creek-valley,"Creek Valley Health Clinic primary, dental, behavioral health, and MAT access",People in recovery; Low-income households,People in recovery; Families with children; Children & teens; Pregnant & postpartum people; Women; People with serious illness,Yes,"Dedicated pediatric, maternity, women's-health and chronic-disease services are explicit. Generic discounts and uncertain sliding-fee thresholds do not establish income restriction."
res-cma-utah,Crystal Meth Anonymous Utah Area - St. George meetings,,People in recovery,Yes,Reviewed against all 25 definitions; supporting excerpts are in the audit evidence.
res-desert-solace,Desert Solace substance-abuse treatment,People in recovery,People in recovery,No,Reviewed against all 25 definitions; supporting excerpts are in the audit evidence.
res-dixie-alano,Dixie Alano Club recovery meeting facility,People in recovery,People in recovery,No,Reviewed against all 25 definitions; supporting excerpts are in the audit evidence.
res-eagle-ranch-academy,Eagle Ranch Academy teen substance abuse residential treatment,People in recovery; Children & teens,People in recovery; Families with children; Children & teens,Yes,Reviewed against all 25 definitions; supporting excerpts are in the audit evidence.
res-eagle-ranch-outpatient,Eagle Ranch Outpatient Services,People in recovery; Children & teens,People in recovery; Families with children; Children & teens,Yes,Reviewed against all 25 definitions; supporting excerpts are in the audit evidence.
res-family-healthcare-mat,Family Healthcare medication-assisted treatment,People in recovery; Low-income households; Uninsured & underinsured,People in recovery; Low-income households; Uninsured & underinsured,No,Reentry wording is referral-planning advice; no dedicated justice eligibility is established.
res-fourpoints,FourPoints Health St. George behavioral health and substance-use services,People in recovery; Native & tribal communities; Low-income households,People in recovery; Native & tribal communities; Low-income households,No,Reviewed against all 25 definitions; supporting excerpts are in the audit evidence.
res-gold-counseling,Gold Counseling St. George substance-abuse support,People in recovery,People in recovery,No,Reviewed against all 25 definitions; supporting excerpts are in the audit evidence.
res-helping-hearts,Helping Hearts Recovery,People in recovery,People in recovery; People leaving incarceration,Yes,Reviewed against all 25 definitions; supporting excerpts are in the audit evidence.
res-high-desert,"High Desert Counseling outpatient addiction, co-occurring mental-health, and harm-reduction treatment",People in recovery; Low-income households,People in recovery; People leaving incarceration; Low-income households,Yes,Reviewed against all 25 definitions; supporting excerpts are in the audit evidence.
res-hope-rising,Hope Rising Detox & Rehabilitation Southern Utah continuum,People in recovery,People in recovery,No,Reviewed against all 25 definitions; supporting excerpts are in the audit evidence.
res-intermountain-compass,Intermountain Health COMPASS Program - Washington County,People in recovery; Uninsured & underinsured,People in recovery; Uninsured & underinsured,No,Reviewed against all 25 definitions; supporting excerpts are in the audit evidence.
res-intermountain-access-center,St. George Regional Hospital Behavioral Health Access Center,People in recovery; Children & teens,People in recovery,Yes,"The Access Center route describes adults 18+. Pediatric and senior services are listed on a broader hospital page, with fit at this access route unconfirmed; do not treat that as established child eligibility."
res-jackys-recovery,Jacky's Recovery Support Services - St. George contact,Spanish-speaking people,People in recovery; Spanish-speaking people,Yes,Reviewed against all 25 definitions; supporting excerpts are in the audit evidence.
res-liahona,Liahona Academy adolescent boys residential mental-health and co-occurring substance-use support,People in recovery; Children & teens,People in recovery; Families with children; Children & teens; Men,Yes,Reviewed against all 25 definitions; supporting excerpts are in the audit evidence.
res-lions-gate,Lions Gate Recovery St. George dual-diagnosis addiction and mental-health treatment campus,People in recovery,People in recovery; People with serious illness,Yes,Named serious psychiatric conditions receive integrated treatment alongside SUD; a general mental-health category alone would be insufficient.
res-matr,MATR Behavioral Health Saint George Outpatient,People in recovery,People in recovery,No,Reviewed against all 25 definitions; supporting excerpts are in the audit evidence.
res-na-southern-utah,Narcotics Anonymous of Southern Utah meetings,People in recovery,People in recovery,No,Reviewed against all 25 definitions; supporting excerpts are in the audit evidence.
res-never-use-alone,Never Use Alone National Overdose Prevention Line,,People in recovery,Yes,Dedicated substance-use harm-reduction support; recovery label does not require abstinence.
res-new-season,New Season St. George Metro Treatment Center,People in recovery; Young adults; Pregnant & postpartum people,People in recovery; Pregnant & postpartum people,Yes,"Adults/young adults is broad adult eligibility, not a distinct young-adult track. Release coordination advice does not establish a dedicated reentry program."
res-utah-naloxone-next,Utah Naloxone and NEXT Distro Utah naloxone access,,People in recovery; People leaving incarceration,Yes,Reviewed against all 25 definitions; supporting excerpts are in the audit evidence.
res-premier,"Premier Counseling Services outpatient mental-health, substance-use, and court-approved programs",People in recovery,People in recovery; People leaving incarceration,Yes,Domestic-violence prevention/treatment groups may serve offenders; no survivor-specific service is established here.
res-recovery-dharma,Recovery Dharma St. George meetings,,People in recovery,Yes,Reviewed against all 25 definitions; supporting excerpts are in the audit evidence.
res-renaissance-ranch,Renaissance Ranch St. George men's drug and alcohol rehab,People in recovery; Men,People in recovery; Men,No,Reviewed against all 25 definitions; supporting excerpts are in the audit evidence.
res-renaissance-recovery,Renaissance Recovery St. George outpatient,People in recovery; Young adults,People in recovery,Yes,"General adult service, with no dedicated young-adult track. Court-directory listing alone is not a confirmed justice-specific service."
res-sobriety-foundation,Sobriety Foundation recovery housing assistance,People in recovery,People in recovery; Low-income households,Yes,Reviewed against all 25 definitions; supporting excerpts are in the audit evidence.
res-soulegria,Soulegria young-adult substance-use and co-occurring treatment,People in recovery; Young adults,People in recovery; Young adults,No,Reviewed against all 25 definitions; supporting excerpts are in the audit evidence.
res-celebrate-recovery,South Mountain Community Church Celebrate Recovery - St. George,People in recovery,People in recovery,No,Reviewed against all 25 definitions; supporting excerpts are in the audit evidence.
res-sbhc-crisis,"Southwest Behavioral Health Center crisis support, MCOT, and Crisis Stabilization Center",People in recovery; Families with children; Children & teens,People in recovery; Families with children; Children & teens,No,Reviewed against all 25 definitions; supporting excerpts are in the audit evidence.
res-sbhc-desert-haven,Southwest Behavioral Health Center Desert Haven,People in recovery; Children & teens; Pregnant & postpartum people; Women,People in recovery; Families with children; Children & teens; Pregnant & postpartum people; Women,Yes,Reviewed against all 25 definitions; supporting excerpts are in the audit evidence.
res-sbhc-horizon,Southwest Behavioral Health Center Horizon House Residential Treatment,People in recovery,People in recovery,No,Gender-specific is stated but particular genders/tracks are not established in the saved record.
res-sbhc-outpatient,Southwest Behavioral Health Center Washington County outpatient substance-use treatment,People in recovery; Children & teens; Pregnant & postpartum people; Women,People in recovery; Families with children; Children & teens; Pregnant & postpartum people; Women,Yes,Reviewed against all 25 definitions; supporting excerpts are in the audit evidence.
res-stable-environment,Stable Environment sober living and addiction supports,People in recovery,People in recovery,No,Reviewed against all 25 definitions; supporting excerpts are in the audit evidence.
res-steps,"Steps Recovery Centers St. George residential, outpatient, veteran-focused substance-use, and integrated mental-health rehab",People in recovery; Veterans & military families,People in recovery; Veterans & military families,No,Reviewed against all 25 definitions; supporting excerpts are in the audit evidence.
res-sunrise,Sunrise Residential Treatment Center co-occurring substance-use track,People in recovery; Children & teens,People in recovery; Families with children; Children & teens,Yes,Reviewed against all 25 definitions; supporting excerpts are in the audit evidence.
res-lds-arp,Healing Through the Savior Addiction Recovery Program - St. George area,People in recovery,People in recovery,No,Reviewed against all 25 definitions; supporting excerpts are in the audit evidence.
res-therapy-associates,"Therapy Associates outpatient counseling, youth day treatment, assessments, and substance-use services",People in recovery; Families with children; Children & teens,People in recovery; Families with children; Children & teens,No,Foster Care Medicaid billing alone does not establish a foster/kinship-specific program.
res-true-north,"True North Recovery and Wellness Center St. George OTP, MAT, IOP, and court-related assessments",People in recovery; Pregnant & postpartum people,People in recovery; People leaving incarceration,Yes,Pregnancy-specific access appears only as an item to confirm; no established pregnancy pathway is described.
res-turningleaf-next-step,TurningLeaf Health & Wellness The Next Step group,People in recovery,People in recovery,No,Reviewed against all 25 definitions; supporting excerpts are in the audit evidence.
res-va-clinic,"St. George VA Clinic primary care, mental-health, social-work, enrollment, same-day minor care, and veteran support access",Veterans & military families; People experiencing homelessness; Caregivers,Veterans & military families; Seniors; People with disabilities; Deaf & hard of hearing; People experiencing homelessness; People leaving incarceration; Caregivers,Yes,Reviewed against all 25 definitions; supporting excerpts are in the audit evidence.
res-vet-center,"Saint George Vet Center confidential counseling, transition, referral support, and veteran document navigation",People in recovery; Veterans & military families,People in recovery; Veterans & military families; Abuse & violence survivors,Yes,Military sexual trauma counseling is explicit eligibility; general family eligibility does not establish minor children.
res-superad,University of Utah Health SUPeRAD Clinic,People in recovery; Pregnant & postpartum people,People in recovery; Pregnant & postpartum people; People leaving incarceration; Uninsured & underinsured,Yes,Reviewed against all 25 definitions; supporting excerpts are in the audit evidence.
res-utah-warm-line,Utah Warm Line,People in recovery,People in recovery,No,Reviewed against all 25 definitions; supporting excerpts are in the audit evidence.
res-poison-control,Utah Poison Control Center,,,No,"General poison/overdose advice, not a population-specific substance-use recovery program."
res-upper-mesa,Upper Mesa Recovery,People in recovery,People in recovery,No,Reviewed against all 25 definitions; supporting excerpts are in the audit evidence.
res-usara-stgeorge,USARA St. George Recovery Community Center,People in recovery,People in recovery; People experiencing homelessness; People leaving incarceration,Yes,Reviewed against all 25 definitions; supporting excerpts are in the audit evidence.
res-uphp,Utah Professionals Health Program,People in recovery,People in recovery,No,Reviewed against all 25 definitions; supporting excerpts are in the audit evidence.
res-udc-trc,Utah Department of Corrections Region 5 Treatment Resource Center,People leaving incarceration,People leaving incarceration,No,Reviewed against all 25 definitions; supporting excerpts are in the audit evidence.
res-jjys-youth-services,Utah JJYS Washington County Youth Crisis/Youth Services,People in recovery; Children & teens,People in recovery; Families with children; Children & teens,Yes,Reviewed against all 25 definitions; supporting excerpts are in the audit evidence.
res-way-to-quit,Way to Quit / Utah Tobacco Quit Line,Spanish-speaking people,People in recovery; Families with children; Children & teens; Young adults; Spanish-speaking people,Yes,Reviewed against all 25 definitions; supporting excerpts are in the audit evidence.
res-utah-courts-drug-family,Utah State Courts Fifth District St. George recovery and family dependency drug courts,People in recovery,People in recovery; Families with children; People leaving incarceration,Yes,Reviewed against all 25 definitions; supporting excerpts are in the audit evidence.
res-booth-wellness,"Utah Tech University Booth Wellness Center medical, mental-health, and forensic-exam access",Students,Families with children; Children & teens; Abuse & violence survivors; Students,Yes,Keep forensic-exam eligibility caveat; the survivor pathway is listed separately from ordinary student clinic access.
res-purgatory-sud,Purgatory Correctional Facility in-custody SUD/OUD treatment pathway,People in recovery; People leaving incarceration,People in recovery; People leaving incarceration,No,Reviewed against all 25 definitions; supporting excerpts are in the audit evidence.
res-court-support,Washington County Court Support Services,,People leaving incarceration,Yes,Reviewed against all 25 definitions; supporting excerpts are in the audit evidence.
res-wellbriety,Wellbriety Southern Utah Sacred Fire Meeting,,People in recovery,Yes,Saved evidence does not explicitly identify a Native/tribal population; do not infer identity from an organization name.
res-zion-healing,Zion Healing Center St. George IOP,People in recovery; Veterans & military families,People in recovery; Veterans & military families,No,Reviewed against all 25 definitions; supporting excerpts are in the audit evidence.
res-hand-in-hand-stgeorge,Hand in Hand Support Services — Washington County mobile harm reduction,,People in recovery,Yes,Reviewed against all 25 definitions; supporting excerpts are in the audit evidence.
res-abs-kids-st-george-aba,ABS Kids St. George ABA Therapy and Autism Diagnosis Services,Families with children; Children & teens; People with disabilities,Families with children; Children & teens; People with disabilities,No,Reviewed against all 25 definitions; supporting excerpts are in the audit evidence.
res-assistance-league-southern-utah-school-bell,Assistance League of Southern Utah Operation School Bell,Children & teens,Families with children; Children & teens; Low-income households; Students,Yes,Reviewed against all 25 definitions; supporting excerpts are in the audit evidence.
res-bbbsu-st-george-mentoring,Big Brothers Big Sisters of Utah St. George community-based mentoring,Families with children; Children & teens,Families with children; Children & teens,No,Reviewed against all 25 definitions; supporting excerpts are in the audit evidence.
res-bgcutah-washington-county,Boys & Girls Clubs of Utah County/Southern Utah Washington County school-site programs,Children & teens,Families with children; Children & teens; Students,Yes,Reviewed against all 25 definitions; supporting excerpts are in the audit evidence.
res-breathe-care-essential-supplies,BREATHE CARE Food and Essential Supplies Intake,Families with children; People experiencing homelessness,Families with children; Children & teens; People experiencing homelessness,Yes,Reviewed against all 25 definitions; supporting excerpts are in the audit evidence.
res-bridgeway-st-george-children,Bridgeway Integrated Healthcare Services St. George Center,Families with children; Children & teens; People with disabilities; Spanish-speaking people,Families with children; Children & teens; People with disabilities; Spanish-speaking people,No,Reviewed against all 25 definitions; supporting excerpts are in the audit evidence.
res-bright-morning-star-day-care,Bright Morning Star Day Care St. George childcare accepting DWS subsidies,Families with children; Spanish-speaking people,Families with children; Children & teens; Spanish-speaking people; Low-income households,Yes,"This record specifically identifies a subsidy-access child-care pathway, rather than incidental insurer acceptance."
res-care-about-childcare-five-county,Care About Childcare - Five County Child Care Resource Agency,Families with children; Caregivers,Families with children; Caregivers,No,Reviewed against all 25 definitions; supporting excerpts are in the audit evidence.
res-cherish-families-wraparound,Cherish Families wraparound support for families from polygamous and high-control backgrounds,Families with children,Families with children; Abuse & violence survivors,Yes,Reviewed against all 25 definitions; supporting excerpts are in the audit evidence.
res-css-grandfamilies-st-george,Children's Service Society of Utah GRANDfamilies - Washington County/St. George,Families with children; Children & teens; Foster & kinship families,Seniors; Families with children; Children & teens; Caregivers; Foster & kinship families,Yes,Reviewed against all 25 definitions; supporting excerpts are in the audit evidence.
res-chrysalis-st-george,"Chrysalis Utah St. George disability, behavioral-health, residential, and employment supports",People with disabilities,People with disabilities,No,Reviewed against all 25 definitions; supporting excerpts are in the audit evidence.
res-comunidad-materna-semillas,Comunidad Materna en Utah Semillas para la Maternidad,Pregnant & postpartum people; Spanish-speaking people,Families with children; Children & teens; Pregnant & postpartum people; Women; Spanish-speaking people,Yes,Infant-feeding support is child/family service; maternal support is explicitly described.
res-disability-law-center-utah,"Disability Law Center Utah disability-rights, housing-access, CAP, and abuse/neglect legal advocacy",People with disabilities,People with disabilities; Abuse & violence survivors,Yes,Reviewed against all 25 definitions; supporting excerpts are in the audit evidence.
res-doctors-volunteer-clinic,"Doctors' Volunteer Clinic of St. George safety-net medical, dental, specialty, mental-health, and forensic-exam access",Women; Low-income households; Uninsured & underinsured,Women; Abuse & violence survivors; Low-income households; Uninsured & underinsured,Yes,Reviewed against all 25 definitions; supporting excerpts are in the audit evidence.
res-dove-center-family-services,DOVE Center domestic-violence and sexual-assault services,Children & teens; Abuse & violence survivors,Families with children; Children & teens; People experiencing homelessness; Abuse & violence survivors,Yes,Survivor-only emergency housing pathway; not a general homeless shelter.
res-dove-center-transitional-housing,DOVE Center survivor shelter and housing pathway,Children & teens; Abuse & violence survivors,Families with children; Children & teens; People experiencing homelessness; Abuse & violence survivors,Yes,"Targeted housing-crisis support for survivors and children, rather than generic housing access."
res-family-healthcare-women-children-integrated-care,"Family Healthcare integrated medical, dental, vision, pharmacy, reproductive, behavioral-health, and forensic-exam access",Pregnant & postpartum people; Low-income households; Uninsured & underinsured,Families with children; Children & teens; Pregnant & postpartum people; Abuse & violence survivors; Low-income households; Uninsured & underinsured,Yes,Bilingual is not enough to name Spanish without explicit language evidence.
res-family-support-center-washington-county-crisis-respite-parenting,"Family Support Center of Washington County crisis nursery, crisis shelter care, respite, and parenting education",Families with children; Children & teens; Caregivers,Families with children; Children & teens; Caregivers,No,Reviewed against all 25 definitions; supporting excerpts are in the audit evidence.
res-five-county-cap-diaper-family-support,Five County AOG Community Action Partnership diaper and family stabilization assistance,Families with children; Low-income households,Families with children; Children & teens; Low-income households,Yes,Reviewed against all 25 definitions; supporting excerpts are in the audit evidence.
res-forever-bound-adoption-options-counseling,Forever Bound Adoption expectant-parent options counseling and support,Families with children; Pregnant & postpartum people,Families with children; Pregnant & postpartum people,No,Reviewed against all 25 definitions; supporting excerpts are in the audit evidence.
res-forever-ours-pregnancy-infant-loss-support,Forever Ours Foundation pregnancy and infant loss support,Pregnant & postpartum people,Families with children; Pregnant & postpartum people,Yes,Reviewed against all 25 definitions; supporting excerpts are in the audit evidence.
res-fourpoints-st-george-family-health,FourPoints Health St. George and Shivwits community clinics,Women; Native & tribal communities; Low-income households,Women; Native & tribal communities; Low-income households,No,Reviewed against all 25 definitions; supporting excerpts are in the audit evidence.
res-help-me-grow-utah-developmental-parent-support,Help Me Grow Utah developmental screening and parent support,Families with children; Children & teens; Pregnant & postpartum people; Caregivers,Families with children; Children & teens; Pregnant & postpartum people; Caregivers,No,Reviewed against all 25 definitions; supporting excerpts are in the audit evidence.
res-intermountain-stgeorge-childbirth-education,Intermountain Health St. George Regional Hospital childbirth education and birth preparation,Families with children; Pregnant & postpartum people,Families with children; Pregnant & postpartum people; Caregivers,Yes,Reviewed against all 25 definitions; supporting excerpts are in the audit evidence.
res-intermountain-stgeorge-high-risk-ob-mfm,Intermountain Health St. George Regional Hospital High-risk OB and Maternal Fetal Medicine,Pregnant & postpartum people,Pregnant & postpartum people; People with serious illness,Yes,Reviewed against all 25 definitions; supporting excerpts are in the audit evidence.
res-intermountain-stgeorge-lactation-clinic,Intermountain Health St. George Regional Hospital Lactation Clinic,Families with children,Families with children; Children & teens; Pregnant & postpartum people,Yes,Reviewed against all 25 definitions; supporting excerpts are in the audit evidence.
res-intermountain-stgeorge-nicu,Intermountain Health St. George Regional Hospital NICU,Children & teens; Families with children,Families with children; Children & teens; People with serious illness,Yes,Reviewed against all 25 definitions; supporting excerpts are in the audit evidence.
res-intermountain-stgeorge-pediatric-rehab,Intermountain Health St. George Regional Hospital Pediatric Physical Medicine and Rehab,Children & teens,Families with children; Children & teens; People with disabilities; Deaf & hard of hearing,Yes,Reviewed against all 25 definitions; supporting excerpts are in the audit evidence.
res-intermountain-stgeorge-womens-health-obgyn,Intermountain Health St. George Women's Health OB-GYN Clinic,Pregnant & postpartum people; Women,Pregnant & postpartum people; Women,No,Reviewed against all 25 definitions; supporting excerpts are in the audit evidence.
res-intermountain-angel-watch,Intermountain Health Angel Watch perinatal palliative support,,Families with children; Children & teens; Pregnant & postpartum people; People with serious illness,Yes,Reviewed against all 25 definitions; supporting excerpts are in the audit evidence.
res-intermountain-stgeorge-simply-birth,Intermountain Health St. George Regional Hospital Simply Birth low-intervention birth program,Pregnant & postpartum people,Families with children; Pregnant & postpartum people,Yes,Reviewed against all 25 definitions; supporting excerpts are in the audit evidence.
res-intermountain-primary-childrens-stgeorge-outpatient,Primary Children's Outpatient Services - St. George,Children & teens,Families with children; Children & teens,Yes,Reviewed against all 25 definitions; supporting excerpts are in the audit evidence.
res-intermountain-stgeorge-labor-delivery-women-newborn,Intermountain Health St. George Regional Hospital Labor and Delivery / Women and Newborn,Pregnant & postpartum people; Women,Families with children; Children & teens; Pregnant & postpartum people; Women,Yes,Reviewed against all 25 definitions; supporting excerpts are in the audit evidence.
res-kids-corner-day-care-dws,Kids Corner Day Care St. George child care accepting DWS subsidies,Families with children; Spanish-speaking people,Families with children; Children & teens; Spanish-speaking people; Low-income households,Yes,Reviewed against all 25 definitions; supporting excerpts are in the audit evidence.
res-kony-coins-for-kids-christmas-assistance,KONY Coins for Kids Christmas Assistance for Washington County children,Children & teens,Families with children; Children & teens; Low-income households; Students,Yes,Reviewed against all 25 definitions; supporting excerpts are in the audit evidence.
res-kool-kidz-world-dws,Kool Kidz World St. George child care accepting DWS subsidies,Families with children; Spanish-speaking people,Families with children; Children & teens; Spanish-speaking people; Low-income households,Yes,Reviewed against all 25 definitions; supporting excerpts are in the audit evidence.
res-larks-nest-doula,Lark's Nest Doula Medicaid and private doula support for Southern Utah families,Pregnant & postpartum people,Families with children; Children & teens; Pregnant & postpartum people; Low-income households; Caregivers,Yes,Reviewed against all 25 definitions; supporting excerpts are in the audit evidence.
res-lds-family-services-stgeorge-pregnancy-counseling,"Church Family Services St. George short-term counseling, group therapy, and pregnancy counseling",Pregnant & postpartum people,Pregnant & postpartum people,No,Reviewed against all 25 definitions; supporting excerpts are in the audit evidence.
res-life-after-placement-birth-mother-support,Life After Placement birth-mother post-placement support,Women,Families with children; Women,Yes,"Parent-role support; not foster/adoption-from-care specifically, and no defined postpartum time window."
res-marys-hope-house-maternity-home,Mary's Hope House maternity home for single mothers,Pregnant & postpartum people,Families with children; Pregnant & postpartum people; Women; People experiencing homelessness,Yes,Reviewed against all 25 definitions; supporting excerpts are in the audit evidence.
res-millcreek-high-student-parent-childcare,Millcreek High School student-parent child care pathway,Families with children,Families with children; Children & teens; Students,Yes,Reviewed against all 25 definitions; supporting excerpts are in the audit evidence.
res-mothertobaby-exposure-information,MotherToBaby pregnancy and breastfeeding exposure information service,Families with children; Pregnant & postpartum people; Spanish-speaking people,Families with children; Pregnant & postpartum people; Spanish-speaking people,No,Reviewed against all 25 definitions; supporting excerpts are in the audit evidence.
res-nami-utah-southwest-family-support,NAMI Utah Southwest education and peer/family support,Caregivers,Caregivers,No,Adults with mental-health conditions and family support are explicit; the saved record does not establish disability/serious-illness eligibility specifically.
res-neighborhood-connection-pantry-packs,Neighborhood Connection Pantry Packs,Children & teens,Families with children; Children & teens; Students,Yes,Food need and school-meal participation are explicit; an income threshold or free/reduced meal eligibility is not specified.
res-nurse-family-partnership-washington-county,Nurse-Family Partnership Washington County service area,Pregnant & postpartum people; Low-income households,Families with children; Children & teens; Pregnant & postpartum people; Women; Low-income households; Caregivers,Yes,Reviewed against all 25 definitions; supporting excerpts are in the audit evidence.
res-pitu-family-services-child-care-crisis,Paiute Indian Tribe of Utah Family Services and FourPoints family support,Families with children; Native & tribal communities,Seniors; Families with children; Children & teens; Native & tribal communities; Abuse & violence survivors; Low-income households,Yes,Reviewed against all 25 definitions; supporting excerpts are in the audit evidence.
res-pitu-puowwan-family-youth-wraparound,Paiute Indian Tribe of Utah Puow'wan Program family and youth wraparound,Children & teens; Native & tribal communities,Families with children; Children & teens; Native & tribal communities,Yes,Reviewed against all 25 definitions; supporting excerpts are in the audit evidence.
res-petersen-home-medical-breast-pump-equipment,Petersen Home Medical breast-pump and lactation-equipment access,Families with children,Families with children; Children & teens; Pregnant & postpartum people,Yes,Reviewed against all 25 definitions; supporting excerpts are in the audit evidence.
res-pine-view-high-teen-center,Washington County School District high school Teen Centers,Students,Families with children; Children & teens; People experiencing homelessness; Students,Yes,School basic-needs access includes the documented housing-unstable student route; general financial circumstances do not create income eligibility.
res-planned-parenthood-utah-virtual-health-center,Planned Parenthood Association of Utah Virtual Health Center,Pregnant & postpartum people,,Yes,"Telehealth contraception/STI and reproductive-health services; pregnancy or minor access appears only as an item to ask about, not an established prenatal/postpartum or youth program."
res-possibilities-aba-st-george,Possibilities ABA St. George autism diagnosis and ABA therapy,Children & teens; People with disabilities,Families with children; Children & teens; Young adults; People with disabilities,Yes,"Age-limited pediatric/youth disability pathway explicitly extends to transition-age adults, rather than unrestricted adult treatment."
res-postpartum-support-international-online-utah-support,Postpartum Support International online and Utah perinatal mental-health support,Veterans & military families; Pregnant & postpartum people; Spanish-speaking people,Veterans & military families; Families with children; Pregnant & postpartum people; Men; Spanish-speaking people,Yes,Reviewed against all 25 definitions; supporting excerpts are in the audit evidence.
res-prevent-child-abuse-utah-parents-as-teachers-washington-county,Prevent Child Abuse Utah Parents as Teachers Washington County Pilot Project,Families with children; Children & teens; Pregnant & postpartum people,Families with children; Children & teens; Pregnant & postpartum people; Low-income households; Caregivers,Yes,Reviewed against all 25 definitions; supporting excerpts are in the audit evidence.
res-root-for-kids-early-head-start,Root for Kids Early Head Start,Families with children; Children & teens; Pregnant & postpartum people; Women; Spanish-speaking people,Families with children; Children & teens; Pregnant & postpartum people; Women; Men; Spanish-speaking people; Low-income households; Caregivers,Yes,Reviewed against all 25 definitions; supporting excerpts are in the audit evidence.
res-root-for-kids-early-intervention-baby-watch,Root for Kids Early Intervention / Baby Watch local provider,Children & teens; People with disabilities,Families with children; Children & teens; People with disabilities; Deaf & hard of hearing; Caregivers,Yes,Reviewed against all 25 definitions; supporting excerpts are in the audit evidence.
res-red-rock-center-independence-youth-disability-supports,"Red Rock Center for Independence independent living, disability supports, and limited activity transportation",Children & teens; People with disabilities; Blind & low vision,Seniors; Families with children; Children & teens; Young adults; People with disabilities; Blind & low vision,Yes,Reviewed against all 25 definitions; supporting excerpts are in the audit evidence.
res-rise-services-st-george-child-youth-disability-supports,"RISE Services St. George child, adult, and aging-adult disability supports",Families with children; Children & teens; People with disabilities; Caregivers,Seniors; Families with children; Children & teens; Young adults; People with disabilities; Caregivers,Yes,Reviewed against all 25 definitions; supporting excerpts are in the audit evidence.
res-ronald-mcdonald-house-mountain-west-slc,Ronald McDonald House Mountain West Salt Lake City lodging and Family Rooms,Families with children; Caregivers,Families with children; Children & teens; Caregivers,Yes,Reviewed against all 25 definitions; supporting excerpts are in the audit evidence.
res-saint-george-catholic-our-mothers-food-pantry,Saint George Catholic Church Our Mother's Food Pantry,,,No,Broad pantry eligibility; kid-friendly snacks alone do not establish a distinct population pathway.
res-share-families-southern-utah-pregnancy-infant-loss,Share Families of Southern Utah pregnancy and infant loss support,Pregnant & postpartum people,Families with children; Pregnant & postpartum people,Yes,Reviewed against all 25 definitions; supporting excerpts are in the audit evidence.
res-shriners-childrens-salt-lake-city-specialty-care,Shriners Children's Salt Lake City pediatric specialty care,Children & teens; People with disabilities,Families with children; Children & teens; People with disabilities,Yes,Reviewed against all 25 definitions; supporting excerpts are in the audit evidence.
res-sleep-in-heavenly-peace-st-george,Sleep in Heavenly Peace UT-St George free beds for children,Children & teens,Families with children; Children & teens,Yes,Reviewed against all 25 definitions; supporting excerpts are in the audit evidence.
res-suu-head-start-washington-county,Southern Utah University Head Start Preschool - Washington County centers,Families with children; Children & teens,Families with children; Children & teens; Low-income households; Caregivers; Students,Yes,"An enrolled preschool classroom program, consistent with district preschool; parent education alone would not establish Students."
res-sbhc-youth-smr,Southwest Behavioral Health Center Stabilization and Mobile Response for youth,People in recovery; Children & teens,People in recovery; Families with children; Children & teens; Uninsured & underinsured,Yes,Reviewed against all 25 definitions; supporting excerpts are in the audit evidence.
res-sbhc-children-family-outpatient,"Southwest Behavioral Health Center Washington County behavioral health, case management, Medicaid coordination, transportation help, and ID fee-waiver verification access",People in recovery; Children & teens,People in recovery; Families with children; Children & teens; People with disabilities; Low-income households; People with serious illness,Yes,Reviewed against all 25 definitions; supporting excerpts are in the audit evidence.
res-swuhealth-baby-your-baby,Baby Your Baby temporary prenatal Medicaid - Southwest Utah access,Pregnant & postpartum people; Women; Low-income households,Pregnant & postpartum people; Women; Low-income households,No,Reviewed against all 25 definitions; supporting excerpts are in the audit evidence.
res-swuhealth-breastfeeding-lactation,Southwest Utah Public Health Department lactation and WIC breastfeeding support,Families with children,Families with children; Children & teens; Pregnant & postpartum people; Women; Low-income households,Yes,Reviewed against all 25 definitions; supporting excerpts are in the audit evidence.
res-swuhealth-car-seat-program,Southwest Utah Public Health Department Car Seat Program and Safety Checks,,Families with children; Children & teens; Pregnant & postpartum people; Low-income households,Yes,Reviewed against all 25 definitions; supporting excerpts are in the audit evidence.
res-swuhealth-clinic-child-immunizations,Southwest Utah Public Health Department Washington County clinic and child immunizations,Children & teens; Uninsured & underinsured,Families with children; Children & teens; Pregnant & postpartum people; Uninsured & underinsured,Yes,Reviewed against all 25 definitions; supporting excerpts are in the audit evidence.
res-swuhealth-developmental-screening,Southwest Utah Public Health Department Developmental Screening,Children & teens; Spanish-speaking people,Families with children; Children & teens; Spanish-speaking people,Yes,Reviewed against all 25 definitions; supporting excerpts are in the audit evidence.
res-swuhealth-maternal-mental-health-screening,Southwest Utah Public Health Department Maternal Mental Health Screening,Families with children; Pregnant & postpartum people,Families with children; Pregnant & postpartum people,No,Reviewed against all 25 definitions; supporting excerpts are in the audit evidence.
res-swuhealth-wic-washington-county,Southwest Utah Public Health Department Washington County WIC,Families with children; Children & teens; Pregnant & postpartum people; People experiencing homelessness; Caregivers; Foster & kinship families,Families with children; Children & teens; Pregnant & postpartum people; Women; People experiencing homelessness; Low-income households; Caregivers; Foster & kinship families,Yes,Reviewed against all 25 definitions; supporting excerpts are in the audit evidence.
res-st-george-childrens-museum-museums-for-all,St. George Children's Museum Museums for All reduced admission,Families with children; Children & teens,Families with children; Children & teens; Low-income households,Yes,Reviewed against all 25 definitions; supporting excerpts are in the audit evidence.
res-stepping-stones-st-george-child-care,Stepping Stones St. George Child Care Center,Families with children; Spanish-speaking people,Families with children; Children & teens; Spanish-speaking people; Low-income households,Yes,Reviewed against all 25 definitions; supporting excerpts are in the audit evidence.
res-summit-behavior-services-st-george,Summit Behavior Services St. George autism and developmental-delay services,Families with children; Children & teens; People with disabilities,Families with children; Children & teens; People with disabilities; Caregivers,Yes,Reviewed against all 25 definitions; supporting excerpts are in the audit evidence.
res-switchpoint-diaper-assistance,Switchpoint Community Resource Center diaper assistance,Families with children; Spanish-speaking people,Families with children; Children & teens; Spanish-speaking people; Low-income households,Yes,Reviewed against all 25 definitions; supporting excerpts are in the audit evidence.
res-switchpoint-family-emergency-shelter,"Switchpoint Community Resource Center shelter, meals, case management, transportation assistance, mental-health support, coordinated entry, ID-recovery help, and veteran homeless-service linkage",Veterans & military families; People experiencing homelessness; Low-income households; Spanish-speaking people,Veterans & military families; Families with children; Children & teens; People experiencing homelessness; Low-income households; Spanish-speaking people,Yes,Official campus family housing and playground establish a child-family route; no guaranteed minor emergency bed is implied.
res-tans-treats-school-backpack-meals,Tan's Treats school-based backpack meals for children,Children & teens,Families with children; Children & teens; Students,Yes,Reviewed against all 25 definitions; supporting excerpts are in the audit evidence.
res-the-birth-sweet-midwifery-birth-center,The Birth Sweet midwifery and freestanding birth center,Pregnant & postpartum people; Spanish-speaking people,Families with children; Children & teens; Pregnant & postpartum people; Women; Spanish-speaking people,Yes,Routine newborn hearing screening is not itself a deaf/disability-specific service.
res-the-well-pregnancy-resource-center-st-george,The Well Pregnancy Resource Center St. George pregnancy support and material assistance,Families with children; Pregnant & postpartum people,Families with children; Children & teens; Pregnant & postpartum people; Men; Caregivers,Yes,Reviewed against all 25 definitions; supporting excerpts are in the audit evidence.
res-salvation-army-st-george-outpost-family-food-child-assistance,"The Salvation Army St. George Outpost food, fuel-voucher, transportation, and family assistance",,Families with children; Children & teens; Students,Yes,Reviewed against all 25 definitions; supporting excerpts are in the audit evidence.
res-turn-community-services-st-george-family-support-respite,"TURN Community Services St. George disability services, residential supports, educational day supports, supported employment, and embedded transportation",People with disabilities; Caregivers,People with disabilities; Caregivers,No,Adult eligibility is explicit. Do not infer youth ages from transition-service terminology while age limits remain unconfirmed.
res-united-way-washington-county-everyday-strong,United Way of Washington County EveryDay Strong,Families with children; Children & teens; Caregivers,Families with children; Children & teens; Caregivers,No,Reviewed against all 25 definitions; supporting excerpts are in the audit evidence.
res-utah-pregnancy-after-loss-program,University of Utah Health Utah Pregnancy After Loss Program,Pregnant & postpartum people,Families with children; Pregnant & postpartum people,Yes,Reviewed against all 25 definitions; supporting excerpts are in the audit evidence.
res-uofu-st-george-dental-clinic,University of Utah Health School of Dentistry St. George Dental Clinic,,Seniors; Families with children; Children & teens; People with disabilities; Blind & low vision,Yes,"The resource explicitly provides routing to the network's special-needs care; local availability remains qualified, rather than claiming all specialties are on site."
res-washington-county-childrens-justice-center,Washington County Children's Justice Center child forensic interview and victim advocacy,Families with children; Children & teens; Abuse & violence survivors,Families with children; Children & teens; Abuse & violence survivors; Caregivers,Yes,Reviewed against all 25 definitions; supporting excerpts are in the audit evidence.
res-utah-chip,Utah Children's Health Insurance Program (CHIP),Children & teens; Immigrants & refugees; Uninsured & underinsured,Families with children; Children & teens; Low-income households; Uninsured & underinsured,Yes,Checking immigration-status rules is not affirmative evidence of an immigrant-specific or documented immigrant-eligible route.
res-utah-dcfs-st-george-child-family-services,Utah DCFS St. George child and family services office,Families with children; Children & teens; Foster & kinship families,Families with children; Children & teens; Abuse & violence survivors; Caregivers; Foster & kinship families,Yes,Reviewed against all 25 definitions; supporting excerpts are in the audit evidence.
res-utah-dspd-intake-waiver-services,"Utah DSPD intake, waiting list, waiver services, and disability-related transportation",People with disabilities,People with disabilities,No,Reviewed against all 25 definitions; supporting excerpts are in the audit evidence.
res-utah-medicaid-pregnant-woman,Utah Medicaid Pregnant Woman Program,Pregnant & postpartum people; Women,Families with children; Children & teens; Pregnant & postpartum people; Women; Low-income households,Yes,Reviewed against all 25 definitions; supporting excerpts are in the audit evidence.
res-utah-cshcn-integrated-services-care-coordination,Utah CSHCN Integrated Services Program care coordination,Families with children; Children & teens,Families with children; Children & teens; Young adults; People with disabilities; Caregivers,Yes,Reviewed against all 25 definitions; supporting excerpts are in the audit evidence.
res-bright-by-text-utah,Bright by Text Utah / Lantern parenting text support,Families with children; Children & teens; Pregnant & postpartum people; Caregivers,Families with children; Pregnant & postpartum people; Caregivers,Yes,Parent/caregiver text guidance; the saved record does not establish direct minor participation or individual child-service navigation.
res-utah-newborn-safe-haven,Utah Newborn Safe Haven,Families with children,Families with children; Children & teens; Pregnant & postpartum people,Yes,"Narrow immediate post-birth relinquishment/crisis pathway, not adoption-from-foster-care support for prospective parents."
res-utah-newborn-screening-program,Utah Newborn Screening Program,Children & teens; Families with children,Families with children; Children & teens,No,Reviewed against all 25 definitions; supporting excerpts are in the audit evidence.
res-utah-mihp-maternal-mental-health,Utah Maternal and Infant Health Program maternal mental health resources and provider locator,Families with children; Pregnant & postpartum people,Families with children; Pregnant & postpartum people,No,Reviewed against all 25 definitions; supporting excerpts are in the audit evidence.
res-utah-medicaid-doula-services,Utah Medicaid doula services benefit,Pregnant & postpartum people,Pregnant & postpartum people; Low-income households,Yes,Reviewed against all 25 definitions; supporting excerpts are in the audit evidence.
res-utah-cshcn-chap-hearing-aids,Utah Children’s Hearing Aid Program (CHAP),Families with children; Children & teens; Deaf & hard of hearing; Uninsured & underinsured; People with disabilities,Families with children; Children & teens; People with disabilities; Deaf & hard of hearing; Low-income households; Uninsured & underinsured,Yes,Reviewed against all 25 definitions; supporting excerpts are in the audit evidence.
res-utah-ehdi-newborn-hearing-followup,Utah Early Hearing Detection and Intervention (EHDI) newborn hearing follow-up,Families with children; Children & teens; Deaf & hard of hearing; People with disabilities,Families with children; Children & teens; People with disabilities; Deaf & hard of hearing; Caregivers,Yes,Reviewed against all 25 definitions; supporting excerpts are in the audit evidence.
res-utah-cshcn-fostering-healthy-children,Utah Fostering Healthy Children Program,Children & teens; Foster & kinship families,Families with children; Children & teens; Caregivers; Foster & kinship families,Yes,Reviewed against all 25 definitions; supporting excerpts are in the audit evidence.
res-utah-dws-eligibility-services-st-george,Utah Department of Workforce Services Eligibility Services - St. George/myCase benefits access,Seniors; Families with children; People with disabilities; Immigrants & refugees,Seniors; Families with children; Children & teens; People with disabilities; Low-income households,Yes,General immigration documentation/rule warnings do not establish an immigrant-specific route. Keep the explicit older/disability/family benefit pathways.
res-utah-dws-family-employment-program,Utah DWS Family Employment Program (FEP) cash assistance and employment counseling,Families with children; Children & teens; Immigrants & refugees,Families with children; Children & teens; Abuse & violence survivors; Low-income households,Yes,Citizenship/immigration rules alone do not establish immigrant eligibility or dedicated support.
res-utah-dws-fep-child-care,Utah DWS Family Employment Program Child Care (FEP-CC),Families with children,Families with children; Children & teens; Low-income households,Yes,Reviewed against all 25 definitions; supporting excerpts are in the audit evidence.
res-utah-snap,Utah Supplemental Nutrition Assistance Program (SNAP) and St. George DWS access,Seniors; People with disabilities; Students,Seniors; People with disabilities; Low-income households; Students,Yes,Reviewed against all 25 definitions; supporting excerpts are in the audit evidence.
res-utah-dws-child-care-assistance,Utah DWS Child Care Assistance Program with Care About Childcare - Five County navigation,Families with children,Families with children; Children & teens; Immigrants & refugees; Low-income households,Yes,Reviewed against all 25 definitions; supporting excerpts are in the audit evidence.
res-utah-doula-association-grants,Utah Doula Association birth and postpartum doula grants,Pregnant & postpartum people,Families with children; Pregnant & postpartum people; Low-income households,Yes,Reviewed against all 25 definitions; supporting excerpts are in the audit evidence.
res-utah-down-syndrome-foundation-new-parent,Utah Down Syndrome Foundation Down syndrome family support and Southern Utah events,Families with children; Pregnant & postpartum people,Families with children; Children & teens; Pregnant & postpartum people; People with disabilities; Caregivers,Yes,Reviewed against all 25 definitions; supporting excerpts are in the audit evidence.
res-utah-food-bank-southern-child-family-food-diaper,Utah Food Bank Southern Distribution Center and local pantry/mobile food access,Families with children,Seniors; Families with children; Children & teens; People with disabilities; Students,Yes,Reviewed against all 25 definitions; supporting excerpts are in the audit evidence.
res-utah-foster-care-southwest-region,Utah Foster Care St. George / Southwest Region foster family support and Wishing Well Fund,Families with children; Foster & kinship families,Families with children; Children & teens; Caregivers; Foster & kinship families,Yes,Reviewed against all 25 definitions; supporting excerpts are in the audit evidence.
res-utah-legal-services-st-george-family-benefits,Utah Legal Services St. George civil legal aid and limited immigration citizenship help,Immigrants & refugees; Low-income households,People with disabilities; Immigrants & refugees; Abuse & violence survivors; People leaving incarceration; Low-income households,Yes,Reviewed against all 25 definitions; supporting excerpts are in the audit evidence.
res-utah-medicaid-dyadic-services,Utah Medicaid Dyadic Services,Caregivers,Families with children; Children & teens; Low-income households; Caregivers,Yes,Reviewed against all 25 definitions; supporting excerpts are in the audit evidence.
res-utah-medicaid-epsdt,"Utah Medicaid Early and Periodic Screening, Diagnostic and Treatment (EPSDT)",People with disabilities,Families with children; Children & teens; Young adults; People with disabilities; Low-income households,Yes,Reviewed against all 25 definitions; supporting excerpts are in the audit evidence.
res-utah-medicaid-hospital-presumptive-eligibility,Utah Medicaid Hospital Presumptive Eligibility for pregnant women and children,Children & teens; Pregnant & postpartum people; Women; Low-income households; Foster & kinship families,Families with children; Children & teens; Pregnant & postpartum people; Women; Low-income households; Caregivers; Foster & kinship families,Yes,Reviewed against all 25 definitions; supporting excerpts are in the audit evidence.
res-utah-medicaid-medically-complex-childrens-waiver,Utah Medicaid Medically Complex Children's Waiver,Children & teens; People with disabilities; Low-income households; Caregivers,Families with children; Children & teens; People with disabilities; Caregivers; People with serious illness,Yes,"Financial review explicitly uses the child's income/assets, not household income; the program is not a low-income-household restriction."
res-utah-gal-casa-fifth-district,Utah Office of Guardian ad Litem and CASA - Fifth Judicial District child advocacy,Children & teens,Families with children; Children & teens; Abuse & violence survivors,Yes,Reviewed against all 25 definitions; supporting excerpts are in the audit evidence.
res-utah-ors-child-support-services,Utah Office of Recovery Services Child Support Services - St. George office,Families with children; Caregivers,Families with children; Children & teens; Abuse & violence survivors; Caregivers,Yes,Reviewed against all 25 definitions; supporting excerpts are in the audit evidence.
res-utah-parent-center-family-to-family-washington-county,Utah Parent Center Family to Family Network - Washington County,Families with children; Children & teens; Young adults; People with disabilities,Families with children; Children & teens; Young adults; People with disabilities; Caregivers,Yes,Reviewed against all 25 definitions; supporting excerpts are in the audit evidence.
res-usdb-parent-infant-program-southern-utah,Utah Schools for the Deaf and the Blind Parent Infant Program - Southern Utah access,Children & teens; Deaf & hard of hearing; Blind & low vision; People with disabilities,Families with children; Children & teens; People with disabilities; Deaf & hard of hearing; Blind & low vision; Caregivers,Yes,Reviewed against all 25 definitions; supporting excerpts are in the audit evidence.
res-usu-divorce-parenting-classes,Utah State University Extension Divorce Orientation and Parent Education online courses,Families with children; Children & teens; Spanish-speaking people,Families with children; People with disabilities; Deaf & hard of hearing; Spanish-speaking people; Caregivers,Yes,"The courses are for adult parents, not children; closed captions and Spanish are documented. No income rule is established merely by mentioning a court waiver."
res-usu-extension-create-better-health,USU Extension Create Better Health nutrition education - Washington County access,Spanish-speaking people,Spanish-speaking people; Low-income households,Yes,Reviewed against all 25 definitions; supporting excerpts are in the audit evidence.
res-utah-tech-student-resource-center-student-parents,"Utah Tech University Student Resource Center student support, basic-needs, advocacy, and student legal clinic",Students,Families with children; Children & teens; Pregnant & postpartum people; Women; People with disabilities; Low-income households; Students,Yes,"Distinct SRC routes include student-parent childcare funding, nursing-mother room access, intellectual-disability transition support and SNAP/WIC application navigation. Group combinations remain subject to each subprogram eligibility."
res-utah-tech-dental-hygiene-mobile-clinic,Utah Tech Dental Hygiene Mobile Van Clinic,Children & teens; Uninsured & underinsured,Families with children; Children & teens; Uninsured & underinsured; Students,Yes,Reviewed against all 25 definitions; supporting excerpts are in the audit evidence.
res-utah-tech-public-dental-hygiene-clinic,Utah Tech Public Dental Hygiene Clinic,,Families with children; Children & teens,Yes,"Teaching-clinic students are providers, not the patient eligibility group. Low prices alone do not establish income targeting."
res-utah-youth-village-families-first,Utah Youth Village Families First in-home parenting intervention,Families with children; Children & teens; Low-income households,Families with children; Children & teens; People leaving incarceration; Low-income households; Caregivers,Yes,Reviewed against all 25 definitions; supporting excerpts are in the audit evidence.
res-washington-county-library-early-literacy,"Washington County Library 1,000 Books Before Kindergarten and St. George story times",Families with children; Children & teens,Families with children; Children & teens,No,Reviewed against all 25 definitions; supporting excerpts are in the audit evidence.
res-wcsd-at-risk-mckinney-vento,Washington County School District At-Risk Support Services / McKinney-Vento student supports and school transportation,Children & teens; People experiencing homelessness,Families with children; Children & teens; People experiencing homelessness; Students,Yes,Migratory children may move within the US; do not infer immigration status.
res-wcsd-child-find-special-education-preschool,Washington County School District Child Find and Early Childhood Special Education Preschool,Children & teens; People with disabilities,Families with children; Children & teens; Young adults; People with disabilities; Deaf & hard of hearing; Blind & low vision; Students,Yes,Reviewed against all 25 definitions; supporting excerpts are in the audit evidence.
res-wcsd-child-nutrition-school-meals,Washington County School District Child Nutrition school meals and summer lunch,Students,Families with children; Children & teens; People with disabilities; Low-income households; Students,Yes,Reviewed against all 25 definitions; supporting excerpts are in the audit evidence.
res-wcsd-district-preschool,Washington County School District District Preschool,Children & teens,Families with children; Children & teens; Students,Yes,Reviewed against all 25 definitions; supporting excerpts are in the audit evidence.
res-wcsd-title-i-family-centers,Washington County School District Title I Family Centers,Families with children; Children & teens,Families with children; Children & teens; Caregivers; Students,Yes,Reviewed against all 25 definitions; supporting excerpts are in the audit evidence.
res-waterford-upstart-washington-county,Waterford Upstart Washington County at-home kindergarten-readiness program and technology support,Families with children; Children & teens,Families with children; Children & teens; Caregivers,Yes,Reviewed against all 25 definitions; supporting excerpts are in the audit evidence.
res-youth-futures-st-george-youth-shelter-drop-in,"Youth Futures St. George emergency youth shelter, drop-in services, computer access, and transportation support",Children & teens; People experiencing homelessness,Families with children; Children & teens; People experiencing homelessness,Yes,Reviewed against all 25 definitions; supporting excerpts are in the audit evidence.
res-red-cross-utah-disaster-assistance,American Red Cross of Utah home-fire and disaster immediate assistance and recovery support,,,No,Disaster-triggered assistance; no specific catalog population or actual displacement requirement is established.
res-chabad-southern-utah-emergency-fund,Chabad Jewish Community Center of Southern Utah Short Term Emergency Fund,,,No,Case-by-case emergency aid; no child-specific or income-based eligibility is established.
res-deseret-industries-st-george-bishops-orders,Deseret Industries St. George bishop-approved clothing and household orders,,,No,Approved needs-based order or public thrift shopping; no catalog population restriction or explicit income threshold is established.
res-five-county-cap-rapid-rehousing-toolkits,"Five County AOG Community Action Partnership coordinated entry, rapid rehousing, diversion, utility deposits, and housing assistance",Veterans & military families; People experiencing homelessness; Low-income households,People experiencing homelessness; Low-income households,Yes,"Veterans may use the general pathway, but the record only advises asking about separately administered VA programs; no dedicated veteran service is established here."
res-five-county-aog-weatherization-assistance,Five County AOG Weatherization Assistance Program,Low-income households,Immigrants & refugees; Low-income households,Yes,Reviewed against all 25 definitions; supporting excerpts are in the audit evidence.
res-futures-through-training-farmworker-basic-needs,"Futures Through Training Utah Farmworker Program employment, training, and basic-needs support",,Low-income households,Yes,Farmworker status does not establish immigrant status; income is part of program screening.
res-holding-out-help-southern-utah-basic-needs,"Holding Out HELP Southern Utah transition, housing-resource, therapy, and basic-needs support",,,No,"The specific population is people leaving polygamous/high-control communities. None of the 25 labels follows solely from that background; no explicit survivor, child or income criteria appear."
res-intermountain-stgeorge-patient-supplies,"Intermountain Health St. George Regional Hospital patient clothing, blankets, and hygiene supplies",,Families with children; Children & teens,Yes,Reviewed against all 25 definitions; supporting excerpts are in the audit evidence.
res-manos-amigas-utah-emergency-basic-needs,Manos Amigas Utah Southern Utah immigrant detention/deportation support and emergency aid,Immigrants & refugees; Spanish-speaking people,Immigrants & refugees; Spanish-speaking people; Families with children; Children & teens,Yes,Reviewed against all 25 definitions; supporting excerpts are in the audit evidence.
res-momivate-st-george-revolving-closet,Momivate St. George Revolving Closet,Families with children; Children & teens; Pregnant & postpartum people,Families with children; Children & teens; Pregnant & postpartum people,No,Reviewed against all 25 definitions; supporting excerpts are in the audit evidence.
res-root-for-kids-warm-coats-new-shoes-giveaway-day,Root for Kids Warm Coats + New Shoes Giveaway Day,Families with children,Families with children; Children & teens,Yes,"Child-family event is identified, but next date and enrollment restrictions remain unconfirmed."
res-saint-george-catholic-thrift-store-vouchers,Saint George Catholic Church Thrift Store vouchers,,,No,Need-based vouchers without a documented income rule; no specific population established.
res-switchpoint-thrift-store-affordable-goods,Switchpoint Thrift Store affordable clothing and household goods,,,No,"Reviewed against all 25 definitions: the saved record supports broad public/adult access, without an established population-specific service or accommodation."
res-switchpoint-welcome-home-move-in-kits,Switchpoint Welcome Home move-in household kits,People experiencing homelessness,People experiencing homelessness,No,Reviewed against all 25 definitions; supporting excerpts are in the audit evidence.
res-american-legion-tfa-children-basic-needs,American Legion Temporary Financial Assistance for children's basic needs - Post 90 access,Veterans & military families; Children & teens,Veterans & military families; Children & teens; Families with children,Yes,Reviewed against all 25 definitions; supporting excerpts are in the audit evidence.
res-christmas-box-resource-room-st-george,The Christmas Box International St. George Christmas Box Resource Room,Children & teens; Young adults; People experiencing homelessness; Foster & kinship families,Children & teens; Young adults; People experiencing homelessness; Foster & kinship families; Families with children,Yes,Reviewed against all 25 definitions; supporting excerpts are in the audit evidence.
res-lds-bishops-storehouse-st-george-basic-goods,The Church of Jesus Christ bishop-referred fast-offering and storehouse assistance,,,No,Discretionary essential-needs assistance; no explicit income restriction or specific population in this record.
res-salvation-army-mobile-outreach-washington-county,The Salvation Army Mobile Outreach and Engagement Program - Washington County,People experiencing homelessness,People experiencing homelessness,No,Reviewed against all 25 definitions; supporting excerpts are in the audit evidence.
res-utah-dws-st-george-work-clothing-supportive-services,"Utah DWS St. George career, education, and supportive services",Young adults; Foster & kinship families,Young adults; Foster & kinship families; Families with children; Children & teens; Veterans & military families; Low-income households,Yes,Reviewed against all 25 definitions; supporting excerpts are in the audit evidence.
res-uovc-crime-victim-compensation-property-relocation,Utah Office for Victims of Crime victim compensation for crime-related expenses,Abuse & violence survivors,Abuse & violence survivors,No,Reviewed against all 25 definitions; supporting excerpts are in the audit evidence.
res-shop-with-a-cop-washington-county-hurricane,Shop with a Cop Washington County / Hurricane seasonal child clothing and school-supply events,Children & teens,Children & teens; Families with children; Students,Yes,School-age children and student nomination pathway are explicit; no published means test.
res-usor-vr-st-george-employment-supports,"Utah State Office of Rehabilitation Vocational Rehabilitation - St. George employment, training, restoration, and transportation supports",People with disabilities,People with disabilities,No,Reviewed against all 25 definitions; supporting excerpts are in the audit evidence.
res-utah-tech-career-services-career-closet,Utah Tech University Career Services Career Closet,Students,Students,No,Reviewed against all 25 definitions; supporting excerpts are in the audit evidence.
res-abby-lou-foundation-disability-support,"Abby Lou Foundation disability advocacy, legal support, grants, and gap loans",Children & teens; People with disabilities,Children & teens; People with disabilities; Families with children,Yes,Reviewed against all 25 definitions; supporting excerpts are in the audit evidence.
res-abby-lou-services-dspd,Abby Lou Services DSPD-funded host homes and community-based day program,People with disabilities,People with disabilities,No,Reviewed against all 25 definitions; supporting excerpts are in the audit evidence.
res-ability-found-equipment-placement,Ability Found Equipment Placement Program,,People with disabilities,Yes,Reviewed against all 25 definitions; supporting excerpts are in the audit evidence.
res-able-utah-savings-accounts,ABLE Utah Savings Accounts,People with disabilities,People with disabilities,No,Reviewed against all 25 definitions; supporting excerpts are in the audit evidence.
res-acumen-utah-dspd-fiscal-agent,Acumen Fiscal Agent Utah DSPD Self-Administered Services fiscal agent,,People with disabilities,Yes,DSPD participant administration; not a general caregiver agency.
res-adelfos-dspd-support-coordination,Adelfos DSPD support coordination,,People with disabilities,Yes,Reviewed against all 25 definitions; supporting excerpts are in the audit evidence.
res-als-united-rocky-mountain-care-services,ALS United Rocky Mountain care services for people with ALS,Caregivers,Caregivers; People with disabilities; People with serious illness,Yes,Reviewed against all 25 definitions; supporting excerpts are in the audit evidence.
res-alzheimers-association-utah-dementia-support,"Alzheimer's Association Utah Chapter dementia helpline, education, and caregiver support",Caregivers; People with serious illness,Caregivers; People with serious illness; People with disabilities,Yes,Dementia support does not establish an age restriction.
res-angels-hands-foundation-medical-equipment-assistance,Angel's Hands Foundation medical and adaptive-equipment assistance for rare or undiagnosed conditions,,Families with children; Children & teens; People with disabilities; Caregivers; People with serious illness,Yes,Reviewed against all 25 definitions; supporting excerpts are in the audit evidence.
res-autism-therapy-services-st-george,Autism Therapy Services St. George ABA and autism evaluation services,People with disabilities,People with disabilities,No,"Family-facing autism route, but child age range is explicitly unconfirmed."
res-barnes-disability-advocates-st-george,"Barnes Disability Advocates St. George SSI, SSDI, and long-term disability representation",People with disabilities,People with disabilities,No,Reviewed against all 25 definitions; supporting excerpts are in the audit evidence.
res-beehive-homes-st-george-waiver-care,"BeeHive Homes of St. George assisted living, memory care, respite, and waiver access",Seniors; Caregivers; People with serious illness,Seniors; Caregivers; People with serious illness; People with disabilities,Yes,Reviewed against all 25 definitions; supporting excerpts are in the audit evidence.
res-best-buddies-ebuddies,Best Buddies e-Buddies online friendship program,People with disabilities,People with disabilities,No,Reviewed against all 25 definitions; supporting excerpts are in the audit evidence.
res-brain-injury-alliance-utah-resource-facilitation,Brain Injury Alliance of Utah resource facilitation and brain-injury support,People with disabilities; Caregivers,People with disabilities; Caregivers; People with serious illness,Yes,Reviewed against all 25 definitions; supporting excerpts are in the audit evidence.
res-carelinks-aba-st-george,Carelinks ABA in-home autism therapy - St. George,Children & teens; Young adults; People with disabilities,Children & teens; Young adults; People with disabilities; Families with children; Caregivers,Yes,Reviewed against all 25 definitions; supporting excerpts are in the audit evidence.
res-children-first-csos,Children First Education Fund Carson Smith Opportunity Scholarship,Children & teens; People with disabilities; Students,Children & teens; People with disabilities; Students; Families with children,Yes,Reviewed against all 25 definitions; supporting excerpts are in the audit evidence.
res-children-of-hope-academy,Children of Hope Academy special-needs school and parent support,Families with children; Children & teens; Students,Families with children; Children & teens; Students; People with disabilities; Caregivers,Yes,Reviewed against all 25 definitions; supporting excerpts are in the audit evidence.
res-suntran-ada-paratransit,"City of St. George SunTran fixed-route bus, Zion Route, and ADA paratransit",Seniors; People with disabilities,Seniors; People with disabilities,No,Reviewed against all 25 definitions; supporting excerpts are in the audit evidence.
res-st-george-care-club,City of St. George The CARE Club adaptive recreation,People with disabilities,People with disabilities; Families with children; Children & teens,Yes,Reviewed against all 25 definitions; supporting excerpts are in the audit evidence.
res-thunder-junction-all-abilities-park,Thunder Junction All Abilities Park and Awareness Days,People with disabilities; Caregivers,People with disabilities; Caregivers; Families with children; Children & teens,Yes,Reviewed against all 25 definitions; supporting excerpts are in the audit evidence.
res-creativity-patience-speech-aac,Creativity and Patience Center speech therapy and AAC support,Children & teens,Children & teens; Families with children; People with disabilities,Yes,Reviewed against all 25 definitions; supporting excerpts are in the audit evidence.
res-crimson-heights-st-george-disability-behavioral-supports,"Crimson Heights Behavioral Health St. George day treatment, outpatient, autism, and adult skills supports",People with disabilities,People with disabilities; Families with children; Children & teens,Yes,Reviewed against all 25 definitions; supporting excerpts are in the audit evidence.
res-danville-services-utah-st-george,"Danville Services of Utah St. George disability residential, employment, and community supports",People with disabilities,People with disabilities,No,Reviewed against all 25 definitions; supporting excerpts are in the audit evidence.
res-dental-lifeline-utah-dds,Dental Lifeline Network Utah Donated Dental Services,Seniors; People with disabilities; Low-income households,Seniors; People with disabilities; Low-income households,No,Reviewed against all 25 definitions; supporting excerpts are in the audit evidence.
res-deseret-industries-st-george-job-training,Deseret Industries St. George job training and development program,,Families with children; Children & teens,Yes,Minors explicitly eligible; possible fit after jail does not establish a dedicated justice pathway.
res-easterseals-goodwill-scsep-st-george,Easterseals-Goodwill Northern Rocky Mountain SCSEP - St. George,Veterans & military families; Seniors; People with disabilities; People experiencing homelessness; Low-income households,Veterans & military families; Seniors; People with disabilities; People experiencing homelessness; Low-income households; People leaving incarceration,Yes,Reviewed against all 25 definitions; supporting excerpts are in the audit evidence.
res-encore-performing-arts-accessible-performances,Encore Performing Arts sensory-friendly and ASL-interpreted performances,People with disabilities; Deaf & hard of hearing,People with disabilities; Deaf & hard of hearing; Families with children; Children & teens,Yes,Reviewed against all 25 definitions; supporting excerpts are in the audit evidence.
res-family-matters-services-utah-dspd-in-home-supports,Family Matters Services DSPD-contracted in-home disability supports,Seniors; People with disabilities,Seniors; People with disabilities; Families with children; Children & teens,Yes,Reviewed against all 25 definitions; supporting excerpts are in the audit evidence.
res-five-county-aaa-benefits-access-ship-smp,"Five County Area Agency on Aging Benefits Access, SHIP, and SMP",Seniors; People with disabilities; Caregivers,Seniors; People with disabilities; Caregivers; Low-income households,Yes,Reviewed against all 25 definitions; supporting excerpts are in the audit evidence.
res-five-county-aaa-caregiver-support,Five County Area Agency on Aging National Family Caregiver Support Program,Seniors; Children & teens; People with disabilities; Caregivers; People with serious illness,Seniors; Children & teens; People with disabilities; Caregivers; People with serious illness; Families with children,Yes,Reviewed against all 25 definitions; supporting excerpts are in the audit evidence.
res-five-county-aaa-in-home-services-aging-waiver,"Five County Area Agency on Aging in-home services, Aging Waiver, Alternatives, Veteran Directed Care, and plan-authorized transportation",Veterans & military families; Seniors; Caregivers,Veterans & military families; Seniors; Caregivers; People with disabilities; Low-income households,Yes,Reviewed against all 25 definitions; supporting excerpts are in the audit evidence.
res-five-county-aaa-long-term-care-ombudsman,Five County Area Agency on Aging Long-Term Care Ombudsman Program,,Abuse & violence survivors,Yes,Facility-resident rights route includes abuse complaints; residence alone does not establish senior age or disability.
res-gcs-foundation-social-security-payee-services,GCS Foundation Social Security representative payee services,People with disabilities,People with disabilities,No,Reviewed against all 25 definitions; supporting excerpts are in the audit evidence.
res-guardianship-associates-utah-guardianship-training,Guardianship Associates of Utah guardianship and pro se training,People with disabilities,People with disabilities; Caregivers,Yes,Reviewed against all 25 definitions; supporting excerpts are in the audit evidence.
res-habitat-southwest-utah-home-preservation,Habitat for Humanity of Southwest Utah Home Preservation repair program,People with disabilities,People with disabilities; Seniors; Low-income households,Yes,Reviewed against all 25 definitions; supporting excerpts are in the audit evidence.
res-hurricane-recreation-adaptive-programs,Hurricane Recreation adaptive sports and Kids Club,Children & teens; People with disabilities,Children & teens; People with disabilities; Families with children,Yes,Reviewed against all 25 definitions; supporting excerpts are in the audit evidence.
res-icanconnect-utah-deafblind-equipment,iCanConnect Utah deafblind communication equipment program,People with disabilities; Deaf & hard of hearing; Blind & low vision; Low-income households,People with disabilities; Deaf & hard of hearing; Blind & low vision; Low-income households,No,Reviewed against all 25 definitions; supporting excerpts are in the audit evidence.
res-innovative-harbor-st-george-disability-supports,Innovative Harbor St. George disability support services,People with disabilities,People with disabilities,No,Reviewed against all 25 definitions; supporting excerpts are in the audit evidence.
res-intermountain-stgeorge-neuro-stroke-support-group,Intermountain Health St. George Neuro / Stroke Recovery Support Group,Caregivers,Caregivers; People with disabilities; People with serious illness,Yes,Reviewed against all 25 definitions; supporting excerpts are in the audit evidence.
res-intermountain-stgeorge-inpatient-rehabilitation,Intermountain Health St. George Regional Hospital Inpatient Rehabilitation Unit and RAMMP peer mentorship,People with disabilities,People with disabilities; People with serious illness,Yes,Reviewed against all 25 definitions; supporting excerpts are in the audit evidence.
res-jeanettas-job-coaching-crp,Jeanetta's Job Coaching USOR-approved Community Rehabilitation Program,,People with disabilities,Yes,Reviewed against all 25 definitions; supporting excerpts are in the audit evidence.
res-camp-k-disability-recreation-respite,"Kostopulos Dream Foundation Camp K disability recreation, camps, and respite",Children & teens; People with disabilities; Caregivers,Children & teens; People with disabilities; Caregivers; Families with children,Yes,Reviewed against all 25 definitions; supporting excerpts are in the audit evidence.
res-loving-angel-service-dogs,Loving Angel Service Dogs public-access service dog training and placement,People with disabilities,People with disabilities; People with serious illness,Yes,Reviewed against all 25 definitions; supporting excerpts are in the audit evidence.
res-utah-medicaid-nemt-modivcare,"Utah Medicaid Non-Emergency Medical Transportation, Modivcare rides, and mileage reimbursement",,Low-income households,Yes,A Medicaid benefit route; mobility evaluation should be confirmed and is not a separate disability eligibility statement.
res-nacd-st-george-evaluations,National Association for Child Development St. George evaluations and home program coaching,Children & teens,Children & teens; Families with children; People with disabilities; Caregivers,Yes,Reviewed against all 25 definitions; supporting excerpts are in the audit evidence.
res-nfb-utah-red-rocks-chapter,National Federation of the Blind of Utah Red Rocks Chapter,Children & teens; Blind & low vision; People with disabilities,Children & teens; Blind & low vision; People with disabilities; Families with children; Seniors,Yes,Reviewed against all 25 definitions; supporting excerpts are in the audit evidence.
res-national-ms-society-ms-navigator,National MS Society MS Navigator support,People with serious illness,People with serious illness; People with disabilities; Caregivers,Yes,Reviewed against all 25 definitions; supporting excerpts are in the audit evidence.
res-federal-access-pass-permanent-disability,America the Beautiful Access Pass for permanent disabilities,People with disabilities,People with disabilities; Families with children; Children & teens,Yes,Reviewed against all 25 definitions; supporting excerpts are in the audit evidence.
res-north-eastern-services-st-george,North Eastern Services Utah St. George developmental-disability supports,People with disabilities,People with disabilities,No,Reviewed against all 25 definitions; supporting excerpts are in the audit evidence.
res-olive-osmond-hearing-fund-here2hear,Olive Osmond Hearing Fund Here 2 Hear hearing aid assistance,Deaf & hard of hearing; People with disabilities,Deaf & hard of hearing; People with disabilities; Low-income households,Yes,Reviewed against all 25 definitions; supporting excerpts are in the audit evidence.
res-oppo-allies-supported-employment,OPPO / ALLIES Supported Employment - Washington County CRP coverage,People with disabilities,People with disabilities,No,Reviewed against all 25 definitions; supporting excerpts are in the audit evidence.
res-red-rock-pediatric-therapies,"Red Rock Pediatric Therapies pediatric speech, occupational, feeding, and AAC therapy",Children & teens,Children & teens; Families with children; People with disabilities,Yes,Reviewed against all 25 definitions; supporting excerpts are in the audit evidence.
res-redhead-supports-dspd-disability-services,Redhead Supports DSPD-funded disability services with enrolled-program transportation,Families with children; Children & teens; People with disabilities; Caregivers,Families with children; Children & teens; People with disabilities; Caregivers,No,Reviewed against all 25 definitions; supporting excerpts are in the audit evidence.
res-relay-utah-telecommunications-equipment,Relay Utah Telecommunications Equipment Distribution Program,Low-income households,Low-income households; People with disabilities; Deaf & hard of hearing; Blind & low vision,Yes,Reviewed against all 25 definitions; supporting excerpts are in the audit evidence.
res-sego-lily-abused-deaf-st-george-support,"Sego Lily Center for the Abused Deaf St. George support, advocacy, and legal-resource navigation",Deaf & hard of hearing; Abuse & violence survivors; People with disabilities,Deaf & hard of hearing; Abuse & violence survivors; People with disabilities; Blind & low vision,Yes,Reviewed against all 25 definitions; supporting excerpts are in the audit evidence.
res-sertoma-hearing-aid-project,Sertoma Hearing Aid Project,,People with disabilities; Deaf & hard of hearing; Low-income households; Uninsured & underinsured,Yes,Reviewed against all 25 definitions; supporting excerpts are in the audit evidence.
res-social-security-disability-benefits-st-george-access,"Social Security benefits, retirement, SSI, Medicare, Extra Help, appeals, and Saint George office access",Seniors; People with disabilities; Blind & low vision; People experiencing homelessness,Seniors; People with disabilities; Blind & low vision; People experiencing homelessness; Low-income households; People with serious illness,Yes,Reviewed against all 25 definitions; supporting excerpts are in the audit evidence.
res-southern-utah-adaptive-sports,Southern Utah Adaptive Sports adaptive golf and cycling,Veterans & military families; People with disabilities,Veterans & military families; People with disabilities; Families with children; Children & teens,Yes,Reviewed against all 25 definitions; supporting excerpts are in the audit evidence.
res-southwest-adaptive-divers,Southwest Adaptive Divers adaptive scuba training and scholarships,People with disabilities; Deaf & hard of hearing,People with disabilities; Deaf & hard of hearing; Blind & low vision; People with serious illness,Yes,Reviewed against all 25 definitions; supporting excerpts are in the audit evidence.
res-sbhc-elev8-clubhouse-adult-skills-supported-employment,"Southwest Behavioral Health Center Elev8 Clubhouse, adult skills, education support, and supported employment",,People with disabilities; People with serious illness,Yes,Mental-health recovery is not substance-use recovery.
res-special-olympics-utah-south-area-athlete-participation,Special Olympics Utah South Area athlete participation and team matching,Children & teens; People with disabilities,Children & teens; People with disabilities; Families with children,Yes,Reviewed against all 25 definitions; supporting excerpts are in the audit evidence.
res-st-george-housing-authority-section-8-public-housing,"St. George Housing Authority housing, rental-assistance inquiry, and homeless document-verification access",Veterans & military families; Seniors; People experiencing homelessness; Low-income households,Veterans & military families; Seniors; People experiencing homelessness; Low-income households; Abuse & violence survivors,Yes,Reviewed against all 25 definitions; supporting excerpts are in the audit evidence.
res-sunrise-oasis-academy-reading-dyslexia-microschool,Sunrise Oasis Academy of Reading dyslexia microschool,Children & teens,Children & teens; Families with children; People with disabilities; Students,Yes,Reviewed against all 25 definitions; supporting excerpts are in the audit evidence.
res-techieforlife-neurodev-mentoring-st-george,TechieForLife / NeuroDev Mentoring Belong to Become program,Young adults; People with disabilities,Young adults; People with disabilities; Students,Yes,Reviewed against all 25 definitions; supporting excerpts are in the audit evidence.
res-tender-mercies-disability-grants,Tender Mercies disability grants and assistance,Families with children; Children & teens; People with disabilities,Families with children; Children & teens; People with disabilities; Caregivers,Yes,Reviewed against all 25 definitions; supporting excerpts are in the audit evidence.
res-abilityis-work-activity-center-pooled-trust,AbilityIS Work Activity Center Pooled Trust,People with disabilities,People with disabilities,No,Reviewed against all 25 definitions; supporting excerpts are in the audit evidence.
res-turn-utah-pooled-trust,TURN Community Services Utah Pooled Trust,People with disabilities,People with disabilities,No,Reviewed against all 25 definitions; supporting excerpts are in the audit evidence.
res-usda-section-504-home-repair-loans-grants-utah,USDA Section 504 Home Repair Loans and Grants - Utah rural access,Seniors; Low-income households,Seniors; Low-income households; People with disabilities,Yes,"Explicit accessibility-repair support, with rural and financial eligibility still required."
res-va-disability-housing-hisa-sah-sha-grants,VA adapted-housing and HISA home-modification grants,Veterans & military families; People with disabilities; Blind & low vision,Veterans & military families; People with disabilities; Blind & low vision,No,Reviewed against all 25 definitions; supporting excerpts are in the audit evidence.
res-va-salt-lake-caregiver-support-st-george,VA Salt Lake City Caregiver Support Program - St. George VA Clinic access,Veterans & military families; Caregivers,Veterans & military families; Caregivers,No,Reviewed against all 25 definitions; supporting excerpts are in the audit evidence.
res-unique-support-coordination-dspd,Unique Support Coordination DSPD support coordination,People with disabilities,People with disabilities,No,Reviewed against all 25 definitions; supporting excerpts are in the audit evidence.
res-uofu-driving-rehabilitation-sugar-house,University of Utah Health Driving Rehabilitation Program at Sugar House,People with disabilities,People with disabilities; Blind & low vision; People with serious illness,Yes,Reviewed against all 25 definitions; supporting excerpts are in the audit evidence.
res-uofu-trails-adaptive-sci-support,University of Utah Health TRAILS adaptive recreation and spinal cord injury support,People with disabilities,People with disabilities; People with serious illness,Yes,Reviewed against all 25 definitions; supporting excerpts are in the audit evidence.
res-uofu-st-george-mda-neurology-clinic,University of Utah Health St. George / Ivins MDA neuromuscular clinic,People with serious illness,People with serious illness; People with disabilities,Yes,Reviewed against all 25 definitions; supporting excerpts are in the audit evidence.
res-utah-medicaid-dental-uusod-network,Utah Medicaid dental benefits and University of Utah School of Dentistry associated provider network,People with disabilities,People with disabilities; Seniors; Blind & low vision; People in recovery; Low-income households; Families with children; Children & teens,Yes,"Current coverage is broader than the historic carve-out, but the named populations and child-provider route remain included."
res-utah-assistive-technology-program-uatf,"Utah Assistive Technology Program and UATF financing, lending, reuse, and customization",People with disabilities,People with disabilities; Low-income households,Yes,Reviewed against all 25 definitions; supporting excerpts are in the audit evidence.
res-ucat-assistive-technology-evaluations,Utah Center for Assistive Technology (UCAT) evaluations and device trials,People with disabilities; Caregivers,People with disabilities; Caregivers,No,Reviewed against all 25 definitions; supporting excerpts are in the audit evidence.
res-utah-pasrr-nursing-facility-screening,Utah Preadmission Screening and Resident Review (PASRR),People with disabilities,People with disabilities; People with serious illness,Yes,Reviewed against all 25 definitions; supporting excerpts are in the audit evidence.
res-utah-aps-vulnerable-adult-protection,Utah Adult Protective Services vulnerable adult reporting,Seniors; People with disabilities,Seniors; People with disabilities; Abuse & violence survivors,Yes,Reviewed against all 25 definitions; supporting excerpts are in the audit evidence.
res-utah-dspd-acquired-brain-injury-waiver,Utah DSPD Acquired Brain Injury Waiver,People with disabilities,People with disabilities; People with serious illness; Low-income households; Caregivers,Yes,Reviewed against all 25 definitions; supporting excerpts are in the audit evidence.
res-utah-medicaid-physical-disabilities-waiver,Utah Medicaid Physical Disabilities Waiver,People with disabilities,People with disabilities; Low-income households,Yes,Reviewed against all 25 definitions; supporting excerpts are in the audit evidence.
res-utah-medicaid-epas,Utah Medicaid Employment-related Personal Assistant Services (EPAS),People with disabilities,People with disabilities; Low-income households,Yes,Reviewed against all 25 definitions; supporting excerpts are in the audit evidence.
res-utah-medicaid-work-incentive-program,Utah Medicaid Work Incentive Program (MWI),People with disabilities,People with disabilities; Low-income households,Yes,Reviewed against all 25 definitions; supporting excerpts are in the audit evidence.
res-utah-medicaid-technology-dependent-waiver,Utah Medicaid Technology Dependent Waiver,Children & teens; Young adults; Caregivers,Children & teens; Young adults; Caregivers; Families with children; People with disabilities; People with serious illness,Yes,"Waiver tests the applicant's income/assets, not household income; do not imply a low-income family requirement."
res-utah-medicaid-new-choices-waiver,Utah Medicaid New Choices Waiver,,People with disabilities; Low-income households,Yes,Reviewed against all 25 definitions; supporting excerpts are in the audit evidence.
res-utah-dhhs-disabilities-ombuds,Utah DHHS Disabilities Ombuds / ADA Coordinator,People with disabilities,People with disabilities,No,Reviewed against all 25 definitions; supporting excerpts are in the audit evidence.
res-utah-brain-injury-spinal-cord-injury-fund,Utah Brain Injury and Spinal Cord Injury Fund,People with disabilities; Caregivers,People with disabilities; Caregivers; People with serious illness; Low-income households; Uninsured & underinsured,Yes,Reviewed against all 25 definitions; supporting excerpts are in the audit evidence.
res-utah-state-developmental-center-usdc,Utah State Developmental Center (USDC),People with disabilities,People with disabilities,No,Reviewed against all 25 definitions; supporting excerpts are in the audit evidence.
res-utah-office-public-guardian,Utah Office of Public Guardian (OPG),,People with disabilities; Seniors; Abuse & violence survivors; People with serious illness,Yes,Reviewed against all 25 definitions; supporting excerpts are in the audit evidence.
res-utah-medicaid-asd-related-services,Utah Medicaid Autism Spectrum Disorder (ASD) Related Services,People with disabilities,People with disabilities; Families with children; Children & teens; Low-income households,Yes,Reviewed against all 25 definitions; supporting excerpts are in the audit evidence.
res-utah-dspd-limited-supports-waiver,Utah DSPD Limited Supports Waiver,People with disabilities,People with disabilities; Caregivers; Low-income households; People with serious illness,Yes,Reviewed against all 25 definitions; supporting excerpts are in the audit evidence.
res-utah-dspd-self-administered-services-caregiver-compensation,Utah DSPD Self-Administered Services and Caregiver Compensation,Families with children; Caregivers,Families with children; Caregivers; People with disabilities,Yes,Reviewed against all 25 definitions; supporting excerpts are in the audit evidence.
res-utah-dspd-community-supports-waiver,Utah DSPD Community Supports Waiver,People with disabilities,People with disabilities; Families with children; Children & teens; Caregivers; Low-income households,Yes,Reviewed against all 25 definitions; supporting excerpts are in the audit evidence.
res-utah-dspd-community-transitions-waiver,Utah Medicaid Community Transitions Waiver and ICF Transition Program,People with disabilities,People with disabilities; Low-income households; Caregivers,Yes,Reviewed against all 25 definitions; supporting excerpts are in the audit evidence.
res-utah-medicaid-state-plan-personal-care-services,Utah Medicaid State Plan Personal Care Services,,People with disabilities; Low-income households,Yes,Reviewed against all 25 definitions; supporting excerpts are in the audit evidence.
res-udvma-southern-utah-vso-claims,Utah Department of Veterans and Military Affairs Southern Utah VSOs and DD-214 archive access,Veterans & military families,Veterans & military families,No,Eligible family/dependent households does not establish children in this military-record route.
res-southern-utah-veterans-home,Southern Utah Veterans Home,Veterans & military families; Families with children,Veterans & military families; People with disabilities; People with serious illness,Yes,Eligible spouses and Gold Star parents do not make this a families-with-children service.
res-utah-dds-disability-determination-services,Utah Disability Determination Services (DDS),People with disabilities,People with disabilities,No,Reviewed against all 25 definitions; supporting excerpts are in the audit evidence.
res-utah-developmental-disabilities-council,Utah Developmental Disabilities Council advocacy and self-advocacy supports,People with disabilities,People with disabilities; Caregivers,Yes,Reviewed against all 25 definitions; supporting excerpts are in the audit evidence.
res-utah-cshcn-adult-autism-treatment-account,Utah Adult Autism Treatment Account (AATA),People with disabilities,People with disabilities,No,Reviewed against all 25 definitions; supporting excerpts are in the audit evidence.
res-utah-dsbvi-low-vision-services,Utah DSBVI Low Vision Services,Blind & low vision; People with disabilities,Blind & low vision; People with disabilities,No,Reviewed against all 25 definitions; supporting excerpts are in the audit evidence.
res-utah-dsbvi-st-george-vocational-rehabilitation,"Utah DSBVI St. George vocational rehabilitation, blind services, and skills training",Blind & low vision; People with disabilities,Blind & low vision; People with disabilities; Deaf & hard of hearing,Yes,Reviewed against all 25 definitions; supporting excerpts are in the audit evidence.
res-utah-dsdhh-southern-center-case-management,"Utah DSDHH Southern Utah Program / Southern Center case management, benefits access, classes, and senior events",Seniors; Deaf & hard of hearing; People with disabilities,Seniors; Deaf & hard of hearing; People with disabilities; Blind & low vision; Families with children,Yes,Reviewed against all 25 definitions; supporting excerpts are in the audit evidence.
res-utah-state-parks-veterans-disabilities-honor-pass,Utah State Parks Veterans With Disabilities Honor Pass,Veterans & military families; People with disabilities,Veterans & military families; People with disabilities,No,Reviewed against all 25 definitions; supporting excerpts are in the audit evidence.
res-utah-dwr-accessible-hunting-fishing,Utah DWR accessible hunting and fishing opportunities for people with disabilities,Veterans & military families; People with disabilities,Veterans & military families; People with disabilities,No,Reviewed against all 25 definitions; supporting excerpts are in the audit evidence.
res-take-care-utah-health-access-assisters,Take Care Utah Health Access Assisters,People with disabilities,People with disabilities; Families with children; Children & teens; Low-income households; People with serious illness,Yes,Reviewed against all 25 definitions; supporting excerpts are in the audit evidence.
res-utah-kids-foundation-medical-supply-exchange,Utah Kids Foundation Medical Supply Exchange and disability family support,People with disabilities; Caregivers,People with disabilities; Caregivers; Families with children; Children & teens,Yes,Reviewed against all 25 definitions; supporting excerpts are in the audit evidence.
res-utah-labor-commission-uald-disability-discrimination,Utah Labor Commission UALD employment and fair-housing discrimination complaints,People with disabilities,People with disabilities,No,Other legally protected populations are not enumerated in this saved record; do not infer the full statutory list.
res-utah-medicaid-aged-blind-disabled,"Utah Medicaid Aged, Blind or Disabled Medicaid",Seniors; People with disabilities; Blind & low vision,Seniors; People with disabilities; Blind & low vision; Low-income households,Yes,Reviewed against all 25 definitions; supporting excerpts are in the audit evidence.
res-utah-parent-center-pti-special-education-support,Utah Parent Center PTI Parent Consultants and special education rights navigation,Families with children; Children & teens; Young adults; People with disabilities,Families with children; Children & teens; Young adults; People with disabilities; Caregivers; Students,Yes,Reviewed against all 25 definitions; supporting excerpts are in the audit evidence.
res-utah-parent-center-utah-family-voices,Utah Parent Center Utah Family Voices Family-to-Family Health Information Center,Families with children; Children & teens,Families with children; Children & teens; People with disabilities; Caregivers,Yes,Reviewed against all 25 definitions; supporting excerpts are in the audit evidence.
res-usdb-southern-utah-school-of-the-deaf,Utah Schools for the Deaf and the Blind Southern Utah School of the Deaf and outreach,Deaf & hard of hearing; People with disabilities,Deaf & hard of hearing; People with disabilities; Blind & low vision; Families with children; Children & teens; Students,Yes,Reviewed against all 25 definitions; supporting excerpts are in the audit evidence.
res-utah-usbe-carson-smith-scholarship,Utah State Board of Education Carson Smith Special Needs Scholarship,People with disabilities; Students,People with disabilities; Students; Families with children; Children & teens,Yes,Reviewed against all 25 definitions; supporting excerpts are in the audit evidence.
res-utah-courts-guardianship-signature-program,Utah Courts Guardianship Signature Program,,People with disabilities,Yes,Reviewed against all 25 definitions; supporting excerpts are in the audit evidence.
res-utah-courts-self-help-guardianship-conservatorship,Utah State Courts Self-Help Center court forms and process help,,Abuse & violence survivors; People with disabilities,Yes,Reviewed against all 25 definitions; supporting excerpts are in the audit evidence.
res-utah-state-library-blind-disabled,Utah State Library Program for the Blind and Disabled,People with disabilities; Blind & low vision,People with disabilities; Blind & low vision,No,Reviewed against all 25 definitions; supporting excerpts are in the audit evidence.
res-usor-ticket-to-work-choose-to-work,Utah State Office of Rehabilitation Ticket to Work and Choose to Work,People with disabilities,People with disabilities,No,Reviewed against all 25 definitions; supporting excerpts are in the audit evidence.
res-usor-pre-employment-transition-services,Utah State Office of Rehabilitation Pre-Employment Transition Services,People with disabilities; Students,People with disabilities; Students; Families with children; Children & teens; Young adults,Yes,Reviewed against all 25 definitions; supporting excerpts are in the audit evidence.
res-usor-supported-employment-services,Utah State Office of Rehabilitation Supported Employment Services,People with disabilities,People with disabilities; People with serious illness,Yes,Reviewed against all 25 definitions; supporting excerpts are in the audit evidence.
res-usor-utah-work-incentive-planning-services,Utah Work Incentive Planning Services (UWIPS),People with disabilities,People with disabilities; Families with children; Children & teens,Yes,Reviewed against all 25 definitions; supporting excerpts are in the audit evidence.
res-utah-dsbvi-business-enterprise-program,Utah DSBVI Business Enterprise Program,Blind & low vision; People with disabilities,Blind & low vision; People with disabilities,No,Reviewed against all 25 definitions; supporting excerpts are in the audit evidence.
res-utah-dsbvi-deafblind-ssp-program,Utah DSBVI Deafblind Services Support Service Provider Program,Deaf & hard of hearing; People with disabilities,Deaf & hard of hearing; People with disabilities; Blind & low vision,Yes,Reviewed against all 25 definitions; supporting excerpts are in the audit evidence.
res-usu-extension-agrability-utah,AgrAbility of Utah,People with disabilities,People with disabilities; Seniors; Deaf & hard of hearing; Blind & low vision; People with serious illness,Yes,Reviewed against all 25 definitions; supporting excerpts are in the audit evidence.
res-utah-tech-accessibility-disability-center,Utah Tech University Accessibility and Disability Center,People with disabilities; Students,People with disabilities; Students,No,Reviewed against all 25 definitions; supporting excerpts are in the audit evidence.
res-utah-tech-ut-elevated,Utah Tech University UT Elevated,People with disabilities; Students,People with disabilities; Students; Young adults,Yes,Reviewed against all 25 definitions; supporting excerpts are in the audit evidence.
res-utahrespite-care-training-matching,UtahRespite.Care respite-worker training and matching,Caregivers,Caregivers; People with disabilities,Yes,Reviewed against all 25 definitions; supporting excerpts are in the audit evidence.
res-verse-structured-literacy,VERSE virtual structured literacy for dyslexia and learning differences,Children & teens,Children & teens; Families with children; People with disabilities; Students,Yes,Reviewed against all 25 definitions; supporting excerpts are in the audit evidence.
res-vista-care-utah-dspd-supports,Vista Care Utah DSPD-funded home and community disability supports,People with disabilities; Caregivers,People with disabilities; Caregivers; People with serious illness,Yes,Reviewed against all 25 definitions; supporting excerpts are in the audit evidence.
res-washington-county-property-tax-relief-disability,Washington County property tax relief programs,Veterans & military families; People with disabilities; Blind & low vision,Veterans & military families; People with disabilities; Blind & low vision; Seniors; Families with children; Children & teens,Yes,Reviewed against all 25 definitions; supporting excerpts are in the audit evidence.
res-washington-county-clerk-accessible-voting,Washington County Clerk accessible voting assistance,People with disabilities,People with disabilities,No,Reviewed against all 25 definitions; supporting excerpts are in the audit evidence.
res-washington-county-coa-dial-a-ride,Washington County Council on Aging St. George Dial-a-Ride,Seniors; People with disabilities,Seniors; People with disabilities,No,Reviewed against all 25 definitions; supporting excerpts are in the audit evidence.
res-washington-county-citizen-alert-disability-assistance,Washington County Citizen Alert disability registration assistance,People with disabilities,People with disabilities; Deaf & hard of hearing,Yes,Reviewed against all 25 definitions; supporting excerpts are in the audit evidence.
res-wcsd-augmentative-assistive-technology,Washington County School District Augmentative and Assistive Technology Team,People with disabilities; Students,People with disabilities; Students; Families with children; Children & teens; Caregivers,Yes,Reviewed against all 25 definitions; supporting excerpts are in the audit evidence.
res-wcsd-post-high-transition-program,Washington County School District Post High Transition Program,People with disabilities; Students,People with disabilities; Students; Young adults,Yes,Reviewed against all 25 definitions; supporting excerpts are in the audit evidence.
res-1in6-male-survivor-online-support,1in6 online support for male sexual-abuse survivors,Men; Abuse & violence survivors,Men; Abuse & violence survivors,No,Reviewed against all 25 definitions; supporting excerpts are in the audit evidence.
res-deaf-hotline-adwas-24-7-asl,The Deaf Hotline by ADWAS and The Hotline,Deaf & hard of hearing; Abuse & violence survivors; People with disabilities,Deaf & hard of hearing; Abuse & violence survivors; People with disabilities; Blind & low vision,Yes,Reviewed against all 25 definitions; supporting excerpts are in the audit evidence.
res-alliance-community-violence-recovery,Alliance Community Services low-cost immigration services and survivor support,Immigrants & refugees; Abuse & violence survivors; Low-income households,Immigrants & refugees; Abuse & violence survivors; Low-income households,No,"Bilingual does not identify Spanish, and family immigration support does not necessarily involve minor children."
res-utah-free-legal-answers,Utah Free Legal Answers,Low-income households,Low-income households; Families with children; People with disabilities; People experiencing homelessness,Yes,Advice is for adults; parent custody matters do not make minors eligible as applicants.
res-asian-association-trafficking-dv-support,Asian Association of Utah trafficking survivor and domestic-abuse support,Children & teens; Immigrants & refugees; Abuse & violence survivors,Children & teens; Immigrants & refugees; Abuse & violence survivors; Families with children,Yes,Reviewed against all 25 definitions; supporting excerpts are in the audit evidence.
res-catholic-community-services-immigration-victim-legal,Catholic Community Services of Utah immigration legal services,Children & teens; Immigrants & refugees; Abuse & violence survivors,Children & teens; Immigrants & refugees; Abuse & violence survivors; Families with children,Yes,Reviewed against all 25 definitions; supporting excerpts are in the audit evidence.
res-chainbreaker-foundation-abuse-recovery-classes,Chainbreaker Foundation abuse-recovery education and mentor support,Abuse & violence survivors,Abuse & violence survivors,No,Reviewed against all 25 definitions; supporting excerpts are in the audit evidence.
res-st-george-police-victim-services,City of St. George Police Department Victim Services Unit,Children & teens; Abuse & violence survivors,Children & teens; Abuse & violence survivors; Families with children,Yes,Reviewed against all 25 definitions; supporting excerpts are in the audit evidence.
res-colorado-city-hildale-police-victim-advocate-safe-at-home,Colorado City/Hildale Police victim advocate and Safe at Home access point,Children & teens; Abuse & violence survivors,Children & teens; Abuse & violence survivors; Families with children,Yes,Reviewed against all 25 definitions; supporting excerpts are in the audit evidence.
res-consulate-mexico-slc-protection-domestic-violence,Consulate of Mexico in Salt Lake City consular protection and detained-migrant assistance,Immigrants & refugees; Abuse & violence survivors,Immigrants & refugees; Abuse & violence survivors; Families with children; Children & teens,Yes,Reviewed against all 25 definitions; supporting excerpts are in the audit evidence.
res-dahlias-hope-trafficking-survivor-aftercare,Dahlia's Hope trafficking survivor aftercare,Children & teens; Abuse & violence survivors,Children & teens; Abuse & violence survivors; Families with children,Yes,Reviewed against all 25 definitions; supporting excerpts are in the audit evidence.
res-dod-safe-helpline,Department of Defense Safe Helpline,Veterans & military families; Abuse & violence survivors,Veterans & military families; Abuse & violence survivors,No,Reviewed against all 25 definitions; supporting excerpts are in the audit evidence.
res-dars-wellness-program,Domestic Abuse Recovery Solutions Wellness Program,Abuse & violence survivors,Abuse & violence survivors,No,Family survivor support does not specify minor children.
res-fadv-flex-fund,Fight Against Domestic Violence Flex Fund,Abuse & violence survivors,Abuse & violence survivors,No,Reviewed against all 25 definitions; supporting excerpts are in the audit evidence.
res-fadv-housing-first,Fight Against Domestic Violence Housing First,Abuse & violence survivors,Abuse & violence survivors,No,Housing-cost help is explicit; homelessness eligibility or targeting is not stated.
res-freefrom-survivor-financial-safety,FreeFrom survivor financial safety programs,Spanish-speaking people,Spanish-speaking people; Abuse & violence survivors,Yes,Reviewed against all 25 definitions; supporting excerpts are in the audit evidence.
res-holy-cross-immigrant-survivor-legal,Holy Cross Ministries Legal Immigration Program,Immigrants & refugees,Immigrants & refugees; Abuse & violence survivors,Yes,Reviewed against all 25 definitions; supporting excerpts are in the audit evidence.
res-hurricane-police-victim-services,Hurricane City Police Department Victim Services,Children & teens; Abuse & violence survivors,Children & teens; Abuse & violence survivors; Families with children,Yes,Reviewed against all 25 definitions; supporting excerpts are in the audit evidence.
res-immigrant-legal-services-victim-immigration,Immigrant Legal Services immigration representation,Immigrants & refugees,Immigrants & refugees; Abuse & violence survivors; Families with children; Children & teens,Yes,Special immigrant juvenile representation is a child-specific legal route.
res-swfn-stgeorge-hurricane-forensic-access,Southwest Forensic Nursing medical-forensic exams at St. George and Hurricane emergency access points,Abuse & violence survivors,Abuse & violence survivors,No,Reviewed against all 25 definitions; supporting excerpts are in the audit evidence.
res-ivins-santa-clara-victim-advocates,Santa Clara-Ivins Police Department Victim Advocates,Children & teens; Abuse & violence survivors,Children & teens; Abuse & violence survivors; Families with children,Yes,Reviewed against all 25 definitions; supporting excerpts are in the audit evidence.
res-journey-of-hope-utah-survivor-case-management,Journey of Hope Utah survivor case management and social advocacy,Children & teens; Women; LGBTQ+ people; Abuse & violence survivors,Children & teens; Women; LGBTQ+ people; Abuse & violence survivors; Families with children; People experiencing homelessness,Yes,Emergency case-management and safe-housing help for people fleeing current violence.
res-la-verkin-eastern-washington-victim-services,Eastern Washington County Victim Services / La Verkin City Police Department,Abuse & violence survivors,Abuse & violence survivors,No,Reviewed against all 25 definitions; supporting excerpts are in the audit evidence.
res-loveisrespect-teen-dating-abuse-helpline,love is respect National Teen Dating Abuse Helpline,Children & teens; Young adults,Children & teens; Young adults; Families with children; Abuse & violence survivors,Yes,Reviewed against all 25 definitions; supporting excerpts are in the audit evidence.
res-mohave-county-arizona-strip-victim-witness,Mohave County Attorney Victim/Witness Program - Arizona Strip domestic-violence advocacy,Abuse & violence survivors,Abuse & violence survivors,No,Reviewed against all 25 definitions; supporting excerpts are in the audit evidence.
res-mohave-north-canyon-protection-orders,North Canyon Justice Court / Colorado City Arizona protective-order filing access,,Abuse & violence survivors,Yes,Reviewed against all 25 definitions; supporting excerpts are in the audit evidence.
res-national-domestic-violence-hotline,National Domestic Violence Hotline,Abuse & violence survivors,Abuse & violence survivors,No,Reviewed against all 25 definitions; supporting excerpts are in the audit evidence.
res-operation-safe-escape,Operation Safe Escape security and technology-safety support,Abuse & violence survivors,Abuse & violence survivors,No,Reviewed against all 25 definitions; supporting excerpts are in the audit evidence.
res-pik2ar-empowered-living-services,PIK2AR Empowered Living Services survivor resources,,Abuse & violence survivors,Yes,Pacific Islander identity is not the American Indian/Alaska Native definition used by the existing Native group.
res-pik2ar-kava-talks,PIK2AR K.A.V.A. Talks violence-prevention peer support,Men,Men,No,Reviewed against all 25 definitions; supporting excerpts are in the audit evidence.
res-national-human-trafficking-hotline,U.S. National Human Trafficking Hotline,Abuse & violence survivors,Abuse & violence survivors; People with disabilities; Deaf & hard of hearing,Yes,Reviewed against all 25 definitions; supporting excerpts are in the audit evidence.
res-rainn-national-sexual-assault-hotline,RAINN National Sexual Assault Hotline,Spanish-speaking people; Abuse & violence survivors,Spanish-speaking people; Abuse & violence survivors,No,Reviewed against all 25 definitions; supporting excerpts are in the audit evidence.
res-redrover-safe-escape-grants,RedRover Relief Safe Escape Grants,Abuse & violence survivors,Abuse & violence survivors; People experiencing homelessness,Yes,Reviewed against all 25 definitions; supporting excerpts are in the audit evidence.
res-restoring-ancestral-winds-ntvheal,Restoring Ancestral Winds NTVHEAL Tribal DV/SA Helpline,Native & tribal communities; Abuse & violence survivors,Native & tribal communities; Abuse & violence survivors,No,Reviewed against all 25 definitions; supporting excerpts are in the audit evidence.
res-ruff-haven-crisis-pet-sheltering,Ruff Haven Crisis Sheltering temporary pet care,People experiencing homelessness; Abuse & violence survivors; People leaving incarceration,People experiencing homelessness; Abuse & violence survivors; People leaving incarceration,No,Reviewed against all 25 definitions; supporting excerpts are in the audit evidence.
res-safeut-crisis-chat-tipline,SafeUT Crisis Chat and Safety Tipline,Families with children; Students,Families with children; Students; Children & teens,Yes,Reviewed against all 25 definitions; supporting excerpts are in the audit evidence.
res-short-creek-dream-center-residential-refuge,Short Creek Dream Center residential refuge and life-skills program,Children & teens; Abuse & violence survivors,Children & teens; Abuse & violence survivors; Families with children; Women; Men; People experiencing homelessness,Yes,Distinct male/female/family placements are described; men's placement may be off-site and capacity must be confirmed.
res-southern-utah-bar-talk-with-attorney-clinic,Southern Utah Bar Association and Utah Legal Services Talk With an Attorney Clinic,,Low-income households,Yes,Reviewed against all 25 definitions; supporting excerpts are in the audit evidence.
res-springdale-police-victim-services,Springdale Police Department Victim Services,Abuse & violence survivors,Abuse & violence survivors; Families with children; Children & teens,Yes,Reviewed against all 25 definitions; supporting excerpts are in the audit evidence.
res-stronghearts-native-helpline,StrongHearts Native Helpline,Native & tribal communities,Native & tribal communities; Abuse & violence survivors; Families with children; Children & teens,Yes,Reviewed against all 25 definitions; supporting excerpts are in the audit evidence.
res-network-la-red-lgbtq-partner-abuse-hotline,The Network/La Red LGBTQ+ partner-abuse hotline and support,LGBTQ+ people,LGBTQ+ people; Abuse & violence survivors,Yes,Reviewed against all 25 definitions; supporting excerpts are in the audit evidence.
res-the-trevor-project-lgbtq-youth-crisis,The Trevor Project LGBTQ+ youth crisis support,Children & teens; LGBTQ+ people,Children & teens; LGBTQ+ people; Families with children; Young adults; People with disabilities; Deaf & hard of hearing,Yes,Reviewed against all 25 definitions; supporting excerpts are in the audit evidence.
res-timpanogos-legal-center-hotline-clinics,"Timpanogos Legal Center free hotline, online clinics, St. George clinic, and limited immigration legal advice",Children & teens; Immigrants & refugees; Abuse & violence survivors; Low-income households,Children & teens; Immigrants & refugees; Abuse & violence survivors; Low-income households; Families with children,Yes,Abuse-related child/family legal advice is explicit. Unqualified guardianship wording alone does not establish an adult-disability service.
res-va-salt-lake-ipvap,VA Salt Lake City Intimate Partner Violence Assistance Program (IPVAP),Veterans & military families,Veterans & military families; Abuse & violence survivors,Yes,Reviewed against all 25 definitions; supporting excerpts are in the audit evidence.
res-usac-lifeline-survivor-benefit,USAC Lifeline Survivor Benefit under the Safe Connections Act,Families with children; Abuse & violence survivors,Families with children; Abuse & violence survivors; Low-income households; Native & tribal communities; Students,Yes,Reviewed against all 25 definitions; supporting excerpts are in the audit evidence.
res-ucasa-statewide-sexual-assault-helplines,Utah Coalition Against Sexual Assault statewide sexual-assault helplines,Spanish-speaking people; Abuse & violence survivors,Spanish-speaking people; Abuse & violence survivors,No,Reviewed against all 25 definitions; supporting excerpts are in the audit evidence.
res-utah-crime-victims-legal-clinic,Utah Crime Victims Legal Clinic victim-rights and protection-order legal advocacy,Children & teens; Abuse & violence survivors,Children & teens; Abuse & violence survivors; Families with children,Yes,Reviewed against all 25 definitions; supporting excerpts are in the audit evidence.
res-utah-vine-victim-notification,Utah VINE victim notification service,,Abuse & violence survivors,Yes,Reviewed against all 25 definitions; supporting excerpts are in the audit evidence.
res-sumh-victim-advocate,Utah DHHS SUMH Victim Advocate,Abuse & violence survivors,Abuse & violence survivors,No,Reviewed against all 25 definitions; supporting excerpts are in the audit evidence.
res-utah-dps-sexual-assault-kit-tracking,Utah DPS Sexual Assault Kit Tracking System and SAKI information access,Abuse & violence survivors,Abuse & violence survivors,No,Reviewed against all 25 definitions; supporting excerpts are in the audit evidence.
res-utah-dps-sbi-victim-services,Utah DPS/SBI Victim Services crime-victim advocacy,Children & teens; Abuse & violence survivors,Children & teens; Abuse & violence survivors; Families with children,Yes,Reviewed against all 25 definitions; supporting excerpts are in the audit evidence.
res-udvc-linkline,Utah Domestic Violence Coalition 24-hour LINKLine,Abuse & violence survivors,Abuse & violence survivors,No,Reviewed against all 25 definitions; supporting excerpts are in the audit evidence.
res-utah-homicide-survivors-legal,Utah Homicide Survivors pro-bono legal services after homicide,Abuse & violence survivors,Abuse & violence survivors; Families with children; People with disabilities,Yes,Reviewed against all 25 definitions; supporting excerpts are in the audit evidence.
res-utah-legal-services-native-american-unit,Utah Legal Services Native American Unit,Children & teens; Native & tribal communities,Children & teens; Native & tribal communities; Families with children; Abuse & violence survivors,Yes,Reviewed against all 25 definitions; supporting excerpts are in the audit evidence.
res-utah-national-guard-family-readiness-dv-advocacy,Utah National Guard Service Member and Family Readiness / Family Assistance - St. George,Veterans & military families,Veterans & military families; Abuse & violence survivors; People with disabilities,Yes,Exceptional Family Member Program enrollment is a disability/special-needs military-family route.
res-utah-national-guard-sapr-st-george,Utah National Guard SAPR St. George Armory victim advocate,Veterans & military families; Abuse & violence survivors,Veterans & military families; Abuse & violence survivors,No,Reviewed against all 25 definitions; supporting excerpts are in the audit evidence.
res-utah-safe-at-home-address-confidentiality,Utah Safe at Home Address Confidentiality Program,Children & teens; Abuse & violence survivors,Children & teens; Abuse & violence survivors; Families with children,Yes,Reviewed against all 25 definitions; supporting excerpts are in the audit evidence.
res-utah-state-bar-virtual-legal-clinic,Utah State Bar Virtual Legal Clinic,,,No,"Reviewed against all 25 definitions: the saved record supports broad public/adult access, without an established population-specific service or accommodation."
res-utah-state-courts-fifth-district-protective-order-filing,"Utah State Courts Fifth District St. George courthouse, juvenile court, protective-order, interpreter, and ADA access",People with disabilities,People with disabilities; Abuse & violence survivors; Families with children; Children & teens,Yes,Reviewed against all 25 definitions; supporting excerpts are in the audit evidence.
res-utah-tech-title-ix-supportive-measures,"Utah Tech University Title IX supportive measures for dating violence, domestic violence, sexual assault, and stalking",Abuse & violence survivors,Abuse & violence survivors; Students,Yes,Reviewed against all 25 definitions; supporting excerpts are in the audit evidence.
res-utah-tech-police-victim-survivor-advocacy,Utah Tech University Police Victim-Survivor Advocacy,,Abuse & violence survivors; Students,Yes,Reviewed against all 25 definitions; supporting excerpts are in the audit evidence.
res-voices-for-dignity-survivor-support,Voices for Dignity survivor support,Abuse & violence survivors,Abuse & violence survivors,No,School-supply help appears only in testimonials; current child eligibility is unconfirmed.
res-washington-city-police-victim-services,Washington City Police Department Victim Services Program,Abuse & violence survivors,Abuse & violence survivors,No,Reviewed against all 25 definitions; supporting excerpts are in the audit evidence.
res-washington-county-attorney-victim-assistance,Washington County Attorney Victim Assistance Program,Abuse & violence survivors,Abuse & violence survivors,No,Reviewed against all 25 definitions; supporting excerpts are in the audit evidence.
res-washington-county-sheriff-victim-services,Washington County Sheriff's Office Victim Services and protective-order service access,Abuse & violence survivors,Abuse & violence survivors,No,Reviewed against all 25 definitions; supporting excerpts are in the audit evidence.
res-aauw-stgeorge-graduate-scholarships,AAUW St. George Branch graduate scholarships for Utah Tech students,Students,Students,No,AAUW name does not establish a women-only award; saved eligibility explicitly avoids that restriction.
res-american-indian-services-scholarships,American Indian Services college and trade school scholarships,Native & tribal communities,Native & tribal communities; Students,Yes,Reviewed against all 25 definitions; supporting excerpts are in the audit evidence.
res-agc-utah-construction-apprenticeships,Associated General Contractors of Utah construction apprenticeships,,,No,"Reviewed against all 25 definitions: the saved record supports broad public/adult access, without an established population-specific service or accommodation."
res-agc-utah-contractor-prelicensure-ce-stgeorge,"AGC of Utah St. George contractor pre-licensure, flagger, and traffic-control training",,,No,"Reviewed against all 25 definitions: the saved record supports broad public/adult access, without an established population-specific service or accommodation."
res-byu-pathway-worldwide-online-certificates,BYU-Pathway Worldwide PathwayConnect and online certificates/degrees,Children & teens,Children & teens; Families with children; Low-income households,Yes,Reviewed against all 25 definitions; supporting excerpts are in the audit evidence.
res-care-about-childcare-fivecounty-provider-training,Care About Childcare - Five County provider training and Utah Career Ladder support,Families with children; Children & teens,,Yes,This is training and credential aid for paid child-care professionals; children and families are not the clients of this assignment.
res-stgeorge-firefighter-recruit-academy,City of St. George Firefighter Recruit Academy,,,No,"Reviewed against all 25 definitions: the saved record supports broad public/adult access, without an established population-specific service or accommodation."
res-stgeorge-rec-first-aid-cpr-aed,City of St. George Recreation First Aid / CPR / AED certification course,Children & teens,,Yes,"Pediatric CPR describes the skill taught to trainees, not eligibility or a direct service for children."
res-compudopt-stgeorge-computer-giveaway,Compudopt St. George computer giveaway and internet support,Children & teens,Children & teens; Families with children; Low-income households,Yes,Youth-household focus is documented; the record retains the requirement to confirm local giveaway rules.
res-dixie-tech-career-training,Dixie Technical College accredited career training programs,,,No,General career-training access; high-school pathways are only described as possibly available.
res-dixie-tech-custom-fit,Dixie Technical College Custom Fit employer training,,,No,"Reviewed against all 25 definitions: the saved record supports broad public/adult access, without an established population-specific service or accommodation."
res-dixie-tech-financial-aid-scholarships,Dixie Technical College financial aid and scholarships,Students,Students; Low-income households; Immigrants & refugees; Veterans & military families; People with disabilities,Yes,Reviewed against all 25 definitions; supporting excerpts are in the audit evidence.
res-englishconnect-community-english-classes,EnglishConnect community English classes and online EnglishConnect 3,,Families with children; Children & teens,Yes,Reviewed against all 25 definitions; supporting excerpts are in the audit evidence.
res-evans-hairstyling-college-st-george,Evans Hairstyling College St. George cosmetology certificate program,,Families with children; Children & teens; Students; Low-income households,Yes,Reviewed against all 25 definitions; supporting excerpts are in the audit evidence.
res-intermountain-health-education-assistance,Intermountain Health caregiver education assistance and PEAK tuition benefit,Caregivers,,Yes,Intermountain uses caregivers as its employee name. This employment benefit is not dedicated family-caregiver support.
res-job-corps-utah-clearfield-admissions,Job Corps MyJobCorps admissions and Clearfield Job Corps Center,Children & teens; Young adults; Low-income households,Children & teens; Young adults; Low-income households; Families with children,Yes,Reviewed against all 25 definitions; supporting excerpts are in the audit evidence.
res-learnkey-upskill-academy,LearnKey Upskill Academy online certification pathways,,,No,"Reviewed against all 25 definitions: the saved record supports broad public/adult access, without an established population-specific service or accommodation."
res-my529-tal-scholarship,my529 Olene S. Walker Transition to Adult Living Scholarship,Immigrants & refugees; Foster & kinship families,Immigrants & refugees; Foster & kinship families; Young adults; Students; Low-income households,Yes,Reviewed against all 25 definitions; supporting excerpts are in the audit evidence.
res-pitu-education-department,Paiute Indian Tribe of Utah Education Department Tribal Scholarship and GED/adult education assistance,Native & tribal communities,Native & tribal communities; Students,Yes,Reviewed against all 25 definitions; supporting excerpts are in the audit evidence.
res-pitu-native-youth-jom-reimbursement,Paiute Indian Tribe of Utah Native Youth Program and Johnson O'Malley reimbursement,Children & teens; Native & tribal communities; Students,Children & teens; Native & tribal communities; Students; Families with children,Yes,Reviewed against all 25 definitions; supporting excerpts are in the audit evidence.
res-paul-mitchell-stgeorge-beauty-programs,Paul Mitchell The School St. George beauty and barbering programs,,,No,"Reviewed against all 25 definitions: the saved record supports broad public/adult access, without an established population-specific service or accommodation."
res-read-now-adult-literacy-zoom,Read Now free one-to-one adult reading tutoring by Zoom,,,No,Adult reading difficulty and being called a tutoring student do not establish diagnosed disability or school enrollment.
res-rrci-scholarship-opportunity,Red Rock Center for Independence Scholarship Opportunity,People with disabilities; Students,People with disabilities; Students; Families with children; Children & teens,Yes,Reviewed against all 25 definitions; supporting excerpts are in the audit evidence.
res-ridgeview-cna-st-george,Ridgeview CNA Program St. George,,,No,"Reviewed against all 25 definitions: the saved record supports broad public/adult access, without an established population-specific service or accommodation."
res-score-utah-business-mentoring-workshops,SCORE Utah free small-business mentoring and workshops,,,No,"Reviewed against all 25 definitions: the saved record supports broad public/adult access, without an established population-specific service or accommodation."
res-suu-community-workforce-development,Southern Utah University Community and Workforce Development professional development,,,No,"Reviewed against all 25 definitions: the saved record supports broad public/adult access, without an established population-specific service or accommodation."
res-suu-stem-k12-homework-help-online,Southern Utah University STEM Center free K-12 online homework help,Spanish-speaking people,Spanish-speaking people; Families with children; Children & teens; Students,Yes,Reviewed against all 25 definitions; supporting excerpts are in the audit evidence.
res-st-george-academy-online-williamsburg,St. George Academy Online / Williamsburg Academy of Utah tuition-free grades 7-12 program,,Families with children; Children & teens; Students,Yes,Reviewed against all 25 definitions; supporting excerpts are in the audit evidence.
res-st-george-lions-scholarships,St. George Lions Club / Lady Lions local education scholarships,Low-income households,Low-income households; Families with children; Children & teens; Students,Yes,Reviewed against all 25 definitions; supporting excerpts are in the audit evidence.
res-dixie-elks-lodge-1743-scholarships,St. George Dixie Elks Lodge No. 1743 education scholarships,,Families with children; Children & teens; Students,Yes,Reviewed against all 25 definitions; supporting excerpts are in the audit evidence.
res-suazo-business-center-st-george,Suazo Business Center St. George bilingual business education and advising,,Spanish-speaking people,Yes,Official Spanish-language virtual classes establish language access; bilingual or Latino-focused wording alone was insufficient.
res-ut-success-academy-early-college-high-school,UT SUCCESS Academy early college high school at Utah Tech,,Families with children; Children & teens; Students,Yes,Reviewed against all 25 definitions; supporting excerpts are in the audit evidence.
res-switchpoint-thrift-store-job-training,Switchpoint Thrift Store and Switchpoint Industries workforce training,,,No,Community training is not documented as restricted to shelter clients or low-income participants.
res-taylor-andrews-st-george-beauty-training,Taylor Andrews Academy - St. George beauty-industry training programs,,Low-income households,Yes,Means-tested Pell route is listed; conditional high-school pathway wording does not verify minor admission.
res-tech-moms-st-george-technology-skills,"Tech-Moms St. George technology skills, foundational cohort, and career transition",Children & teens,Families with children; Women,Yes,Current child-care support establishes a parent route and the named Career Relaunch course a women-specific option. The announced but unscheduled Digital Literacy class does not yet establish direct child participation or Spanish access.
res-computah-five-county-st-george-hub,CompUtah Hub at Five County Association of Governments,,,No,"Reviewed against all 25 definitions: the saved record supports broad public/adult access, without an established population-specific service or accommodation."
res-lds-self-reliance-courses,The Church of Jesus Christ of Latter-day Saints Self-Reliance Courses,,,No,"Reviewed against all 25 definitions: the saved record supports broad public/adult access, without an established population-specific service or accommodation."
res-ibarra-foundation-ime-becas-scholarship,Ibarra Foundation / IME BECAS Scholarship,,Immigrants & refugees; Students,Yes,Reviewed against all 25 definitions; supporting excerpts are in the audit evidence.
res-ripple-effect-after-school-program,The Ripple Effect After School Programs,Children & teens,Children & teens; Families with children; Students; Caregivers,Yes,Reviewed against all 25 definitions; supporting excerpts are in the audit evidence.
res-uofu-rural-medicine-scholars-southern-utah,University of Utah Rural Medicine Scholars Southern Utah Regional Medical Campus pathway,Students,Students,No,Reviewed against all 25 definitions; supporting excerpts are in the audit evidence.
res-userveutah-americorps-student-success,UServeUtah AmeriCorps Student Success Program - Washington School District access,,Families with children; Children & teens; Students,Yes,Student clients determine labels here; immigration qualifications describe AmeriCorps staff/member recruitment.
res-usu-extension-washington-county-4h,USU Extension Washington County 4-H STEM and career-readiness youth programming,Children & teens,Children & teens; Families with children,Yes,Reviewed against all 25 definitions; supporting excerpts are in the audit evidence.
res-uaeyc-teach-early-childhood-utah,UAEYC TEACH Early Childhood Utah Scholarship,Children & teens,Students,Yes,"Scholarship recipients are degree-seeking child-care workers, not children."
res-utah-dcfs-education-training-voucher,Utah DCFS Education Training Voucher and foster-youth education/employment transition support,Children & teens; Foster & kinship families,Children & teens; Foster & kinship families; Families with children; Young adults; Students,Yes,Reviewed against all 25 definitions; supporting excerpts are in the audit evidence.
res-sumh-certified-peer-support-specialist,Utah SUMH Certified Peer Support Specialist (CPSS) training and certification,People in recovery; Children & teens; Young adults,People in recovery; Young adults,Yes,Youth and Young Adult Peer Support applicants are 18-30; the record does not establish minors as applicants.
res-utah-dws-snap-employment-training,Utah DWS SNAP Employment and Training (E&T),,Low-income households,Yes,Reviewed against all 25 definitions; supporting excerpts are in the audit evidence.
res-utah-dws-wioa-youth-program,Utah DWS WIOA Youth Program,Children & teens; Young adults,Children & teens; Young adults; Families with children,Yes,Reviewed against all 25 definitions; supporting excerpts are in the audit evidence.
res-utah-electrical-training-alliance-inside-wireman,Utah Electrical Training Alliance Inside Wireman Apprenticeship,,,No,"Reviewed against all 25 definitions: the saved record supports broad public/adult access, without an established population-specific service or accommodation."
res-utah-national-guard-state-tuition-assistance,Utah National Guard State Tuition Assistance,Veterans & military families,Veterans & military families; Students,Yes,Reviewed against all 25 definitions; supporting excerpts are in the audit evidence.
res-utah-online-school-k12,Utah Online School / Washington County School District K-12 online public school,,Families with children; Children & teens; Students,Yes,Reviewed against all 25 definitions; supporting excerpts are in the audit evidence.
res-uphca-apprenticeship-academy,UPHCA Academy online plumbing and mechanical trades training,,,No,"Reviewed against all 25 definitions: the saved record supports broad public/adult access, without an established population-specific service or accommodation."
res-utah-sbdc-st-george-business-training,Utah SBDC St. George business counseling and entrepreneur training,,,No,"Reviewed against all 25 definitions: the saved record supports broad public/adult access, without an established population-specific service or accommodation."
res-utah-somos-scholarship,Utah Somos Foundation SOMOS Scholarship,,Families with children; Children & teens; Students; Low-income households,Yes,Latino/Hispanic ethnicity alone does not establish immigrant status or Spanish service.
res-utah-fits-all-scholarship,Utah Fits All Scholarship Program,Children & teens,Children & teens; Families with children; Students,Yes,Reviewed against all 25 definitions; supporting excerpts are in the audit evidence.
res-usbe-cte-scholarships-tuition-awards,USBE Career and Technical Education Scholarships and Tuition Awards,,Families with children; Children & teens; Students,Yes,Reviewed against all 25 definitions; supporting excerpts are in the audit evidence.
res-wcsd-focused-graduation-pathway,Washington County School District Focused Graduation Pathway,,Families with children; Children & teens; Young adults; Students,Yes,Reviewed against all 25 definitions; supporting excerpts are in the audit evidence.
res-usbe-youth-in-care-education,USBE Youth-in-Care / Youth-in-Custody education services,Children & teens; Native & tribal communities,Children & teens; Native & tribal communities; Families with children; Young adults; People leaving incarceration; Foster & kinship families; Students,Yes,Reviewed against all 25 definitions; supporting excerpts are in the audit evidence.
res-utah-online-public-library-learningexpress,Utah Online Public Library LearningExpress Library,,Immigrants & refugees,Yes,Reviewed against all 25 definitions; supporting excerpts are in the audit evidence.
res-usu-st-george-statewide-campus,Utah State University St. George / Southwest Statewide Campus,,Students,Yes,Reviewed against all 25 definitions; supporting excerpts are in the audit evidence.
res-usu-rural-online-remote-work-certificate,USU Extension Rural Online Initiative Certified Remote Work Professional,,,No,"Reviewed against all 25 definitions: the saved record supports broad public/adult access, without an established population-specific service or accommodation."
res-usu-native-american-student-scholarship,Utah State University Native American Student Scholarship,Native & tribal communities,Native & tribal communities; Students,Yes,Reviewed against all 25 definitions; supporting excerpts are in the audit evidence.
res-ushe-technical-education-scholarship,Utah System of Higher Education Technical Education Scholarship,Students,Students,No,Reviewed against all 25 definitions; supporting excerpts are in the audit evidence.
res-ushe-utah-promise-trailblazer-promise,Utah Promise Grant / Utah Tech Trailblazer Promise,Low-income households,Low-income households; Students; Immigrants & refugees,Yes,Reviewed against all 25 definitions; supporting excerpts are in the audit evidence.
res-ushe-adult-learner-grant,Utah System of Higher Education Adult Learner Grant Program,Low-income households,Low-income households; Students,Yes,Reviewed against all 25 definitions; supporting excerpts are in the audit evidence.
res-ushe-opportunity-scholarship,Utah System of Higher Education Opportunity Scholarship,,Families with children; Children & teens; Students,Yes,Reviewed against all 25 definitions; supporting excerpts are in the audit evidence.
res-ushe-utah-fafsa-help,Utah System of Higher Education Utah FAFSA Help,Students; Spanish-speaking people,Students; Spanish-speaking people,No,Reviewed against all 25 definitions; supporting excerpts are in the audit evidence.
res-utah-tech-kidspace-afterschool,Utah Tech University KidSpace Afterschool,Children & teens,Children & teens; Families with children; Students,Yes,Reviewed against all 25 definitions; supporting excerpts are in the audit evidence.
res-utah-tech-southern-utah-ahec-health-scholars,Utah Tech University Southern Utah AHEC / Utah Health Scholars,,Students,Yes,Reviewed against all 25 definitions; supporting excerpts are in the audit evidence.
res-utah-tech-academic-performance-center-tutoring,Utah Tech University Academic Performance Center tutoring,Students,Students,No,Reviewed against all 25 definitions; supporting excerpts are in the audit evidence.
res-utah-tech-adult-learner-admissions,Utah Tech University Adult Learner Admissions,Seniors,Seniors,No,Reviewed against all 25 definitions; supporting excerpts are in the audit evidence.
res-utah-tech-atwood-innovation-plaza-stem-makerspace,Utah Tech University Atwood Innovation Plaza STEM Outreach Center and Makerspace,Children & teens; Students,Children & teens; Students; Families with children,Yes,Reviewed against all 25 definitions; supporting excerpts are in the audit evidence.
res-utah-tech-business-resource-center-futureready,Utah Tech University Business Resource Center / FutureReady Utah,,,No,"Reviewed against all 25 definitions: the saved record supports broad public/adult access, without an established population-specific service or accommodation."
res-utah-tech-career-services,Utah Tech University Career Services,Students,Students,No,Reviewed against all 25 definitions; supporting excerpts are in the audit evidence.
res-utah-tech-community-education,Utah Tech University Community Education and Certificate Programs,,,No,"Reviewed against all 25 definitions: the saved record supports broad public/adult access, without an established population-specific service or accommodation."
res-utah-tech-concurrent-enrollment,Utah Tech University Concurrent Enrollment,,Families with children; Children & teens; Students,Yes,Reviewed against all 25 definitions; supporting excerpts are in the audit evidence.
res-utah-tech-cna-certificate,Utah Tech University Certified Nursing Assistant certificate,Students,Students; Families with children; Children & teens,Yes,Reviewed against all 25 definitions; supporting excerpts are in the audit evidence.
res-utah-tech-hurricane-education-center,Utah Tech University Hurricane Education Center,,Families with children; Children & teens; Students,Yes,Reviewed against all 25 definitions; supporting excerpts are in the audit evidence.
res-utah-tech-institute-for-continued-learning,Utah Tech University Institute for Continued Learning,,Seniors,Yes,Documented older/retired audience without claiming a strict age minimum.
res-utah-tech-post-academy,Utah Tech University POST Academy at Hurricane Education Center,,,No,Police recruit training is not support for justice-involved clients; general admission does not require prior student status.
res-utah-tech-hb144-resident-tuition-affidavit,Utah Tech University HB 144 affidavit for nonresident tuition waiver,Students,Students; Immigrants & refugees,Yes,Reviewed against all 25 definitions; supporting excerpts are in the audit evidence.
res-utah-tech-th-bell-education-scholarship,Utah Tech University T.H. Bell Education Scholarship,People with disabilities; Students,Students,Yes,The scholarship trains professionals who serve disabled students; it does not require or specifically support disabled scholarship applicants.
res-utah-tech-testing-center-ged-professional-exams,Utah Tech University Testing Center GED and professional exam access,Children & teens,Children & teens; Families with children,Yes,Reviewed against all 25 definitions; supporting excerpts are in the audit evidence.
res-utah-tech-trio-educational-talent-search,Utah Tech University TRIO Educational Talent Search,,Families with children; Children & teens; Students; Low-income households; People with disabilities; People experiencing homelessness; Foster & kinship families,Yes,Reviewed against all 25 definitions; supporting excerpts are in the audit evidence.
res-utah-tech-trio-student-support-services,Utah Tech University TRIO Student Support Services,People with disabilities; Students,People with disabilities; Students; Immigrants & refugees; Low-income households,Yes,Reviewed against all 25 definitions; supporting excerpts are in the audit evidence.
res-utah-tech-trio-upward-bound,Utah Tech University TRIO Upward Bound,Low-income households; Students,Low-income households; Students; Immigrants & refugees; Families with children; Children & teens,Yes,Reviewed against all 25 definitions; supporting excerpts are in the audit evidence.
res-utah-tech-bridge-scholarship-dixie-tech,Utah Tech University Bridge Scholarship for Dixie Technical College alumni,,Students,Yes,Reviewed against all 25 definitions; supporting excerpts are in the audit evidence.
res-utah-tech-financial-aid-scholarships-office,Utah Tech University Financial Aid and Scholarships Office,Students,Students; Low-income households,Yes,Reviewed against all 25 definitions; supporting excerpts are in the audit evidence.
res-utah-tech-heiy-incarcerated-youth,Utah Tech University Higher Education for Incarcerated Youth (HEIY),Children & teens; People leaving incarceration,Children & teens; People leaving incarceration; Families with children; Students,Yes,Reviewed against all 25 definitions; supporting excerpts are in the audit evidence.
res-utah-tech-prior-learning-assessment,Utah Tech University Prior Learning Assessment,Veterans & military families,Veterans & military families; Students,Yes,Reviewed against all 25 definitions; supporting excerpts are in the audit evidence.
res-utah-tech-veteran-military-services-education-benefits,Utah Tech University Veteran and Military Services education-benefit certification and support,Veterans & military families,Veterans & military families; Students,Yes,Reviewed against all 25 definitions; supporting excerpts are in the audit evidence.
res-utah-tech-esl-academic-english,Utah Tech University English as a Second Language academic program,,Immigrants & refugees; Students,Yes,Reviewed against all 25 definitions; supporting excerpts are in the audit evidence.
res-washington-county-coa-st-george-computer-access-instruction,Washington County Council on Aging St. George computer access and instruction,Seniors,Seniors,No,Reviewed against all 25 definitions; supporting excerpts are in the audit evidence.
res-washington-county-library-st-george-makerspace-learning-access,"Washington County Library St. George branch computer, learning, and MakerSpace access",Children & teens,Children & teens; Families with children,Yes,Reviewed against all 25 definitions; supporting excerpts are in the audit evidence.
res-wcsd-southwest-adult-high-school-esl,Washington County School District Southwest Adult High School ESL classes,Immigrants & refugees; Spanish-speaking people,Immigrants & refugees; Spanish-speaking people,No,Reviewed against all 25 definitions; supporting excerpts are in the audit evidence.
res-wcsd-southwest-adult-high-school-adult-education,"Washington County School District Southwest Adult High School adult education, diploma, and GED preparation",,Families with children; Children & teens; Veterans & military families,Yes,Reviewed against all 25 definitions; supporting excerpts are in the audit evidence.
res-wcsd-foundation-chelsi-petersen-scholarship,Washington County School District Foundation Chelsi Petersen Memorial Scholarship,,Families with children; Children & teens; Students; Low-income households,Yes,Reviewed against all 25 definitions; supporting excerpts are in the audit evidence.
res-wcsd-special-education-department-transition-services,Washington County School District Special Education Department and transition services,People with disabilities; Students,People with disabilities; Students; Families with children; Children & teens; Deaf & hard of hearing; Blind & low vision,Yes,Reviewed against all 25 definitions; supporting excerpts are in the audit evidence.
res-wcsd-career-technical-education-pathways,Washington County School District Career and Technical Education pathways,People with disabilities; Students,Students; Families with children; Children & teens,Yes,A general nondiscrimination statement does not document a specific disability accommodation or dedicated disability service.
res-wcsd-dual-language-immersion,Washington County School District Dual Language Immersion,Students,Students; Families with children; Children & teens; Spanish-speaking people,Yes,Reviewed against all 25 definitions; supporting excerpts are in the audit evidence.
res-wcsd-millcreek-high-school-alternative-completion,Washington County School District Millcreek High School alternative completion pathway,Students,Students; Families with children; Children & teens,Yes,Reviewed against all 25 definitions; supporting excerpts are in the audit evidence.
res-wcsd-career-tech-high-school,Washington County School District Career Tech High School,,Families with children; Children & teens; Students,Yes,Reviewed against all 25 definitions; supporting excerpts are in the audit evidence.
res-wcsd-title-vi-indian-education,Washington County School District Title VI Indian Education and Family Nights,Native & tribal communities,Native & tribal communities; Families with children; Children & teens; Students,Yes,Reviewed against all 25 definitions; supporting excerpts are in the audit evidence.
res-swah-purgatory-correctional-facility-education,Southwest Adult High School at Purgatory Correctional Facility,People leaving incarceration,People leaving incarceration,No,Reviewed against all 25 definitions; supporting excerpts are in the audit evidence.
res-zion-massage-college-massage-therapy,Zion Massage College massage therapy certificate programs,,People with disabilities; Veterans & military families,Yes,Reviewed against all 25 definitions; supporting excerpts are in the audit evidence.
res-ascend-st-george-staffing,Ascend Staffing St. George temporary and temp-to-hire staffing,,,No,"Reviewed against all 25 definitions: the saved record supports broad public/adult access, without an established population-specific service or accommodation."
res-elwood-st-george-staffing,Elwood Staffing St. George staffing and job-seeker intake,,,No,"Reviewed against all 25 definitions: the saved record supports broad public/adult access, without an established population-specific service or accommodation."
res-express-employment-st-george,Express Employment Professionals Saint George job placement,,,No,"Reviewed against all 25 definitions: the saved record supports broad public/adult access, without an established population-specific service or accommodation."
res-five-county-cap-employment-support,"Five County AOG Community Action Partnership Employment Support, bus passes, vouchers, and document assistance",Seniors; People with disabilities; Abuse & violence survivors; Low-income households,Seniors; People with disabilities; Abuse & violence survivors; Low-income households,No,Reviewed against all 25 definitions; supporting excerpts are in the audit evidence.
res-nexeo-hr-st-george-staffing,"Nexeo HR St. George temp, temp-to-hire, and direct-hire staffing",,,No,"Reviewed against all 25 definitions: the saved record supports broad public/adult access, without an established population-specific service or accommodation."
res-peopleready-st-george-staffing,PeopleReady St. George temporary and shift-work staffing,,,No,"Reviewed against all 25 definitions: the saved record supports broad public/adult access, without an established population-specific service or accommodation."
res-sbhc-southwest-employment-services,Southwest Behavioral Health Center Southwest Employment Services,People in recovery,People in recovery; People with disabilities,Yes,The service explicitly adapts employment support for mental-illness/substance-use clients; no general reentry eligibility is established.
res-lds-employment-services-st-george,The Church of Jesus Christ of Latter-day Saints St. George Employment Services,,,No,"Reviewed against all 25 definitions: the saved record supports broad public/adult access, without an established population-specific service or accommodation."
res-va-vre-chapter31,U.S. Department of Veterans Affairs Veteran Readiness and Employment (VR&E / Chapter 31),Veterans & military families; People with disabilities,Veterans & military families; People with disabilities,No,Reviewed against all 25 definitions; supporting excerpts are in the audit evidence.
res-ucp-staffing-st-george,UCP Staffing St. George construction and skilled-trades staffing,,,No,"Reviewed against all 25 definitions: the saved record supports broad public/adult access, without an established population-specific service or accommodation."
res-utah-dws-federal-bonding-program,Utah DWS Federal Bonding Program,People in recovery; Children & teens; People leaving incarceration,People in recovery; Children & teens; People leaving incarceration; Families with children; Veterans & military families; Low-income households,Yes,Reviewed against all 25 definitions; supporting excerpts are in the audit evidence.
res-utah-dws-veteran-military-employment-services,Utah DWS Veteran and Military Employment Services,Veterans & military families,Veterans & military families,No,Reviewed against all 25 definitions; supporting excerpts are in the audit evidence.
res-aarp-foundation-tax-aide,AARP Foundation Tax-Aide free tax preparation,Seniors; Low-income households,Seniors; Low-income households,No,Reviewed against all 25 definitions; supporting excerpts are in the audit evidence.
res-enbridge-energy-assistance-credit,Enbridge Gas Utah Energy Assistance Credit,,Low-income households,Yes,Reviewed against all 25 definitions; supporting excerpts are in the audit evidence.
res-enbridge-reach,Enbridge Gas Utah REACH Residential Energy Assistance through Community Help,Seniors; Low-income households,Seniors; Low-income households; People with disabilities; Families with children; Children & teens; Veterans & military families,Yes,Reviewed against all 25 definitions; supporting excerpts are in the audit evidence.
res-family-healthcare-sliding-fee-discounts,Family Healthcare sliding fee scale and prescription discounts,Low-income households; Uninsured & underinsured,Low-income households; Uninsured & underinsured,No,Reviewed against all 25 definitions; supporting excerpts are in the audit evidence.
res-five-county-heat,Five County Association of Governments HEAT energy assistance and shutoff protection,Low-income households,Low-income households; Immigrants & refugees,Yes,Reviewed against all 25 definitions; supporting excerpts are in the audit evidence.
res-homeless-veterans-fellowship-ssvf,Homeless Veterans Fellowship Supportive Services for Veteran Families (SSVF),Veterans & military families; People experiencing homelessness,Veterans & military families; People experiencing homelessness; Low-income households,Yes,Reviewed against all 25 definitions; supporting excerpts are in the audit evidence.
res-intermountain-financial-assistance-ut-id-nv,"Intermountain Health financial assistance for Utah, Idaho, and Nevada patients",Low-income households,Low-income households; Uninsured & underinsured,Yes,Reviewed against all 25 definitions; supporting excerpts are in the audit evidence.
res-jfs-utah-financial-assistance,Jewish Family Service of Utah Financial Assistance / Safety Net Program,,,No,Requires verifiable income; the record does not specify an income ceiling or particular population.
res-money-fit-credit-debt-counseling,Money Fit nonprofit credit counseling and debt management counseling,,,No,"Reviewed against all 25 definitions: the saved record supports broad public/adult access, without an established population-specific service or accommodation."
res-money-management-international-foreclosure-counseling,Money Management International free foreclosure-prevention counseling,,,No,"Reviewed against all 25 definitions: the saved record supports broad public/adult access, without an established population-specific service or accommodation."
res-ssa-extra-help-part-d,Social Security Extra Help for Medicare Part D prescription costs,Low-income households,Low-income households; People with disabilities; Deaf & hard of hearing,Yes,Reviewed against all 25 definitions; supporting excerpts are in the audit evidence.
res-ssa-lump-sum-death-payment,Social Security Lump-Sum Death Payment,Children & teens,Children & teens; Families with children; People with disabilities; Students; Young adults,Yes,Reviewed against all 25 definitions; supporting excerpts are in the audit evidence.
res-ssa-survivors-benefits-st-george-access,Social Security Survivors Benefits application and Saint George office access,Families with children; Children & teens; People with disabilities,Families with children; Children & teens; People with disabilities; Deaf & hard of hearing; Students,Yes,Reviewed against all 25 definitions; supporting excerpts are in the audit evidence.
res-salvation-army-lend-a-hand-rmp,The Salvation Army Lend A Hand Rocky Mountain Power energy assistance,People with disabilities,People with disabilities; Seniors,Yes,Reviewed against all 25 definitions; supporting excerpts are in the audit evidence.
res-single-parent-project-support-grants,The Single Parent Project single-parent support grants and 6 Month Program,Families with children,Families with children; Low-income households; Students,Yes,Reviewed against all 25 definitions; supporting excerpts are in the audit evidence.
res-va-burial-allowance-transportation,U.S. Department of Veterans Affairs Veterans Burial Allowance and Transportation Benefits,Veterans & military families,Veterans & military families,No,Reviewed against all 25 definitions; supporting excerpts are in the audit evidence.
res-va-veterans-pension,U.S. Department of Veterans Affairs Veterans Pension,Veterans & military families; People with disabilities,Veterans & military families; People with disabilities; Seniors; Low-income households,Yes,Reviewed against all 25 definitions; supporting excerpts are in the audit evidence.
res-utah-medicaid-medicare-savings-programs,"Utah Medicaid Medicare Savings Programs (QMB, SLMB, QI)",,Low-income households,Yes,Reviewed against all 25 definitions; supporting excerpts are in the audit evidence.
res-udvma-ace-grant,Utah Department of Veterans and Military Affairs Accelerated Credentialing to Employment (ACE) Program,Veterans & military families,Veterans & military families,No,Reviewed against all 25 definitions; supporting excerpts are in the audit evidence.
res-udvma-veteran-first-time-homebuyer-grant,Utah Department of Veterans and Military Affairs Utah Veteran First-Time Homebuyer Grant,Veterans & military families,Veterans & military families,No,Reviewed against all 25 definitions; supporting excerpts are in the audit evidence.
res-utah-dws-help-electric-lifeline,Utah Home Electric Lifeline Program (HELP) Rocky Mountain Power bill credit,Low-income households,Low-income households,No,Reviewed against all 25 definitions; supporting excerpts are in the audit evidence.
res-utah-dws-refugee-cash-assistance,Utah DWS Refugee Cash Assistance and Refugee Medical Assistance eligibility,Immigrants & refugees; Abuse & violence survivors,Immigrants & refugees; Abuse & violence survivors; Low-income households; Uninsured & underinsured,Yes,Reviewed against all 25 definitions; supporting excerpts are in the audit evidence.
res-utah-dws-adoption-assistance-birth-parents,Utah DWS Adoption Assistance Program for birth parents,Families with children,Families with children; Low-income households,Yes,"Birth-parent benefit; does not establish foster/kinship eligibility, a minor client, or a current pregnancy/postpartum requirement."
res-utah-dws-emergency-assistance-homeless-prevention,Utah DWS Emergency Assistance / Homeless Prevention,Families with children; Children & teens; People experiencing homelessness,Families with children; Children & teens; People experiencing homelessness; Low-income households,Yes,Reviewed against all 25 definitions; supporting excerpts are in the audit evidence.
res-utah-dws-general-assistance,Utah DWS General Assistance,,People with disabilities; Low-income households,Yes,Reviewed against all 25 definitions; supporting excerpts are in the audit evidence.
res-utah-dws-specified-relative-program,Utah DWS Specified Relative Program,Families with children; Children & teens,Families with children; Children & teens; Foster & kinship families; Caregivers,Yes,Reviewed against all 25 definitions; supporting excerpts are in the audit evidence.
res-utah-dws-unemployment-insurance,Utah DWS Unemployment Insurance,,Immigrants & refugees,Yes,The claim route explicitly accommodates noncitizen claimants; all UI/work-authorization rules still apply.
res-utah-dcfs-tal-aftercare-support,Utah DCFS Transition to Adult Living Aftercare Support and foster-youth document access,Children & teens; Foster & kinship families,Children & teens; Foster & kinship families; Families with children; Young adults,Yes,Reviewed against all 25 definitions; supporting excerpts are in the audit evidence.
res-utah-housing-corp-homebuyer-dpa,Utah Housing Corporation First-Time Homebuyer Assistance and Down Payment Assistance,,Low-income households,Yes,Reviewed against all 25 definitions; supporting excerpts are in the audit evidence.
res-utah-medicaid-hrss,Utah Medicaid Housing Related Services and Supports (HRSS),People experiencing homelessness,People experiencing homelessness; Low-income households; Abuse & violence survivors,Yes,Reviewed against all 25 definitions; supporting excerpts are in the audit evidence.
res-uptha-rental-assistance,Utah Paiute Tribal Housing Authority Rental Assistance Program,Native & tribal communities,Native & tribal communities,No,Reviewed against all 25 definitions; supporting excerpts are in the audit evidence.
res-utah-tax-commission-circuit-breaker-renter-credit,Utah State Tax Commission Circuit Breaker Renter's Credit,Seniors; Low-income households,Seniors; Low-income households,No,Reviewed against all 25 definitions; supporting excerpts are in the audit evidence.
res-utah-tech-vita-free-tax-prep,Utah Tech University VITA Free Tax Prep,Seniors; People with disabilities,Seniors; People with disabilities; Deaf & hard of hearing; Low-income households,Yes,Reviewed against all 25 definitions; supporting excerpts are in the audit evidence.
res-washington-county-realtors-reach-grant,Washington County Board of REALTORS REACH Foundation Grant Program,,,No,"Reviewed against all 25 definitions: the saved record supports broad public/adult access, without an established population-specific service or accommodation."
res-washington-county-indigent-cremation-assistance,Washington County indigent cremation assistance,Low-income households,Low-income households,No,Reviewed against all 25 definitions; supporting excerpts are in the audit evidence.
res-arrow-point-sotp-washington-county,Arrow Point Associates approved sex-offense treatment - Washington County,,People leaving incarceration,Yes,Reviewed against all 25 definitions; supporting excerpts are in the audit evidence.
res-clean-slate-utah-fresh-start,Clean Slate Utah Fresh Start expungement and pardon assistance,Low-income households,Low-income households; People leaving incarceration,Yes,Reviewed against all 25 definitions; supporting excerpts are in the audit evidence.
res-federal-public-defender-utah-st-george,Federal Public Defender District of Utah - St. George Branch Office,Low-income households,Low-income households; People leaving incarceration,Yes,Reviewed against all 25 definitions; supporting excerpts are in the audit evidence.
res-washington-county-mental-health-court,Fifth District Court Washington County Adult Mental Health Court,People leaving incarceration,People leaving incarceration,No,Reviewed against all 25 definitions; supporting excerpts are in the audit evidence.
res-hope-healing-place-sotp-washington-county,Hope and Healing Place approved sex-offense treatment - Washington County,,People leaving incarceration,Yes,Reviewed against all 25 definitions; supporting excerpts are in the audit evidence.
res-john-volken-academy-utah,John Volken Academy Utah residential vocational recovery school,Men,Men; People in recovery; Uninsured & underinsured,Yes,Reviewed against all 25 definitions; supporting excerpts are in the audit evidence.
res-rasa-legal-utah-record-clearance,"Rasa Legal Utah record clearance, expungement, and 402 reduction services",,People leaving incarceration,Yes,Reviewed against all 25 definitions; supporting excerpts are in the audit evidence.
res-swuhealth-vital-records-washington-county,Southwest Utah Public Health Washington County Vital Records and Utah birth-certificate fee waiver access,Children & teens; People experiencing homelessness,Children & teens; People experiencing homelessness; Foster & kinship families; Families with children; Young adults,Yes,Reviewed against all 25 definitions; supporting excerpts are in the audit evidence.
res-other-side-academy-utah-reentry,The Other Side Academy Utah residential reentry and therapeutic community,People in recovery; People experiencing homelessness; People leaving incarceration,People in recovery; People experiencing homelessness; People leaving incarceration,No,Reviewed against all 25 definitions; supporting excerpts are in the audit evidence.
res-va-veterans-justice-outreach-st-george,U.S. Department of Veterans Affairs Veterans Justice Outreach - St. George contact,Veterans & military families; People leaving incarceration,Veterans & military families; People leaving incarceration,No,Reviewed against all 25 definitions; supporting excerpts are in the audit evidence.
res-us-probation-utah-st-george-reentry,United States Probation and Pretrial Services District of Utah - St. George reentry access,People leaving incarceration,People leaving incarceration,No,Reviewed against all 25 definitions; supporting excerpts are in the audit evidence.
res-utah-lifeline-phone-internet-discount,Lifeline and Utah telecommunication assistance phone or internet discount,Veterans & military families; Native & tribal communities; Low-income households,Veterans & military families; Native & tribal communities; Low-income households,No,Reviewed against all 25 definitions; supporting excerpts are in the audit evidence.
res-udc-workforce-development-hive,Utah Department of Corrections Workforce Development / The Hive,People leaving incarceration,People leaving incarceration,No,Reviewed against all 25 definitions; supporting excerpts are in the audit evidence.
res-bci-expungement-certificate,Utah BCI Expungement Certificate of Eligibility and expungement status access,People leaving incarceration,People leaving incarceration,No,Reviewed against all 25 definitions; supporting excerpts are in the audit evidence.
res-dopl-criminal-history-determination,Utah DOPL Application for Criminal History Determination,,People leaving incarceration,Yes,Reviewed against all 25 definitions; supporting excerpts are in the audit evidence.
res-utah-dld-dixie-license-reinstatement,"Utah Driver License Division Dixie Office ID, Driving Privilege Card, reinstatement, and DUI hearing access",,Immigrants & refugees; People leaving incarceration,Yes,Reviewed against all 25 definitions; supporting excerpts are in the audit evidence.
res-jjys-alta,Utah JJYS Adult Living for Transitional Achievement (ALTA),Children & teens; People leaving incarceration,Children & teens; People leaving incarceration; Families with children; Young adults,Yes,Reviewed against all 25 definitions; supporting excerpts are in the audit evidence.
res-utah-medicaid-justice-involved-program,Utah Medicaid Justice-Involved Program,People leaving incarceration,People leaving incarceration; Families with children; Children & teens; People in recovery; Low-income households,Yes,Reviewed against all 25 definitions; supporting excerpts are in the audit evidence.
res-usu-hru-justice-involved-fatherhood,USU Extension Healthy Relationships Utah Fatherhood Education for Justice-Involved Fathers,Children & teens; People leaving incarceration,People leaving incarceration; Families with children; Men; Caregivers,Yes,"Clients are fathers age 18+; their children's ages describe parent eligibility, not children receiving the class."
res-washington-county-justice-court-access,"Washington County Justice Court case, warrant, public-defender, fine, and license access",People leaving incarceration; Spanish-speaking people,People leaving incarceration; Spanish-speaking people,No,Reviewed against all 25 definitions; supporting excerpts are in the audit evidence.
res-purgatory-correctional-facility-programming-unit,Purgatory Correctional Facility Programming Unit / volunteer-assisted inmate programs,People leaving incarceration,People leaving incarceration,No,Reviewed against all 25 definitions; supporting excerpts are in the audit evidence.
res-utah-dhhs-community-food-security-produce-benefits,Utah DHHS Community Food Security produce benefits and Senior Farmers Market Nutrition,Seniors; Low-income households,Seniors; Low-income households,No,Reviewed against all 25 definitions; supporting excerpts are in the audit evidence.
res-dixie-tech-student-food-pantry,Dixie Technical College Student Food Pantry,Students,Students,No,Reviewed against all 25 definitions; supporting excerpts are in the audit evidence.
res-encircle-st-george-family-dinner,Encircle St. George Family Dinner Taco Tuesday,Children & teens; Young adults; LGBTQ+ people,Children & teens; Young adults; LGBTQ+ people; Families with children,Yes,Reviewed against all 25 definitions; supporting excerpts are in the audit evidence.
res-grace-episcopal-stgeorge-food-access,Grace Episcopal Church hosted soup kitchen and Utah Food Bank food boxes,Students,Students,No,The saved entry names families and students but no child-specific eligibility.
res-solomons-porch-sunday-feast-friday-pantry,Solomon's Porch Sunday Feast and Friday food pantry,Seniors; People experiencing homelessness,Seniors; People experiencing homelessness,No,Reviewed against all 25 definitions; supporting excerpts are in the audit evidence.
res-switchpoint-food-pantry,Switchpoint Food Pantry,,,No,"Economic hardship is stated without a published income restriction, and family households do not necessarily include minors."
res-full-cart-virtual-food-bank,U.S. Hunger Full Cart virtual food bank waitlist,,,No,"Reviewed against all 25 definitions: the saved record supports broad public/adult access, without an established population-specific service or accommodation."
res-utah-food-bank-csfp,Utah Food Bank Commodity Supplemental Food Program (CSFP),Seniors; Low-income households,Seniors; Low-income households,No,Reviewed against all 25 definitions; supporting excerpts are in the audit evidence.
res-washington-county-coa-meals-on-wheels-st-george,Washington County Council on Aging Meals on Wheels - St. George Active Life Center,Seniors,Seniors; People with disabilities,Yes,Reviewed against all 25 definitions; supporting excerpts are in the audit evidence.
res-washington-county-coa-st-george-nutrition-program,Washington County Council on Aging St. George Active Life Center senior lunch and computer access,Seniors,Seniors,No,Reviewed against all 25 definitions; supporting excerpts are in the audit evidence.
res-enterprise-valley-medical-clinic,Enterprise Valley Medical Clinic FQHC primary care and dental voucher access,Low-income households; Spanish-speaking people,Low-income households; Spanish-speaking people; Uninsured & underinsured,Yes,Reviewed against all 25 definitions; supporting excerpts are in the audit evidence.
res-eyecare4kids-utah-mobile-vision,EyeCare4Kids Utah mobile vision clinic and charity eye care,Children & teens,Children & teens; Families with children; Students; People experiencing homelessness,Yes,Reviewed against all 25 definitions; supporting excerpts are in the audit evidence.
res-family-planning-elevated-free-emergency-contraception,Family Planning Elevated / University of Utah Health free emergency contraception,,,No,Contraception prevents pregnancy; no pregnancy/postpartum service or income restriction is established.
res-focus-eye-center-medicaid-eye-care,Focus Eye Center St. George Medicaid-accepting eye care and optical,,Families with children; Children & teens,Yes,Reviewed against all 25 definitions; supporting excerpts are in the audit evidence.
res-friends-for-sight-sightfest-glasses,Friends for Sight SightFest and free glasses assistance,Low-income households; Uninsured & underinsured,Low-income households; Uninsured & underinsured; Families with children; Children & teens; Students,Yes,Reviewed against all 25 definitions; supporting excerpts are in the audit evidence.
res-integrated-medical-clinic-mobile-care,Integrated Medical Clinic and mobile primary care,Uninsured & underinsured,Women; Men; People with disabilities; People with serious illness,Yes,Uninsured patients are only advised to ask about self-pay; actual homebound visits and named chronic-condition care are documented.
res-intermountain-downwinders-clinic-resep,Intermountain Health Downwinders Clinic / RESEP assistance,People with serious illness,People with serious illness,No,Reviewed against all 25 definitions; supporting excerpts are in the audit evidence.
res-intermountain-river-road-instacare,Intermountain Health River Road Clinic InstaCare and financial-assistance access,Low-income households,Low-income households,No,Reviewed against all 25 definitions; supporting excerpts are in the audit evidence.
res-intermountain-st-george-endocrine-diabetes,Intermountain Health St. George Endocrine and Diabetes Clinic,,People with serious illness,Yes,Reviewed against all 25 definitions; supporting excerpts are in the audit evidence.
res-intermountain-st-george-imaging-center,Intermountain Health St. George Imaging Center,,,No,"Reviewed against all 25 definitions: the saved record supports broad public/adult access, without an established population-specific service or accommodation."
res-new-eyes-evoucher-program,New Eyes E-Voucher Program for prescription eyeglasses,Low-income households,Low-income households,No,Reviewed against all 25 definitions; supporting excerpts are in the audit evidence.
res-retina-associates-southern-utah-retina-specialty-care,Retina Associates of Southern Utah retina specialty care,,People with serious illness,Yes,Reviewed against all 25 definitions; supporting excerpts are in the audit evidence.
res-revere-health-st-george-campus-imaging-lab,"Revere Health St. George Multi-Specialty Campus, Imaging, and Laboratory",,,No,"Reviewed against all 25 definitions: the saved record supports broad public/adult access, without an established population-specific service or accommodation."
res-smiles-restored-st-george-dental-clinic,"Smiles Restored St. George dental clinic, dentures, and restorative care",,,No,"Reviewed against all 25 definitions: the saved record supports broad public/adult access, without an established population-specific service or accommodation."
res-southern-utah-primary-urgent-care-home,Southern Utah Primary and Urgent Care in-home primary and urgent care,,People with serious illness,Yes,Reviewed against all 25 definitions; supporting excerpts are in the audit evidence.
res-st-george-kids-dental-pediatric-dental-care,St. George Kids Dental pediatric dental care,Families with children; Children & teens; Spanish-speaking people,Families with children; Children & teens; Spanish-speaking people,No,Reviewed against all 25 definitions; supporting excerpts are in the audit evidence.
res-st-george-lions-club-eyeglasses,St. George Lions Club eyeglasses for people in need,,,No,"Reviewed against all 25 definitions: the saved record supports broad public/adult access, without an established population-specific service or accommodation."
res-moran-eye-center-utah-outreach-operation-sight,University of Utah Health Moran Eye Center local outreach and Operation Sight,Immigrants & refugees; People experiencing homelessness; Low-income households; Uninsured & underinsured,Immigrants & refugees; People experiencing homelessness; Low-income households; Uninsured & underinsured; People with serious illness,Yes,Reviewed against all 25 definitions; supporting excerpts are in the audit evidence.
res-uofu-clinic-1a-ryan-white-hiv-care,University of Utah Health Clinic 1A Ryan White HIV/AIDS care - Southwestern Utah access,People with serious illness,People with serious illness; People in recovery; Women,Yes,Reviewed against all 25 definitions; supporting excerpts are in the audit evidence.
res-utah-medicaid-cancer-program-breast-cervical-cancer,Utah Medicaid Cancer Program for breast or cervical cancer,Uninsured & underinsured; People with serious illness,Uninsured & underinsured; People with serious illness,No,Reviewed against all 25 definitions; supporting excerpts are in the audit evidence.
res-utah-breast-cervical-cancer-screening-program,Utah Breast and Cervical Cancer Screening Program,Low-income households; Uninsured & underinsured; People with serious illness,Low-income households; Uninsured & underinsured; People with serious illness; Women,Yes,Reviewed against all 25 definitions; supporting excerpts are in the audit evidence.
res-utah-medicaid-interpreter-language-services,Utah Medicaid interpreter and language services,Spanish-speaking people,Spanish-speaking people; People with disabilities; Deaf & hard of hearing; Low-income households,Yes,Reviewed against all 25 definitions; supporting excerpts are in the audit evidence.
res-va-dav-vans-st-george,DAV / Veterans Transportation Service van from St. George to VA appointments,Veterans & military families,Veterans & military families,No,The van requires unaided boarding and explicitly excludes wheelchair paratransit; DAV name alone does not establish disability access.
res-usps-general-delivery-st-george-mail-access,USPS General Delivery and homeless mail access - St. George post office confirmation required,People experiencing homelessness,People experiencing homelessness,No,Reviewed against all 25 definitions; supporting excerpts are in the audit evidence.
res-utah-medicaid-targeted-adult-medicaid-tam,Utah Targeted Adult Medicaid (TAM) homelessness and justice-involved eligibility pathway,People experiencing homelessness; People leaving incarceration; Low-income households,People experiencing homelessness; People leaving incarceration; Low-income households; People in recovery,Yes,Reviewed against all 25 definitions; supporting excerpts are in the audit evidence.
res-utah-dld-homeless-id-card-fee-waiver-dixie,Utah Driver License Division ID-card fee waivers - homeless and indigent applicants,People experiencing homelessness,People experiencing homelessness; Low-income households,Yes,Reviewed against all 25 definitions; supporting excerpts are in the audit evidence.
res-at-the-crossroads-transitional-living,At The Crossroads young adult residential transitional living and therapeutic support,Young adults,Young adults,No,Reviewed against all 25 definitions; supporting excerpts are in the audit evidence.
res-canyon-pointe-apartments,Canyon Pointe Apartments affordable rental application route,,,No,Affordable listing only; current income restriction and unit set-asides are unconfirmed.
res-community-housing-services-black-hills-snow-canyon,Community Housing Services Black Hills and Snow Canyon affordable apartments,Low-income households; Spanish-speaking people,Low-income households; Spanish-speaking people,No,Reviewed against all 25 definitions; supporting excerpts are in the audit evidence.
res-crown-at-ash-creek-crown-rent-to-own,Crown at Ash Creek CROWN rent-to-own affordable homes,,Low-income households,Yes,Reviewed against all 25 definitions; supporting excerpts are in the audit evidence.
res-desert-rose-apartments,Desert Rose Apartments affordable rental application route,,,No,"Reviewed against all 25 definitions: the saved record supports broad public/adult access, without an established population-specific service or accommodation."
res-fountain-heights-apartments,Fountain Heights Apartments affordable rental application route,,,No,"Reviewed against all 25 definitions: the saved record supports broad public/adult access, without an established population-specific service or accommodation."
res-habitat-southwest-utah-homeowner-program,Habitat for Humanity of Southwest Utah Homeowner Program,,Low-income households,Yes,Reviewed against all 25 definitions; supporting excerpts are in the audit evidence.
res-hurricane-hills-townhomes,Hurricane Hills Townhomes affordable housing,,Seniors; Low-income households,Yes,"Senior phase and income limits are documented; other family phases are only possible, not confirmed."
res-jefferson-park-apartments,Jefferson Park Apartments low-income rental application route,Low-income households,Low-income households,No,Reviewed against all 25 definitions; supporting excerpts are in the audit evidence.
res-st-george-villa-apartments,St. George Villa Apartments income-based affordable rentals,Low-income households,Low-income households; Families with children,Yes,Reviewed against all 25 definitions; supporting excerpts are in the audit evidence.
res-village-heritage-court-apartments,The Village at Heritage Court Apartments 55+ income-restricted rentals,,Seniors; Low-income households; People with disabilities,Yes,Reviewed against all 25 definitions; supporting excerpts are in the audit evidence.
res-mesa-manor-apartments,Mesa Manor Apartments senior low-income rentals,Seniors; Low-income households,Seniors; Low-income households,No,Reviewed against all 25 definitions; supporting excerpts are in the audit evidence.
res-navicore-st-george-housing-counseling,Navicore Solutions St. George HUD-approved housing counseling,,,No,"Reviewed against all 25 definitions: the saved record supports broad public/adult access, without an established population-specific service or accommodation."
res-renee-ann-apartments,Renee Ann Apartments affordable rental application route,,,No,"Reviewed against all 25 definitions: the saved record supports broad public/adult access, without an established population-specific service or accommodation."
res-pine-valley-townhomes,Pine Valley Townhomes income-restricted affordable housing,,Low-income households; Families with children,Yes,Reviewed against all 25 definitions; supporting excerpts are in the audit evidence.
res-red-cliff-manor,Red Cliff Manor senior tax-credit affordable rentals,Seniors,Seniors; Low-income households; People with disabilities,Yes,Reviewed against all 25 definitions; supporting excerpts are in the audit evidence.
res-redhawk-apartments-springdale,Redhawk Apartments Springdale income-restricted rentals,,Low-income households; People with disabilities,Yes,Reviewed against all 25 definitions; supporting excerpts are in the audit evidence.
res-red-rock-at-sienna-hills,Red Rock at Sienna Hills income-restricted apartments,,Low-income households,Yes,Reviewed against all 25 definitions; supporting excerpts are in the audit evidence.
res-riverwalk-village,Riverwalk Village LIHTC affordable apartments,Low-income households,Low-income households; Seniors,Yes,Reviewed against all 25 definitions; supporting excerpts are in the audit evidence.
res-riviera-palms-townhomes,Riviera Palms Townhomes tax-credit affordable rentals contact list,,Low-income households; People with disabilities,Yes,Reviewed against all 25 definitions; supporting excerpts are in the audit evidence.
res-self-help-homes-mutual-self-help,Self-Help Homes Mutual Self-Help Housing pre-application,Low-income households,Low-income households,No,Reviewed against all 25 definitions; supporting excerpts are in the audit evidence.
res-hurricane-apartments,Hurricane Apartments 62+ income-restricted senior rentals,Seniors,Seniors; Low-income households,Yes,Reviewed against all 25 definitions; supporting excerpts are in the audit evidence.
res-sierra-pointe-apartments,Sierra Pointe Apartments affordable rental application route,,,No,"Reviewed against all 25 definitions: the saved record supports broad public/adult access, without an established population-specific service or accommodation."
res-sky-at-brio,Sky at Brio 62+ senior apartments application and waitlist route,Seniors,Seniors,No,Reviewed against all 25 definitions; supporting excerpts are in the audit evidence.
res-sober-living-properties-st-george,Sober Living Properties At Sober Living - St. George sober living house,People in recovery,People in recovery; Men,Yes,Reviewed against all 25 definitions; supporting excerpts are in the audit evidence.
res-sbhc-residential-housing-support,Southwest Behavioral Health Center residential and housing support services,People in recovery; Children & teens; Women,People in recovery; Children & teens; Women; Families with children; People with disabilities; People with serious illness,Yes,Reviewed against all 25 definitions; supporting excerpts are in the audit evidence.
res-stone-ridge-townhomes,Stone Ridge Townhomes affordable rental application route,,,No,"Reviewed against all 25 definitions: the saved record supports broad public/adult access, without an established population-specific service or accommodation."
res-summerhill-apartments,Summerhill Apartments affordable family rentals,Low-income households,Low-income households; Families with children,Yes,Reviewed against all 25 definitions; supporting excerpts are in the audit evidence.
res-summit-pointe-senior-apartments,Summit Pointe Senior Apartments rental application route,Seniors,Seniors,No,Reviewed against all 25 definitions; supporting excerpts are in the audit evidence.
res-sunset-springs-apartments,Sunset Springs Apartments below-market and income-limited unit application route,,,No,Only a possible limited income-restricted set-aside is described; confirm the actual unit/program.
res-switchpoint-red-hills-point,Switchpoint Red Hills / The Point at Red Hills supportive housing for seniors and veterans,Veterans & military families; Seniors; People experiencing homelessness; Low-income households,Veterans & military families; Seniors; People experiencing homelessness; Low-income households,No,Reviewed against all 25 definitions; supporting excerpts are in the audit evidence.
res-usda-section-502-direct-home-loan,USDA Section 502 Direct Home Loan - Southern Utah rural access,Low-income households,Low-income households; Immigrants & refugees,Yes,Reviewed against all 25 definitions; supporting excerpts are in the audit evidence.
res-uptha-low-rent-program,Utah Paiute Tribal Housing Authority Low Rent Program,Native & tribal communities,Native & tribal communities,No,Reviewed against all 25 definitions; supporting excerpts are in the audit evidence.
res-sun-country-home-solutions-housing-counseling,Sun Country Home Solutions St. George housing counseling,,,No,"Reviewed against all 25 definitions: the saved record supports broad public/adult access, without an established population-specific service or accommodation."
res-consulate-mexico-slc-id-documents,Consulate of Mexico in Salt Lake City Mexican identity documents and certified birth records,,Immigrants & refugees; Families with children; Children & teens,Yes,Consular document support explicitly includes parental-consent rules for child documents.
res-ftc-identitytheft-recovery-plan,Federal Trade Commission IdentityTheft.gov Identity Theft Report and recovery plan,,,No,Identity fraud alone does not establish the abuse/assault/trafficking populations in the survivor definition.
res-irs-itin-form-w7,IRS Individual Taxpayer Identification Number (Form W-7) application,,Immigrants & refugees,Yes,Reviewed against all 25 definitions; supporting excerpts are in the audit evidence.
res-nara-nprc-dd214-replacement,National Archives NPRC military service records and DD Form 214 replacement,Veterans & military families,Veterans & military families,No,Reviewed against all 25 definitions; supporting excerpts are in the audit evidence.
res-nn4y-vital-document-hotline-youth,I Am Here Vital Document Legal Hotline for Youth,Children & teens; People experiencing homelessness,Children & teens; People experiencing homelessness; Families with children,Yes,Reviewed against all 25 definitions; supporting excerpts are in the audit evidence.
res-nomas-legal-immigration-documents,No More A Stranger Foundation free immigration legal representation,Immigrants & refugees,Immigrants & refugees; Abuse & violence survivors,Yes,Reviewed against all 25 definitions; supporting excerpts are in the audit evidence.
res-utah-lieutenant-governor-apostille,Office of the Utah Lieutenant Governor Apostille and document authentication,,,No,"Reviewed against all 25 definitions: the saved record supports broad public/adult access, without an established population-specific service or accommodation."
res-pitu-enrollment-shivwits-documentation,Paiute Indian Tribe of Utah Enrollment Services and Shivwits Band documentation access,Native & tribal communities,Native & tribal communities,No,Reviewed against all 25 definitions; supporting excerpts are in the audit evidence.
res-rainbow-law-legal-site-name-gender-marker,Rainbow Law Legal Site name and gender-marker legal clinic,LGBTQ+ people,LGBTQ+ people,No,Reviewed against all 25 definitions; supporting excerpts are in the audit evidence.
res-sixfifty-identity-650,SixFifty Identity 650 Utah name-change and gender-marker paperwork tool,,LGBTQ+ people,Yes,Reviewed against all 25 definitions; supporting excerpts are in the audit evidence.
res-st-george-police-online-report-id-theft,St. George Police Department online report and records starting point for stolen or misused IDs,,,No,"Reviewed against all 25 definitions: the saved record supports broad public/adult access, without an established population-specific service or accommodation."
res-uscis-immigration-document-replacement-fee-waiver,"USCIS Contact Center, Salt Lake City field office/ASC, accommodations, and fee-waiver pathways",People with disabilities; Immigrants & refugees; Low-income households,People with disabilities; Immigrants & refugees; Low-income households,No,Reviewed against all 25 definitions; supporting excerpts are in the audit evidence.
res-state-dept-lost-stolen-passport,U.S. Department of State lost or stolen U.S. passport replacement,,,No,"Reviewed against all 25 definitions: the saved record supports broad public/adult access, without an established population-specific service or accommodation."
res-state-dept-crba-replacement,U.S. Department of State Consular Report of Birth Abroad replacement or amendment,,Families with children; Children & teens,Yes,U.S. citizenship at birth abroad does not by itself establish immigrant status.
res-usps-red-rocks-passport-acceptance,USPS St. George Red Rocks Station passport acceptance,Children & teens,Children & teens; Families with children,Yes,Reviewed against all 25 definitions; supporting excerpts are in the audit evidence.
res-udc-reentry-vital-documents-assistance,Utah Department of Corrections reentry vital documents assistance,People leaving incarceration,People leaving incarceration,No,Reviewed against all 25 definitions; supporting excerpts are in the audit evidence.
res-utah-adoption-registry-original-birth-record,Utah Adoption Registry original birth record access,Families with children,,Yes,Adult adoptees and birth relatives; no minor service or adoption-from-foster-care requirement is stated.
res-utah-archives-reference-services-historical-records,Utah Division of Archives and Records Service reference services for historical vital and public records,,,No,"Reviewed against all 25 definitions: the saved record supports broad public/adult access, without an established population-specific service or accommodation."
res-utah-courts-fact-of-birth-delayed-certificate,Utah State Courts Petition for Order Establishing Fact of Birth / delayed birth certificate,,Families with children; Children & teens,Yes,Reviewed against all 25 definitions; supporting excerpts are in the audit evidence.
res-utah-state-courts-fifth-district-st-george-records,Utah State Courts Fifth District St. George court records and certified-copy access,,,No,General court-record copies do not establish a dedicated population support service.
res-utah-tech-police-dpc-fingerprint-notary,Utah Tech University Police Department Driving Privilege Card fingerprint/photo packet and notary services,,Immigrants & refugees,Yes,Reviewed against all 25 definitions; supporting excerpts are in the audit evidence.
res-voteriders-voter-id-assistance,VoteRiders Helpline voter ID and supporting-document assistance,,,No,"Reviewed against all 25 definitions: the saved record supports broad public/adult access, without an established population-specific service or accommodation."
res-washington-county-clerk-passport-marriage-notary,"Washington County Clerk/Auditor marriage certified copies, notary, passport photos, and passport acceptance",,,No,"Reviewed against all 25 definitions: the saved record supports broad public/adult access, without an established population-specific service or accommodation."
res-washington-county-recorder-military-discharge,Washington County Recorder/Surveyor recorded military discharges and certified copies,Veterans & military families,Veterans & military families,No,Reviewed against all 25 definitions; supporting excerpts are in the audit evidence.
res-washington-county-sheriff-records-grama,Washington County Sheriff's Office Records / GRAMA Request,,,No,"Reviewed against all 25 definitions: the saved record supports broad public/adult access, without an established population-specific service or accommodation."
res-aclu-utah-immigrants-rights,ACLU of Utah immigrants' rights and 287(g) resources,Immigrants & refugees,Immigrants & refugees,No,Reviewed against all 25 definitions; supporting excerpts are in the audit evidence.
res-aba-detention-information-hotline,ABA Commission on Immigration Detention Information Hotline,Immigrants & refugees,Immigrants & refugees,No,Civil immigration detention does not establish criminal-justice reentry service.
res-aba-federal-free-legal-answers,ABA Federal Free Legal Answers immigration questions,Veterans & military families; Immigrants & refugees; Low-income households,Veterans & military families; Immigrants & refugees; Low-income households; Families with children; Children & teens,Yes,Reviewed against all 25 definitions; supporting excerpts are in the audit evidence.
res-byu-community-legal-clinic,BYU Community Legal Clinic free civil and immigration help,Spanish-speaking people; Immigrants & refugees,Spanish-speaking people; Immigrants & refugees,No,Reviewed against all 25 definitions; supporting excerpts are in the audit evidence.
res-el-salvador-consulate-slc-consular-assistance,Consulado General de El Salvador en Salt Lake City consular assistance and Consulado Virtual,,Immigrants & refugees,Yes,Reviewed against all 25 definitions; supporting excerpts are in the audit evidence.
res-elevate-utah-immigration-legal-program,Elevate Utah Immigration Legal Program,Immigrants & refugees; Low-income households,Immigrants & refugees; Low-income households; Abuse & violence survivors,Yes,Reviewed against all 25 definitions; supporting excerpts are in the audit evidence.
res-english-skills-learning-center-citizenship,English Skills Learning Center free citizenship preparation classes,,Immigrants & refugees,Yes,Reviewed against all 25 definitions; supporting excerpts are in the audit evidence.
res-reza-athari-st-george-immigration-law,Immigration Law Offices of Reza Athari St. George immigration law office,Immigrants & refugees,Immigrants & refugees,No,Reviewed against all 25 definitions; supporting excerpts are in the audit evidence.
res-irc-utah-immigration-services,International Rescue Committee in Utah immigration services,Immigrants & refugees,Immigrants & refugees,No,Reviewed against all 25 definitions; supporting excerpts are in the audit evidence.
res-lfsrm-utah-immigration-legal-services,Lutheran Family Services Rocky Mountains Salt Lake City Immigration Legal Services,Immigrants & refugees,Immigrants & refugees; People with disabilities,Yes,Reviewed against all 25 definitions; supporting excerpts are in the audit evidence.
res-military-onesource-citizenship-immigration,Military OneSource citizenship and immigration services for military families,Veterans & military families; Children & teens; Immigrants & refugees,Veterans & military families; Children & teens; Immigrants & refugees; Families with children; People with disabilities; Deaf & hard of hearing,Yes,Reviewed against all 25 definitions; supporting excerpts are in the audit evidence.
res-guatemala-consulate-denver-utah-jurisdiction,Consulate General of Guatemala in Denver Utah consular jurisdiction and emergency assistance,,Immigrants & refugees,Yes,Reviewed against all 25 definitions; supporting excerpts are in the audit evidence.
res-monument-immigration-st-george,Monument Immigration St. George immigration attorney services,Spanish-speaking people; Immigrants & refugees,Spanish-speaking people; Immigrants & refugees,No,Reviewed against all 25 definitions; supporting excerpts are in the audit evidence.
res-citizenshipworks-new-americans-campaign,Citizenshipworks / New Americans Campaign naturalization help,Spanish-speaking people,Spanish-speaking people; Immigrants & refugees,Yes,Reviewed against all 25 definitions; supporting excerpts are in the audit evidence.
res-pathway-immigrant-workers,Pathway for Immigrant Workers Pathways to Permanence,Immigrants & refugees,Immigrants & refugees; Low-income households,Yes,Reviewed against all 25 definitions; supporting excerpts are in the audit evidence.
res-proseyo-affordable-immigration-services,Proseyo affordable immigration services,Spanish-speaking people; Immigrants & refugees,Spanish-speaking people; Immigrants & refugees; Abuse & violence survivors,Yes,Reviewed against all 25 definitions; supporting excerpts are in the audit evidence.
res-rumsey-law-firm-immigration,Rumsey Law Firm St. George immigration consultations,Immigrants & refugees,Immigrants & refugees; Students,Yes,F-1 visa work is explicitly listed as a student-immigration pathway.
res-simplecitizen-online-immigration-application-prep,SimpleCitizen online immigration application preparation and attorney-review packages,Immigrants & refugees,Immigrants & refugees,No,Reviewed against all 25 definitions; supporting excerpts are in the audit evidence.
res-thrive-survivors-torture-immigration-legal-referral,THRIVE Center for Survivors of Torture case management and asylum legal representation,Immigrants & refugees; Abuse & violence survivors,Immigrants & refugees; Abuse & violence survivors,No,Reviewed against all 25 definitions; supporting excerpts are in the audit evidence.
res-uscis-citizenship-resource-center-study-test,USCIS Citizenship Resource Center and naturalization test study resources,,Immigrants & refugees,Yes,Reviewed against all 25 definitions; supporting excerpts are in the audit evidence.
res-eoir-salt-lake-city-immigration-court,Salt Lake City Immigration Court and EOIR hearing access,Immigrants & refugees,Immigrants & refugees,No,Reviewed against all 25 definitions; supporting excerpts are in the audit evidence.
res-dol-whd-u-t-visa-certification-workplace-crimes,U.S. Department of Labor WHD U and T visa certification requests for workplace crimes,Abuse & violence survivors,Abuse & violence survivors; Immigrants & refugees,Yes,Reviewed against all 25 definitions; supporting excerpts are in the audit evidence.
res-ice-detainee-locator-dril,ICE Online Detainee Locator and Detention Reporting and Information Line,Spanish-speaking people,Spanish-speaking people; Immigrants & refugees; Abuse & violence survivors,Yes,Reviewed against all 25 definitions; supporting excerpts are in the audit evidence.
res-uofu-law-pro-bono-immigration-legal-site,University of Utah Pro Bono Initiative online legal sites,Immigrants & refugees; LGBTQ+ people,Immigrants & refugees; LGBTQ+ people,No,Reviewed against all 25 definitions; supporting excerpts are in the audit evidence.
res-us-journey-immigration-services,US Journey Immigration Services Utah immigration law firm,Spanish-speaking people; Immigrants & refugees,Spanish-speaking people; Immigrants & refugees,No,Reviewed against all 25 definitions; supporting excerpts are in the audit evidence.
res-utah-dws-foreign-labor-certification-worker-rights,Utah DWS Foreign Labor Certification and H-2A/H-2B worker-rights materials,Spanish-speaking people; Immigrants & refugees,Spanish-speaking people; Immigrants & refugees,No,Reviewed against all 25 definitions; supporting excerpts are in the audit evidence.
res-utah-goed-citizenship-hub,Utah Citizenship Initiative / Utah Citizenship Hub,,Immigrants & refugees,Yes,Reviewed against all 25 definitions; supporting excerpts are in the audit evidence.
res-utah-legal-services-migrant-farm-workers,Utah Legal Services Migrant Farm Workers Program,Immigrants & refugees; Low-income households,Immigrants & refugees; Low-income households; Abuse & violence survivors,Yes,Reviewed against all 25 definitions; supporting excerpts are in the audit evidence.
res-utah-tech-international-programs-immigration-guidance,Utah Tech University Office of International Programs immigration guidance,Immigrants & refugees,Immigrants & refugees; Students,Yes,Reviewed against all 25 definitions; supporting excerpts are in the audit evidence.
res-wcsd-k12-esl-title-iii-language-access,Washington County School District K-12 ESL and Title III language-access support,Immigrants & refugees,Immigrants & refugees; Families with children; Children & teens; Students,Yes,Reviewed against all 25 definitions; supporting excerpts are in the audit evidence.
res-1law-free-legal-chat,1LAW Free Legal Chat and Utah sandbox legal app,,,No,"Reviewed against all 25 definitions: the saved record supports broad public/adult access, without an established population-specific service or accommodation."
res-holy-cross-medical-debt-legal-advocates,Holy Cross Ministries Medical Debt Legal Advocates through Community Justice Advocates of Utah,,,No,Bilingual is stated without identifying Spanish; medical debt alone does not establish serious illness or lack of insurance.
res-legal-aid-self-help-lawyer-of-day,Legal Aid Society of Salt Lake and Utah Courts Lawyer of the Day,,,No,"Reviewed against all 25 definitions: the saved record supports broad public/adult access, without an established population-specific service or accommodation."
res-legal-aid-salt-lake-family-law-clinic,Legal Aid Society of Salt Lake Ask an Attorney Family Law Clinic,Low-income households,Low-income households; Families with children,Yes,Reviewed against all 25 definitions; supporting excerpts are in the audit evidence.
res-nonprofit-legal-services-utah,Nonprofit Legal Services of Utah low-cost civil legal services,,Low-income households,Yes,Reviewed against all 25 definitions; supporting excerpts are in the audit evidence.
res-peoples-legal-aid-eviction-debt,People's Legal Aid eviction representation and debt collection defense,,,No,"Reviewed against all 25 definitions: the saved record supports broad public/adult access, without an established population-specific service or accommodation."
res-irs-taxpayer-advocate-service-utah,Taxpayer Advocate Service Utah case advocacy,,,No,"Reviewed against all 25 definitions: the saved record supports broad public/adult access, without an established population-specific service or accommodation."
res-timpanogos-legal-center-document-clinic,Timpanogos Legal Center Document Clinic,Low-income households,Low-income households; Abuse & violence survivors,Yes,Reviewed against all 25 definitions; supporting excerpts are in the audit evidence.
res-hud-fheo-housing-discrimination-complaints,HUD Office of Fair Housing and Equal Opportunity complaint intake,People with disabilities,People with disabilities; Abuse & violence survivors; Families with children,Yes,Reviewed against all 25 definitions; supporting excerpts are in the audit evidence.
res-utah-community-action-landlord-tenant-mediation,Utah Community Action Landlord-Tenant Mediation Program,,,No,"Reviewed against all 25 definitions: the saved record supports broad public/adult access, without an established population-specific service or accommodation."
res-utah-dcp-consumer-protection-complaints,Utah Division of Consumer Protection complaint intake,Immigrants & refugees,Immigrants & refugees,No,Reviewed against all 25 definitions; supporting excerpts are in the audit evidence.
res-utah-dopl-professional-licensing-complaints,Utah Division of Professional Licensing complaint process,,,No,"Reviewed against all 25 definitions: the saved record supports broad public/adult access, without an established population-specific service or accommodation."
res-utah-hoa-ombudsman,Utah Office of the Homeowners' Association Ombudsman,,,No,"Reviewed against all 25 definitions: the saved record supports broad public/adult access, without an established population-specific service or accommodation."
res-utah-property-rights-ombudsman,Utah Office of the Property Rights Ombudsman,,,No,"Reviewed against all 25 definitions: the saved record supports broad public/adult access, without an established population-specific service or accommodation."
res-utah-dhhs-office-administrative-hearings,Utah DHHS Office of Administrative Hearings,,People with disabilities; Families with children; Children & teens; Abuse & violence survivors; Low-income households,Yes,"Appeal forum includes disability, child-protection, vulnerable-adult-protection and Medicaid benefit decisions."
res-utah-child-protection-ombudsman,Utah DHHS Office of the Child Protection Ombuds,Families with children; Caregivers; Foster & kinship families,Families with children; Caregivers; Foster & kinship families; Children & teens; Abuse & violence survivors,Yes,Reviewed against all 25 definitions; supporting excerpts are in the audit evidence.
res-va-legal-clinic-st-george,VA Legal Clinic - St. George,Veterans & military families,Veterans & military families,No,Reviewed against all 25 definitions; supporting excerpts are in the audit evidence.
res-utah-dws-adjudication-appeals,Utah Department of Workforce Services Division of Adjudication and Appeals,,,No,"Reviewed against all 25 definitions: the saved record supports broad public/adult access, without an established population-specific service or accommodation."
res-utah-dispute-resolution-mediation,Utah Dispute Resolution family and community mediation,Low-income households,Low-income households,No,Reviewed against all 25 definitions; supporting excerpts are in the audit evidence.
res-utah-labor-commission-wage-claim,Utah Labor Commission Wage Claim Unit,,Families with children; Children & teens,Yes,Reviewed against all 25 definitions; supporting excerpts are in the audit evidence.
res-utah-legal-services-senior-legal-services,Utah Legal Services Senior Legal Services and St. George civil legal aid,Seniors,Seniors; Abuse & violence survivors; People with disabilities,Yes,Senior-specific abuse/protective and guardianship legal help is listed.
res-utah-legal-services-pro-bono-program,Utah Legal Services Pro Bono Program,,People with disabilities; People leaving incarceration; Families with children,Yes,Reviewed against all 25 definitions; supporting excerpts are in the audit evidence.
res-usbe-special-education-dispute-resolution,Utah State Board of Education Special Education Dispute Resolution,People with disabilities; Students; Spanish-speaking people,People with disabilities; Students; Spanish-speaking people; Families with children; Children & teens,Yes,Reviewed against all 25 definitions; supporting excerpts are in the audit evidence.
res-utah-courts-child-welfare-mediation,Utah State Courts Child Welfare Mediation Program,,Families with children; Children & teens; Abuse & violence survivors; Foster & kinship families,Yes,Reviewed against all 25 definitions; supporting excerpts are in the audit evidence.
res-utah-courts-divorce-mediation,Utah State Courts Divorce Mediation Program,,Low-income households,Yes,Reviewed against all 25 definitions; supporting excerpts are in the audit evidence.
res-utah-courts-mypaperwork-ocap,Utah State Courts MyPaperwork / Online Court Assistance Program transition,,Families with children; Children & teens; Abuse & violence survivors; LGBTQ+ people,Yes,Reviewed against all 25 definitions; supporting excerpts are in the audit evidence.
res-utah-state-tax-commission-taxpayer-advocate,Utah State Tax Commission Taxpayer Advocate,,,No,"Reviewed against all 25 definitions: the saved record supports broad public/adult access, without an established population-specific service or accommodation."
res-utah-tax-help-services-low-income-taxpayer-clinic,Utah Tax Help Services Low Income Taxpayer Clinic,Low-income households,Low-income households,No,Reviewed against all 25 definitions; supporting excerpts are in the audit evidence.
res-utahease-veterans-service-members-legal-referral,Utah@EASE pro bono legal referral for veterans and service members,Veterans & military families,Veterans & military families; Immigrants & refugees,Yes,Reviewed against all 25 definitions; supporting excerpts are in the audit evidence.
res-washington-county-coa-st-george-attorney-services,Washington County Council on Aging St. George Senior Citizen Center Attorney Services,Seniors,Seniors,No,Reviewed against all 25 definitions; supporting excerpts are in the audit evidence.
res-westminster-low-income-taxpayer-clinic,Westminster University Low Income Taxpayer Clinic,Low-income households,Low-income households,No,Reviewed against all 25 definitions; supporting excerpts are in the audit evidence.
res-a-childs-hopeful-journey-play-art-therapy,"A Child's Hopeful Journey child play, art, and counseling services",Families with children; Children & teens; Caregivers,Families with children; Children & teens; Caregivers,No,Reviewed against all 25 definitions; supporting excerpts are in the audit evidence.
res-abundance-family-therapy-bilingual,Abundance Family Therapy bilingual English and Spanish therapy,Spanish-speaking people,Spanish-speaking people; Families with children; Children & teens; Immigrants & refugees,Yes,Reviewed against all 25 definitions; supporting excerpts are in the audit evidence.
res-affordable-psych-utah-telepsychiatry,Affordable Psych cash-pay adult telepsychiatry for St. George and Utah,,,No,Cash-only pricing alone does not establish a dedicated uninsured or income-discount program.
res-agape-counseling-washington-county,Agape Counseling Washington County outpatient counseling,People in recovery,People in recovery; Low-income households,Yes,Reviewed against all 25 definitions; supporting excerpts are in the audit evidence.
res-anxiety-trauma-depression-stgeorge-iop,Anxiety Trauma and Depression Treatment Centers St. George IOP,Children & teens; Young adults,Children & teens; Young adults; Families with children,Yes,Reviewed against all 25 definitions; supporting excerpts are in the audit evidence.
res-ascend-counseling-wellness-st-george,Ascend Counseling & Wellness St. George therapy and medication management,Families with children; Children & teens,Families with children; Children & teens,No,Reviewed against all 25 definitions; supporting excerpts are in the audit evidence.
res-blue-chip-counseling-emdr,Blue Chip Counseling & EMDR therapy and medication management,Children & teens,Children & teens; Families with children,Yes,Reviewed against all 25 definitions; supporting excerpts are in the audit evidence.
res-brain-health-center-st-george-tms,Brain Health Center St. George TMS therapy,,,No,"Specialized depression treatment, but no population restriction or explicit serious/persistent illness diagnosis in the record."
res-core-compass-counseling-hurricane,Core Compass Counseling Hurricane Valley outpatient counseling,People in recovery; Families with children; Children & teens; Low-income households,People in recovery; Families with children; Children & teens; Low-income households; People leaving incarceration,Yes,Reviewed against all 25 definitions; supporting excerpts are in the audit evidence.
res-elevated-counseling-wellness-stgeorge,Elevated Counseling and Wellness teen and young-adult therapy,People in recovery; Young adults,People in recovery; Young adults; Families with children; Children & teens,Yes,Reviewed against all 25 definitions; supporting excerpts are in the audit evidence.
res-encircle-st-george-therapy-friendship-circles,Encircle St. George therapy and LGBTQ+ friendship circles,LGBTQ+ people,LGBTQ+ people; Families with children; Children & teens; Young adults; Caregivers,Yes,Reviewed against all 25 definitions; supporting excerpts are in the audit evidence.
res-enlightened-counseling-services-st-george,Enlightened Counseling Services trauma-informed outpatient therapy,Families with children; Children & teens; People with disabilities; LGBTQ+ people,Families with children; Children & teens; People with disabilities; LGBTQ+ people,No,Reviewed against all 25 definitions; supporting excerpts are in the audit evidence.
res-foundations-psychiatry-st-george,Foundations Psychiatry St. George psychiatry and therapy,People in recovery; Seniors; Children & teens; Pregnant & postpartum people,People in recovery; Seniors; Children & teens; Pregnant & postpartum people; Families with children; People with disabilities; People with serious illness,Yes,Reviewed against all 25 definitions; supporting excerpts are in the audit evidence.
res-hillside-health-mental-health-medication,Hillside Health mental health and medication management,,,No,"Reviewed against all 25 definitions: the saved record supports broad public/adult access, without an established population-specific service or accommodation."
res-hope-reins-healing-equine-therapy,Hope Reins Healing no-cost equine therapy program,Low-income households,Low-income households,No,Reviewed against all 25 definitions; supporting excerpts are in the audit evidence.
res-integrated-psych-st-george,"Integrated Psych St. George psychiatry, therapy, advanced treatments, and crisis appointments",Children & teens,Children & teens; Families with children,Yes,Reviewed against all 25 definitions; supporting excerpts are in the audit evidence.
res-intermountain-stgeorge-adolescent-php,Intermountain Health St. George Regional Hospital Adolescent Partial Hospitalization Program,Children & teens,Children & teens; Families with children; People with disabilities,Yes,Reviewed against all 25 definitions; supporting excerpts are in the audit evidence.
res-intermountain-stgeorge-inpatient-behavioral-health,Intermountain Health St. George Regional Hospital inpatient behavioral health,,,No,"Reviewed against all 25 definitions: the saved record supports broad public/adult access, without an established population-specific service or accommodation."
res-intermountain-behavioral-health-navigation-line,Intermountain Health Behavioral Health Navigation Line,,,No,Listing on a maternal-health resource page does not by itself establish a perinatal-specific navigation program.
res-intermountain-connect-care-behavioral-health,Intermountain Health Connect Care Behavioral Health,,Families with children; Children & teens; Pregnant & postpartum people; People with serious illness,Yes,Reviewed against all 25 definitions; supporting excerpts are in the audit evidence.
res-intermountain-stgeorge-psychiatry-counseling,Intermountain Health Psychiatry and Counseling Clinic - St. George,,,No,"Reviewed against all 25 definitions: the saved record supports broad public/adult access, without an established population-specific service or accommodation."
res-mental-health-wellness-southern-utah,Mental Health & Wellness of Southern Utah counseling and medication management,Children & teens,Children & teens; Families with children; People with serious illness,Yes,Reviewed against all 25 definitions; supporting excerpts are in the audit evidence.
res-new-aim-counseling,"New Aim Counseling individual, family, couples, trauma, and substance-use counseling",People in recovery,People in recovery,No,Reviewed against all 25 definitions; supporting excerpts are in the audit evidence.
res-red-sands-psychiatry-counseling,"Red Sands Psychiatry, Restorative Therapy, and Counseling",Children & teens,Children & teens; Families with children; People with disabilities; Caregivers; Uninsured & underinsured,Yes,Reviewed against all 25 definitions; supporting excerpts are in the audit evidence.
res-revere-health-st-george-behavioral-health,Revere Health St. George Behavioral Health,People in recovery,People in recovery,No,Reviewed against all 25 definitions; supporting excerpts are in the audit evidence.
res-ss-counseling-st-george,S & S Counseling St. George counseling and trauma therapy,Families with children; Children & teens; Low-income households,Families with children; Children & teens; Low-income households; Veterans & military families,Yes,Reviewed against all 25 definitions; supporting excerpts are in the audit evidence.
res-sandstone-psychology-st-george,"Sandstone Psychology St. George therapy, testing, and medication management",Families with children; Children & teens; People with disabilities,Families with children; Children & teens; People with disabilities,No,Reviewed against all 25 definitions; supporting excerpts are in the audit evidence.
res-stella-mental-health-st-george,Stella Mental Health St. George therapy and counseling,Children & teens,Children & teens; Families with children; People in recovery,Yes,Reviewed against all 25 definitions; supporting excerpts are in the audit evidence.
res-sunrise-mental-health-services,Sunrise Mental Health Services outpatient counseling and trauma care,Children & teens,Children & teens; Families with children,Yes,Reviewed against all 25 definitions; supporting excerpts are in the audit evidence.
res-ripple-effect-counseling-mentoring,"The Ripple Effect TRE counseling, mentoring, and youth support programs",Children & teens; Young adults,Children & teens; Young adults; Families with children; Caregivers,Yes,Reviewed against all 25 definitions; supporting excerpts are in the audit evidence.
res-trauma-treatment-counseling-stgeorge,Trauma Treatment & Counseling St. George therapy and psychiatric support,Families with children; Children & teens,Families with children; Children & teens,No,Reviewed against all 25 definitions; supporting excerpts are in the audit evidence.
res-utah-prep-southwest-sbhc,Utah PREP Southwest Behavioral Health Center early psychosis team,Children & teens; Young adults,Children & teens; Young adults; Families with children; People with disabilities; Caregivers; People with serious illness,Yes,Reviewed against all 25 definitions; supporting excerpts are in the audit evidence.
res-utah-fop-officer-wellness-mental-health,Utah State FOP Foundation Officer Wellness Mental Health Program,,,No,Law-enforcement occupational benefit; police officers are not military veterans solely by occupation.
res-wcsd-student-mental-health-wellness,Washington County School District Student Mental Health & Wellness / School Counseling,Students,Students; Families with children; Children & teens; Caregivers,Yes,Reviewed against all 25 definitions; supporting excerpts are in the audit evidence.
res-zion-mental-health-st-george,Zion Mental Health St. George psychiatric medication management,Children & teens,Children & teens; Families with children; Uninsured & underinsured,Yes,Reviewed against all 25 definitions; supporting excerpts are in the audit evidence.
res-five-county-aaa-americorps-seniors,Five County Area Agency on Aging AmeriCorps Seniors and Telephone Reassurance,Seniors; Caregivers; Foster & kinship families,Seniors; Caregivers; People with disabilities,Yes,"Foster Grandparent is an older-adult volunteer program name, not foster/kinship-family eligibility."
res-huntsman-world-senior-games-active-aging,Huntsman World Senior Games active-aging events,,Seniors,Yes,Reviewed against all 25 definitions; supporting excerpts are in the audit evidence.
res-sage-hearme-lgbtq-aging-support,SAGE x HearMe and LGBTQ+ aging support resources,Seniors; LGBTQ+ people; Caregivers,Seniors; LGBTQ+ people; Caregivers,No,Reviewed against all 25 definitions; supporting excerpts are in the audit evidence.
res-senior-planet-aarp-online-classes,"Senior Planet from AARP free online technology, wellness, and social-connection classes",Seniors,Seniors,No,Reviewed against all 25 definitions; supporting excerpts are in the audit evidence.
res-seniors-out-proud-utah-lgbtq-social,Seniors Out and Proud of Utah LGBTQ+ older adult social connection,Seniors; LGBTQ+ people,Seniors; LGBTQ+ people,No,Reviewed against all 25 definitions; supporting excerpts are in the audit evidence.
res-shepherd-hills-n2n,Shepherd of the Hills United Methodist Church Neighbor to Neighbor (N2N),Seniors; People with disabilities,Seniors; People with disabilities; Low-income households,Yes,Reviewed against all 25 definitions; supporting excerpts are in the audit evidence.
res-swuhealth-community-health-healthy-living-injury-prevention,Southwest Utah Public Health Department Healthy Living and Injury Prevention classes,Seniors,Seniors; People with serious illness,Yes,Reviewed against all 25 definitions; supporting excerpts are in the audit evidence.
res-togohealth-dementia-care-caregiver-support,TogoHealth dementia care and caregiver support,Caregivers; People with serious illness,Caregivers; People with serious illness; People with disabilities,Yes,Reviewed against all 25 definitions; supporting excerpts are in the audit evidence.
res-utah-food-bank-ufb-food-box-homebound,Utah Food Bank UFB Food Box Program for homebound adults with disabilities,Seniors; People with disabilities,Seniors; People with disabilities; Low-income households,Yes,Reviewed against all 25 definitions; supporting excerpts are in the audit evidence.
res-va-homemaker-home-health-aide-care-st-george,VA Homemaker and Home Health Aide Care - St. George VA access,Veterans & military families; Caregivers,Veterans & military families; Caregivers; People with disabilities; Seniors,Yes,Reviewed against all 25 definitions; supporting excerpts are in the audit evidence.
res-washington-county-coa-st-george-activities-support-groups,"Washington County Council on Aging St. George Active Life Center activities, fitness, and support groups",Seniors,Seniors,No,Reviewed against all 25 definitions; supporting excerpts are in the audit evidence.
res-free-charity-cars-donated-vehicle,1-800-Charity Cars / Free Charity Cars donated vehicle application,Veterans & military families; Abuse & violence survivors; Low-income households,Veterans & military families; Abuse & violence survivors; Low-income households; People experiencing homelessness,Yes,Reviewed against all 25 definitions; supporting excerpts are in the audit evidence.
res-always-best-care-stgeorge-transportation,"Always Best Care Senior Services St. George errands, transportation, and activity escort",Seniors; Caregivers,Seniors,Yes,Paid caregivers deliver the service; the record does not establish dedicated family-carer support or respite.
res-american-cancer-society-road-to-recovery,American Cancer Society Road To Recovery free cancer-treatment rides,People with serious illness,People with serious illness; Families with children; Children & teens; People with disabilities,Yes,Reviewed against all 25 definitions; supporting excerpts are in the audit evidence.
res-angel-flight-west-medical-flights,Angel Flight West free medical flights and Earth Angels ground transportation,,Low-income households,Yes,Reviewed against all 25 definitions; supporting excerpts are in the audit evidence.
res-st-george-bicycle-collective-bike-access,St. George Bicycle Collective refurbished bike and bike-access support,Low-income households,,Yes,"A low-income/free-bike program is only suggested for confirmation, not verified in the current record."
res-cars-that-care-vehicle-repair,Cars That Care Foundation vehicle and repair assistance for single mothers,Children & teens,Children & teens; Families with children; Women,Yes,Reviewed against all 25 definitions; supporting excerpts are in the audit evidence.
res-crown-care-nemt-st-george,Crown Care NEMT private-pay medical transportation in St. George,,People with disabilities,Yes,Reviewed against all 25 definitions; supporting excerpts are in the audit evidence.
res-five-county-mobility-management-medical-vouchers,Five County AOG Mobility Management medical transportation vouchers,Seniors; People with disabilities; Low-income households,Seniors; People with disabilities; Low-income households,No,Reviewed against all 25 definitions; supporting excerpts are in the audit evidence.
res-gold-cross-st-george-nonemergency-medical-transport,Gold Cross Ambulance St. George non-911 and interfacility medical transport,,,No,"Reviewed against all 25 definitions: the saved record supports broad public/adult access, without an established population-specific service or accommodation."
res-huntsman-patient-navigation-transportation,Huntsman Cancer Institute Patient Navigation transportation and lodging help,Children & teens; Young adults; Spanish-speaking people; Native & tribal communities; Caregivers; People with serious illness,Children & teens; Young adults; Spanish-speaking people; Native & tribal communities; Caregivers; People with serious illness; Families with children,Yes,Reviewed against all 25 definitions; supporting excerpts are in the audit evidence.
res-miracle-flights-pediatric-medical-flights,Miracle Flights free pediatric distant-medical-care flights,Children & teens; Low-income households,Children & teens; Low-income households; Families with children; People with disabilities,Yes,Reviewed against all 25 definitions; supporting excerpts are in the audit evidence.
res-nurse-next-door-stgeorge-transportation,Nurse Next Door St. George home-care transportation services,Seniors; People with disabilities; Caregivers,Seniors; People with disabilities; Families with children; Children & teens,Yes,Paid caregivers deliver care; dedicated family-caregiver support/respite is not stated.
res-salt-lake-express-st-george-intercity-door-to-door,Salt Lake Express St. George intercity shuttle and door-to-door add-on,,,No,Minor and wheelchair booking rules require confirmation; the record does not establish the accommodation or child conditions.
res-select-health-medicare-nemt,Select Health Medicare non-emergent medical transportation benefit,,People with disabilities; Deaf & hard of hearing,Yes,Reviewed against all 25 definitions; supporting excerpts are in the audit evidence.
res-southern-utah-hospice-volunteer-transport,Southern Utah Hospice volunteer errands and appointment transportation for enrolled patients,People with serious illness,People with serious illness; Caregivers,Yes,Reviewed against all 25 definitions; supporting excerpts are in the audit evidence.
res-taxi-usa-wheelchair-nemt,Taxi USA wheelchair van and ambulatory non-emergency medical transportation,,People with disabilities,Yes,Reviewed against all 25 definitions; supporting excerpts are in the audit evidence.
res-bridge-health-recovery-travel-credit,The Bridge Health Recovery Center admitted-guest travel credit,,People with serious illness,Yes,Clinical chronic-pain program travel support; explicitly not addiction treatment.
res-va-beneficiary-travel-st-george,VA Beneficiary Travel reimbursement and special-mode transportation - St. George VA access,Veterans & military families; People with disabilities; Caregivers,Veterans & military families; People with disabilities; Caregivers; Low-income households; People with serious illness,Yes,Reviewed against all 25 definitions; supporting excerpts are in the audit evidence.
res-utah-council-blind-subsidized-transportation,Utah Council of the Blind Driver/Guide and Subsidized Transportation Program,Blind & low vision; People with disabilities,Blind & low vision; People with disabilities,No,Reviewed against all 25 definitions; supporting excerpts are in the audit evidence.
res-utah-medicaid-health-transportation-payment,Utah Medicaid Health Transportation Payment (HTP) for HCBS waiver medical trips,,People with disabilities; Low-income households,Yes,Reviewed against all 25 definitions; supporting excerpts are in the audit evidence.
res-utah-mobility-medtrans,Utah Mobility MedTrans non-emergency transportation services,,People with disabilities; People with serious illness,Yes,Reviewed against all 25 definitions; supporting excerpts are in the audit evidence.
res-utah-tech-international-airport-pickup,Utah Tech University Office of International Programs arrival transportation and airport pickup,Students,Students; Immigrants & refugees,Yes,Reviewed against all 25 definitions; supporting excerpts are in the audit evidence.
res-utah-tech-suntran-partnership,Utah Tech University SunTran Partnership - free local transit with Utah Tech ID,Students,Students,No,Reviewed against all 25 definitions; supporting excerpts are in the audit evidence.
res-wcsd-special-needs-transportation,Washington County School District Special Needs Transportation,Students,Students; Families with children; Children & teens; People with disabilities,Yes,Reviewed against all 25 definitions; supporting excerpts are in the audit evidence.
res-city-st-george-utilities-payment-amp,"City of St. George Utilities account setup, payment routes, and Average Monthly Payment Program",Spanish-speaking people,Spanish-speaking people,No,Reviewed against all 25 definitions; supporting excerpts are in the audit evidence.
res-dixie-power-account-prepaid-budget-rebates,"Dixie Power account support, prepaid service, budget billing, and rebates",,,No,"Reviewed against all 25 definitions: the saved record supports broad public/adult access, without an established population-specific service or accommodation."
res-enbridge-gas-account-arrangements-shutoff-protections,"Enbridge Gas Utah payment arrangements, medical delay, and shutoff-notice protections",,People with serious illness; People with disabilities,Yes,Reviewed against all 25 definitions; supporting excerpts are in the audit evidence.
res-enbridge-gas-thermwise-rebates,Enbridge Gas Utah ThermWise rebates and energy-efficiency tools,,,No,"Reviewed against all 25 definitions: the saved record supports broad public/adult access, without an established population-specific service or accommodation."
res-human-it-low-cost-internet-devices,"Human-I-T Gold Membership low-cost internet, hotspots, and refurbished devices",Families with children; Low-income households,Families with children; Low-income households; Seniors; People with disabilities; Veterans & military families; Students,Yes,Reviewed against all 25 definitions; supporting excerpts are in the audit evidence.
res-operation-homefront-critical-financial-assistance,Operation Homefront Critical Financial Assistance,Veterans & military families,Veterans & military families,No,Reviewed against all 25 definitions; supporting excerpts are in the audit evidence.
res-pcs-for-people-low-cost-computers-internet,PCs for People low-cost computers and mobile internet,Low-income households,Low-income households,No,Reviewed against all 25 definitions; supporting excerpts are in the audit evidence.
res-quantum-fiber-simply-fiber-internet,Quantum Fiber Simply Fiber Internet Plan,Veterans & military families; Families with children,Veterans & military families; Families with children; Low-income households; Students,Yes,Reviewed against all 25 definitions; supporting excerpts are in the audit evidence.
res-rocky-mountain-power-account-protections,Rocky Mountain Power payment arrangements and Medical Certificate protections,,People with serious illness; People with disabilities,Yes,Reviewed against all 25 definitions; supporting excerpts are in the audit evidence.
res-t-mobile-project-10million,T-Mobile Project 10Million student hotspot internet,Students,Students; Families with children; Children & teens; Low-income households; Native & tribal communities,Yes,Reviewed against all 25 definitions; supporting excerpts are in the audit evidence.
res-tds-connect-low-cost-internet,TDS Connect low-cost internet,Veterans & military families,Veterans & military families; Low-income households; Families with children,Yes,Reviewed against all 25 definitions; supporting excerpts are in the audit evidence.
res-verizon-forward-home-internet,Verizon Forward home internet discount,Veterans & military families; Families with children; Native & tribal communities,Veterans & military families; Families with children; Native & tribal communities; Low-income households; Students,Yes,Reviewed against all 25 definitions; supporting excerpts are in the audit evidence.
res-wcwcd-water-conservation-rebates,Washington County Water Conservancy District / Utah Water Savers water conservation rebates,,,No,"Reviewed against all 25 definitions: the saved record supports broad public/adult access, without an established population-specific service or accommodation."
res-amada-southern-utah-veterans-home-care,Amada Senior Care Southern Utah veteran home-care and VA benefit support,Veterans & military families; Seniors; Caregivers,Veterans & military families; Seniors; Caregivers; People with disabilities,Yes,Reviewed against all 25 definitions; supporting excerpts are in the audit evidence.
res-american-heroes-project-outdoor-recreation,American Heroes Project outdoor recreational therapy for disabled combat veterans and families,Veterans & military families; People with disabilities,Veterans & military families; People with disabilities; Women,Yes,Reviewed against all 25 definitions; supporting excerpts are in the audit evidence.
res-american-legion-post90-honor-guard,American Legion Lester Keate Post 90 Honor Guard and veterans funeral honors,Veterans & military families,Veterans & military families,No,Reviewed against all 25 definitions; supporting excerpts are in the audit evidence.
res-blue-star-families-utah,Blue Star Families Utah Chapter and Blue Star Neighborhood,Veterans & military families; Families with children; Children & teens; Caregivers,Veterans & military families; Families with children; Children & teens; Caregivers,No,Reviewed against all 25 definitions; supporting excerpts are in the audit evidence.
res-continue-mission-utah,"Continue Mission no-cost veteran recreation, peer connection, and suicide-prevention programming",Veterans & military families,Veterans & military families; People with disabilities,Yes,Reviewed against all 25 definitions; supporting excerpts are in the audit evidence.
res-dav-utah-va-claims,Disabled American Veterans Utah VA benefits claim assistance,Veterans & military families; People with disabilities,Veterans & military families; People with disabilities,No,Reviewed against all 25 definitions; supporting excerpts are in the audit evidence.
res-dixie-tech-veterans-benefits,Dixie Technical College VA education-benefit certification and GI Bill / VR&E intake,Veterans & military families,Veterans & military families; People with disabilities; Students,Yes,Reviewed against all 25 definitions; supporting excerpts are in the audit evidence.
res-modern-military-lgbtq-hiv-resources,Modern Military Association of America LGBTQ+ and HIV-positive military/veteran resources,Veterans & military families; LGBTQ+ people; People with serious illness,Veterans & military families; LGBTQ+ people; People with serious illness,No,Reviewed against all 25 definitions; supporting excerpts are in the audit evidence.
res-national-ability-center-military,National Ability Center Military Programs,Veterans & military families,Veterans & military families; People with disabilities,Yes,Reviewed against all 25 definitions; supporting excerpts are in the audit evidence.
res-operation-combat-boots-gym-memberships,Operation Combat Boots no-cost gym memberships for Utah veterans,Veterans & military families,Veterans & military families,No,Reviewed against all 25 definitions; supporting excerpts are in the audit evidence.
res-pga-hope-st-george,PGA HOPE St. George,Veterans & military families,Veterans & military families; People with disabilities,Yes,Reviewed against all 25 definitions; supporting excerpts are in the audit evidence.
res-safeut-national-guard,SafeUT National Guard crisis chat and tipline,Veterans & military families,Veterans & military families,No,Reviewed against all 25 definitions; supporting excerpts are in the audit evidence.
res-senior-helpers-southern-utah-veterans-care,Senior Helpers of Southern Utah Veterans Care Services and VA benefit assistance,Veterans & military families; Seniors,Veterans & military families; Seniors; Low-income households,Yes,Reviewed against all 25 definitions; supporting excerpts are in the audit evidence.
res-southern-utah-hospice-veterans,Southern Utah Hospice hospice care for veterans,Veterans & military families; People with serious illness,Veterans & military families; People with serious illness,No,Reviewed against all 25 definitions; supporting excerpts are in the audit evidence.
res-suu-veterans-resource-support-center,Southern Utah University Veterans Resource and Support Center with hosted VSO access,Veterans & military families,Veterans & military families; Students,Yes,Reviewed against all 25 definitions; supporting excerpts are in the audit evidence.
res-american-legion-utah-service-officers,American Legion Department of Utah Service Officers veterans benefits support,Veterans & military families; People with disabilities,Veterans & military families; People with disabilities,No,Reviewed against all 25 definitions; supporting excerpts are in the audit evidence.
res-cost-of-courage-emergency-support,The Cost of Courage Foundation Military and Veteran Emergency Support Program,Veterans & military families; Children & teens,Veterans & military families; Children & teens; Families with children,Yes,Reviewed against all 25 definitions; supporting excerpts are in the audit evidence.
res-hud-vash-federal-va-housing,HUD-Veterans Affairs Supportive Housing (HUD-VASH),Veterans & military families; People experiencing homelessness,Veterans & military families; People experiencing homelessness; Low-income households,Yes,Reviewed against all 25 definitions; supporting excerpts are in the audit evidence.
res-va-vital-suu,VA VITAL Program at Southern Utah University,Veterans & military families; Students,Veterans & military families; Students,No,Reviewed against all 25 definitions; supporting excerpts are in the audit evidence.
res-va-headstones-markers-medallions,"VA government headstones, markers, and medallions",Veterans & military families,Veterans & military families,No,Reviewed against all 25 definitions; supporting excerpts are in the audit evidence.
res-southern-utah-national-cemetery,"Southern Utah National Cemetery burial, pre-need eligibility, and committal services",Veterans & military families,Veterans & military families,No,Reviewed against all 25 definitions; supporting excerpts are in the audit evidence.
res-vba-salt-lake-regional-benefit-office,Salt Lake City VA Regional Benefit Office,Veterans & military families; People experiencing homelessness,Veterans & military families; People experiencing homelessness; People with disabilities,Yes,Reviewed against all 25 definitions; supporting excerpts are in the audit evidence.
res-va-champva-family-caregiver-coverage,"CHAMPVA health coverage for eligible spouses, dependents, survivors, and some primary family caregivers",Veterans & military families; Children & teens; People with disabilities; Uninsured & underinsured; Caregivers,Veterans & military families; Children & teens; Uninsured & underinsured; Caregivers; Families with children,Yes,The disability condition belongs to the sponsoring Veteran; CHAMPVA covers family/caregiver beneficiaries rather than the Veteran's own disability care.
res-utah-federal-veterans-court,United States Probation and Pretrial Services District of Utah Federal Veterans Court,Veterans & military families; People leaving incarceration,Veterans & military families; People leaving incarceration,No,Reviewed against all 25 definitions; supporting excerpts are in the audit evidence.
res-utah-dld-veteran-indicator,Utah Driver License Division Veteran indicator on Utah driver license or ID card,Veterans & military families,Veterans & military families,No,Reviewed against all 25 definitions; supporting excerpts are in the audit evidence.
res-utah-national-guard-military-funeral-honors,Utah National Guard Military Funeral Honors Program,Veterans & military families,Veterans & military families,No,Reviewed against all 25 definitions; supporting excerpts are in the audit evidence.
res-utah-purple-heart-tuition-waiver,Utah Purple Heart Tuition Waiver,Veterans & military families,Veterans & military families; Students,Yes,Reviewed against all 25 definitions; supporting excerpts are in the audit evidence.
res-utah-scott-lundell-survivors-tuition-waiver,Scott Lundell Military Survivors Tuition Waiver,Veterans & military families,Veterans & military families; Students,Yes,Reviewed against all 25 definitions; supporting excerpts are in the audit evidence.
res-utah-military-retirement-credit,Utah Military Retirement Credit,Veterans & military families,Veterans & military families,No,Military retirement does not establish senior age.
res-utah-veterans-tuition-gap-program,Utah Veterans Tuition Gap Program,Veterans & military families,Veterans & military families; Students,Yes,Reviewed against all 25 definitions; supporting excerpts are in the audit evidence.
res-utah-vbrc-military-entrepreneurship,Utah Veteran Business Resource Center military-connected entrepreneur advising and STRIVE,Veterans & military families,Veterans & military families,No,Reviewed against all 25 definitions; supporting excerpts are in the audit evidence.
res-utah-veterans-alliance-helping-hands,Utah Veterans Alliance Helping Hands for Utah's Heroes,Veterans & military families; People with disabilities,Veterans & military families; People with disabilities,No,Reviewed against all 25 definitions; supporting excerpts are in the audit evidence.
res-va-hcrv-reentry,VA Health Care for Re-entry Veterans (HCRV),Veterans & military families; People leaving incarceration,Veterans & military families; People leaving incarceration; People experiencing homelessness,Yes,Reviewed against all 25 definitions; supporting excerpts are in the audit evidence.
res-va-salt-lake-addiction-treatment-soar-sarrtp,VA Salt Lake City Addiction Treatment Services / SOAR and SARRTP,People in recovery; Veterans & military families,People in recovery; Veterans & military families,No,Reviewed against all 25 definitions; supporting excerpts are in the audit evidence.
res-va-salt-lake-veteran-care-coordinator,VA Salt Lake City Veteran Care Coordinator,Veterans & military families; LGBTQ+ people,Veterans & military families; LGBTQ+ people,No,Reviewed against all 25 definitions; supporting excerpts are in the audit evidence.
res-va-salt-lake-mental-health-care,VA Salt Lake City Mental Health Care Coordination,People in recovery; Veterans & military families,People in recovery; Veterans & military families; People experiencing homelessness,Yes,Reviewed against all 25 definitions; supporting excerpts are in the audit evidence.
res-va-salt-lake-fisher-house,VA Salt Lake City Fisher House temporary lodging for veteran family members and caregivers,Veterans & military families; Caregivers,Veterans & military families; Caregivers,No,Reviewed against all 25 definitions; supporting excerpts are in the audit evidence.
res-va-salt-lake-suicide-prevention-coordinators,VA Salt Lake City Suicide Prevention Coordinators,Veterans & military families,Veterans & military families,No,Reviewed against all 25 definitions; supporting excerpts are in the audit evidence.
res-va-salt-lake-transfer-lodging-center,VA Salt Lake City Transfer and Lodging Center for VA care travel,Veterans & military families,Veterans & military families,No,Reviewed against all 25 definitions; supporting excerpts are in the audit evidence.
res-va-salt-lake-women-veteran-care,VA Salt Lake City Women Veteran Care,Veterans & military families; Pregnant & postpartum people,Veterans & military families; Pregnant & postpartum people; Women,Yes,Reviewed against all 25 definitions; supporting excerpts are in the audit evidence.
res-veterans-crisis-line,Veterans Crisis Line 988 crisis support for veterans and supporters,Veterans & military families,Veterans & military families,No,Reviewed against all 25 definitions; supporting excerpts are in the audit evidence.
res-vfw-post2628-st-george,VFW Cottam-Hafen Post 2628 St. George and Honor Guard / Color Guard,Veterans & military families,Veterans & military families,No,Reviewed against all 25 definitions; supporting excerpts are in the audit evidence.
res-vfw-utah-va-claims,VFW Department of Utah VA Claim Support / National Veterans Service,Veterans & military families,Veterans & military families; People with disabilities,Yes,Reviewed against all 25 definitions; supporting excerpts are in the audit evidence.
