Category,Review priority,Resource,Reason,Question to resolve,Resource ID
Addiction,Start here,AA Dixie Central Office and St. George AA meetings,"Establish a local mutual-aid meeting route early, including how to find an appropriate current meeting.",,res-aa-dixie
Addiction,Important specialized help,AAA Prime Drug & Alcohol Course,Review for this particular program or eligibility pathway: Court-linked Prime For Life/DUI alcohol and drug education provider listed for Washington County/St. George.,,res-aaa-prime
Addiction,Important specialized help,Access Foundation recovery housing,"Review for this particular program or eligibility pathway: Southern Utah recovery housing network serving people in recovery, including people transitioning from incarceration or homelessness, with peer support, case management, employment support, life-skills development, and resident….",,res-access-foundation
Addiction,Additional options,Addict II Athlete Washington County chapter,"Keep as a further option after establishing the starting routes in Addiction: Free Washington County peer recovery support meeting combining a recovery lesson, discussion, and physical activity for people affected by addiction, mental illness, trauma, or loss.",,res-addict-ii-athlete
Addiction,Important specialized help,Adult Children of Alcoholics St. George meetings,Review for this particular program or eligibility pathway: Adult Children of Alcoholics and Dysfunctional Families peer meetings in St. George.,,res-aca-stgeorge
Addiction,Start here,Al-Anon and Alateen Utah District 8 meetings,"Establish support for people affected by another person's drinking, including the separate Alateen age route.",,res-alanon-district8
Addiction,Additional options,Behavioral Health Associates of Utah - St. George,Keep as a further option after establishing the starting routes in Addiction: St. George outpatient behavioral health provider listed by Utah DHHS for comprehensive outpatient SUD treatment and DUI evaluations.,,res-bha-utah
Addiction,Additional options,"Better Balance Psychiatry St. George psychiatry, therapy, IOP, and substance-use treatment","Keep as a further option after establishing the starting routes in Addiction: St. George psychiatry practice offering psychiatric evaluation, medication management, therapy, TMS, ketamine/Spravato, EMDR, IOP, and substance-use or dual-diagnosis care.",,res-better-balance
Addiction,Additional options,Calvary Chapel Saint George Recovery Ministry at The Harbor,Keep as a further option after establishing the starting routes in Addiction: Faith-based addiction recovery support ministry meeting at The Harbor.,,res-calvary-harbor
Addiction,Additional options,"Canyonlands Healthcare Beaver Dam integrated primary, dental, and behavioral health clinic","Keep as a further option after establishing the starting routes in Addiction: Nearby Beaver Dam/Littlefield FQHC clinic offering primary/preventive care, dental care, behavioral health, family planning, lab/vaccines, sliding-fee discounts, and behavioral-health/opioid-recovery access near the Utah-Arizona….",,res-canyonlands-beaverdam
Addiction,Additional options,Capstone Counseling Centers Washington County / statewide online services,"Keep as a further option after establishing the starting routes in Addiction: State-licensed, JRI and court-approved provider offering online Utah services, court classes, evaluations, and outpatient treatment.",,res-capstone
Addiction,Important specialized help,Cinnamon Hills Youth Crisis Center adolescent behavioral-health treatment,"Review for this particular program or eligibility pathway: Youth behavioral-health treatment center in St. George providing therapeutic, behavioral, educational, and residential programming for teens in crisis.",,res-cinnamon-hills
Addiction,Additional options,Compass Counseling St. George,"Keep as a further option after establishing the starting routes in Addiction: Private outpatient counseling practice focused on trauma, addiction recovery, and mental health.",,res-compass-counseling
Addiction,Additional options,Counseling for Success Inc.,Keep as a further option after establishing the starting routes in Addiction: Independent St. George outpatient SUD/court-linked counseling provider identified in court and treatment listings.,,res-counseling-success
Addiction,Important specialized help,"Creek Valley Health Clinic primary, dental, behavioral health, and MAT access","Review for this particular program or eligibility pathway: Short Creek border-community clinic offering primary care, dental care, mental health, physical therapy, MAT/substance-use care, pharmacy-discount access, same-day/walk-in urgent needs, and a 24/7 nurse line.",,res-creek-valley
Addiction,Important specialized help,Crystal Meth Anonymous Utah Area - St. George meetings,Review for this particular program or eligibility pathway: Crystal Meth Anonymous Utah Area meeting access in St. George.,,res-cma-utah
Addiction,Additional options,Desert Solace substance-abuse treatment,Keep as a further option after establishing the starting routes in Addiction: Residential and outpatient program advertising drug and alcohol treatment along with behavioral addictions.,,res-desert-solace
Addiction,Additional options,Dixie Alano Club recovery meeting facility,"Keep as a further option after establishing the starting routes in Addiction: Recovery clubhouse in St. George hosting many weekly AA, NA, Al-Anon, CMA, and other 12-step or recovery meetings.",,res-dixie-alano
Addiction,Important specialized help,Eagle Ranch Academy teen substance abuse residential treatment,Review for this particular program or eligibility pathway: Private adolescent residential treatment program advertising teen substance-abuse/co-occurring care.,,res-eagle-ranch-academy
Addiction,Additional options,Eagle Ranch Outpatient Services,Keep as a further option after establishing the starting routes in Addiction: Outpatient SUD treatment and IOP for adults and adolescents ages 12-17.,,res-eagle-ranch-outpatient
Addiction,Start here,Family Healthcare medication-assisted treatment,Establish a local medication-treatment pathway linked to primary care; it adds an access option beyond counseling-only programs.,,res-family-healthcare-mat
Addiction,Additional options,FourPoints Health St. George behavioral health and substance-use services,"Keep as a further option after establishing the starting routes in Addiction: Tribal/community health center providing mental-health and substance-use assessments, outpatient/IOP counseling, recovery classes, 12-step/Red Road supports, and sliding-fee behavioral health in St. George.",,res-fourpoints
Addiction,Additional options,Gold Counseling St. George substance-abuse support,Keep as a further option after establishing the starting routes in Addiction: Outpatient counseling practice with published substance-abuse/addiction therapy pages and St. George office listing.,,res-gold-counseling
Addiction,Additional options,Helping Hearts Recovery,"Keep as a further option after establishing the starting routes in Addiction: Local addiction recovery provider offering assessment/evaluation, IOP, and Prime For Life classes.",,res-helping-hearts
Addiction,Start here,"High Desert Counseling outpatient addiction, co-occurring mental-health, and harm-reduction treatment",Review its combination of outpatient treatment and harm reduction early; determine which services are accessible without enrolling in the full program.,,res-high-desert
Addiction,Start here,Hope Rising Detox & Rehabilitation Southern Utah continuum,Clarify the withdrawal-care entry point before routine referrals; level of care and medical clearance need confirmation.,"Who screens for withdrawal care, what medical clearance is required, and what should someone do if you cannot admit them?",res-hope-rising
Addiction,Important specialized help,Intermountain Health COMPASS Program - Washington County,"Review for this particular program or eligibility pathway: Government-funded opioid-use-disorder program offering medications, telehealth provider visits, no-cost peer recovery coaching, and social work linkage; Washington County is listed as a partner county.",,res-intermountain-compass
Addiction,Start here,St. George Regional Hospital Behavioral Health Access Center,"Clarify the hospital behavioral-health assessment route, including adult age limits and when another emergency pathway is needed.",,res-intermountain-access-center
Addiction,Additional options,Jacky's Recovery Support Services - St. George contact,"Keep as a further option after establishing the starting routes in Addiction: Culturally responsive English/Spanish recovery support, peer mentorship, therapy, groups, and family services with a St. George contact number.",,res-jackys-recovery
Addiction,Important specialized help,Liahona Academy adolescent boys residential mental-health and co-occurring substance-use support,"Review for this particular program or eligibility pathway: Residential mental-health treatment for adolescent boys in Hurricane, with support for co-occurring substance-use problems; the provider states it is not licensed as a substance-abuse treatment center and does not provide detox.",,res-liahona
Addiction,Additional options,Lions Gate Recovery St. George dual-diagnosis addiction and mental-health treatment campus,"Keep as a further option after establishing the starting routes in Addiction: Southern Utah addiction and dual-diagnosis treatment continuum with St. George PHP/IOP, Toquerville residential care, and integrated mental-health treatment for co-occurring conditions.",,res-lions-gate
Addiction,Additional options,MATR Behavioral Health Saint George Outpatient,"Keep as a further option after establishing the starting routes in Addiction: St. George outpatient SUD program listed in SAMHSA-style directories for day treatment/PHP, IOP, and outpatient treatment.",,res-matr
Addiction,Start here,Narcotics Anonymous of Southern Utah meetings,Establish a local drug-recovery mutual-aid meeting route alongside the alcohol-specific option.,,res-na-southern-utah
Addiction,Start here,Never Use Alone National Overdose Prevention Line,"Review this overdose-prevention connection early because the service addresses a high-consequence safety gap, despite being national.",,res-never-use-alone
Addiction,Start here,New Season St. George Metro Treatment Center,Establish the local opioid treatment program intake and medication access route; this differs from general outpatient counseling.,,res-new-season
Addiction,Start here,Utah Naloxone and NEXT Distro Utah naloxone access,Confirm how someone can obtain naloxone; overdose prevention should be understood before routine treatment alternatives.,,res-utah-naloxone-next
Addiction,Additional options,"Premier Counseling Services outpatient mental-health, substance-use, and court-approved programs","Keep as a further option after establishing the starting routes in Addiction: State-licensed, court-approved St. George provider offering outpatient substance-use treatment, domestic-violence programming, assessments, case-management elements, and mental-health services.",,res-premier
Addiction,Additional options,Recovery Dharma St. George meetings,"Keep as a further option after establishing the starting routes in Addiction: Buddhist-inspired, mindfulness-based peer recovery meetings in St. George.",,res-recovery-dharma
Addiction,Additional options,Renaissance Ranch St. George men's drug and alcohol rehab,"Keep as a further option after establishing the starting routes in Addiction: Men's residential and outpatient/IOP drug and alcohol treatment in St. George, with Medicaid and insurance verification and treatment-linked residential care.",,res-renaissance-ranch
Addiction,Additional options,Renaissance Recovery St. George outpatient,Keep as a further option after establishing the starting routes in Addiction: Distinct St. George outpatient/day treatment/IOP provider listed on court referral materials and treatment directories.,,res-renaissance-recovery
Addiction,Important specialized help,Sobriety Foundation recovery housing assistance,Review for this particular program or eligibility pathway: Narrow financial-assistance program for sober living expenses after successful inpatient alcohol/drug treatment.,,res-sobriety-foundation
Addiction,Important specialized help,Soulegria young-adult substance-use and co-occurring treatment,"Review for this particular program or eligibility pathway: Young-adult therapeutic treatment program in Washington County with substance-abuse, drug rehab, IOP, life-skills, coaching, and sober-living assistance content.",,res-soulegria
Addiction,Additional options,South Mountain Community Church Celebrate Recovery - St. George,Keep as a further option after establishing the starting routes in Addiction: Faith-based Celebrate Recovery peer support group at South Mountain Community Church St. George campus.,,res-celebrate-recovery
Addiction,Start here,"Southwest Behavioral Health Center crisis support, MCOT, and Crisis Stabilization Center","Establish the crisis, mobile-response and stabilization entry points before reviewing routine treatment options.",,res-sbhc-crisis
Addiction,Important specialized help,Southwest Behavioral Health Center Desert Haven,"Review for this particular program or eligibility pathway: Residential support facility for adult women in substance-use treatment and their young children, linked to SBHC St. George day treatment.",,res-sbhc-desert-haven
Addiction,Important specialized help,Southwest Behavioral Health Center Horizon House Residential Treatment,Review for this particular program or eligibility pathway: SBHC gender-specific licensed 45+ day residential substance-use treatment program serving the five southwest Utah counties.,,res-sbhc-horizon
Addiction,Start here,Southwest Behavioral Health Center Washington County outpatient substance-use treatment,"Review the public outpatient substance-use intake early to understand assessment, eligibility and payment routes.",,res-sbhc-outpatient
Addiction,Additional options,Stable Environment sober living and addiction supports,"Keep as a further option after establishing the starting routes in Addiction: Sober living homes and related addiction counseling/equine therapy services with published rules, rent, and resident-governance model.",,res-stable-environment
Addiction,Important specialized help,"Steps Recovery Centers St. George residential, outpatient, veteran-focused substance-use, and integrated mental-health rehab","Review for this particular program or eligibility pathway: St. George addiction recovery continuum with residential and outpatient/IOP levels of care, veteran-focused substance-use programming, and integrated mental-health work for co-occurring trauma, anxiety, depression, grief, and….",,res-steps
Addiction,Important specialized help,Sunrise Residential Treatment Center co-occurring substance-use track,Review for this particular program or eligibility pathway: Adolescent residential DBT/mental-health program with co-occurring substance-use/addiction track indicators.,,res-sunrise
Addiction,Additional options,Healing Through the Savior Addiction Recovery Program - St. George area,Keep as a further option after establishing the starting routes in Addiction: No-cost faith-based addiction recovery and spouse/family support meetings through The Church of Jesus Christ of Latter-day Saints.,,res-lds-arp
Addiction,Additional options,"Therapy Associates outpatient counseling, youth day treatment, assessments, and substance-use services","Keep as a further option after establishing the starting routes in Addiction: St. George outpatient counseling provider offering youth and family mental-health treatment, substance-use services, assessments, groups, day treatment, and Medicaid/SBHC-contracted billing pathways.",,res-therapy-associates
Addiction,Additional options,"True North Recovery and Wellness Center St. George OTP, MAT, IOP, and court-related assessments","Keep as a further option after establishing the starting routes in Addiction: CARF-accredited St. George outpatient opioid treatment program with methadone, buprenorphine/Suboxone/Sublocade, naltrexone/Vivitrol, counseling, IOP, outpatient treatment, drug/alcohol assessments, and support for people….",,res-true-north
Addiction,Additional options,TurningLeaf Health & Wellness The Next Step group,"Keep as a further option after establishing the starting routes in Addiction: Weekly self-help support group open to people facing addiction, grief, anxiety, or major life transitions.",,res-turningleaf-next-step
Addiction,Important specialized help,"St. George VA Clinic primary care, mental-health, social-work, enrollment, same-day minor care, and veteran support access","Review for this particular program or eligibility pathway: VA community clinic in St. George providing eligible veterans with local primary care, mental-health care, audiology, labs, telehealth, social work, enrollment/registration routing, same-day minor-condition access, and referrals….",,res-va-clinic
Addiction,Important specialized help,"Saint George Vet Center confidential counseling, transition, referral support, and veteran document navigation","Review for this particular program or eligibility pathway: Free confidential Vet Center counseling, transition support, substance-use referral, crisis same-day response, career/education linkage, VA/community-resource connection, and limited eligibility/document navigation for veterans….",,res-vet-center
Addiction,Important specialized help,University of Utah Health SUPeRAD Clinic,"Review for this particular program or eligibility pathway: Specialty pregnancy and substance-use-disorder clinic providing integrated prenatal, addiction, counseling, inpatient/outpatient, and postpartum care through one year.",,res-superad
Addiction,Additional options,Utah Warm Line,"Keep as a further option after establishing the starting routes in Addiction: Statewide Utah peer support warm line staffed by certified peer support specialists, used for non-crisis mental health/substance-use recovery support.",,res-utah-warm-line
Addiction,Important specialized help,Utah Poison Control Center,"Review for this particular program or eligibility pathway: Free, private 24-hour poison and overdose consultation line for Utah, including medication/drug poisoning questions.",,res-poison-control
Addiction,Additional options,Upper Mesa Recovery,"Keep as a further option after establishing the starting routes in Addiction: Residential rehab in Hildale specializing in substance-use treatment, trauma-informed care, co-occurring mental health, and holistic recovery.",,res-upper-mesa
Addiction,Start here,USARA St. George Recovery Community Center,Establish the local recovery community center as an initial peer-support and navigation connection.,,res-usara-stgeorge
Addiction,Important specialized help,Utah Professionals Health Program,"Review for this particular program or eligibility pathway: Confidential monitoring, advocacy, consultation, and referral support for Utah health professionals with substance use, mental health, burnout, or related impairing conditions.",,res-uphp
Addiction,Important specialized help,Utah Department of Corrections Region 5 Treatment Resource Center,"Review for this particular program or eligibility pathway: Adult Probation and Parole Region 5 Treatment Resource Center offering justice-system-specific programming, case management, employment class, counseling/evaluation access, re-entry programming, and housing-resource navigation….",,res-udc-trc
Addiction,Start here,Utah JJYS Washington County Youth Crisis/Youth Services,Establish the youth crisis and family access route early rather than relying on adult services.,,res-jjys-youth-services
Addiction,Start here,Way to Quit / Utah Tobacco Quit Line,Establish the tobacco-cessation route; it addresses a distinct need from alcohol and other drug treatment.,,res-way-to-quit
Addiction,Important specialized help,Utah State Courts Fifth District St. George recovery and family dependency drug courts,Review for this particular program or eligibility pathway: Fifth District Court St. George adult drug/recovery court and juvenile family dependency drug court locations integrating substance-use treatment with court supervision.,,res-utah-courts-drug-family
Addiction,Additional options,"Utah Tech University Booth Wellness Center medical, mental-health, and forensic-exam access","Keep as a further option after establishing the starting routes in Addiction: Student wellness clinic offering current Utah Tech students confidential medical care, brief mental-health care, alcohol/other-drug education and referral, and a St. George Police-listed local medical-forensic exam access site….",,res-booth-wellness
Addiction,Important specialized help,Purgatory Correctional Facility in-custody SUD/OUD treatment pathway,Review for this particular program or eligibility pathway: Limited-access jail-based addiction/withdrawal/OUD medical housing and RSAT/reentry pathway for people incarcerated in Washington County.,,res-purgatory-sud
Addiction,Important specialized help,Washington County Court Support Services,"Review for this particular program or eligibility pathway: Washington County court-linked criminal-justice support office providing pretrial monitoring/services and post-trial case management for barriers including treatment, housing, transportation, employment….",,res-court-support
Addiction,Important specialized help,Wellbriety Southern Utah Sacred Fire Meeting,Review for this particular program or eligibility pathway: Culturally rooted Wellbriety / White Bison peer recovery meeting hosted at USARA St. George and listed as open to all.,,res-wellbriety
Addiction,Additional options,Zion Healing Center St. George IOP,"Keep as a further option after establishing the starting routes in Addiction: St. George intensive outpatient addiction and mental health program offering individual/group counseling, relapse prevention, TMS, neurofeedback, and affiliated inpatient care in New Harmony for sponsored veterans.",,res-zion-healing
Addiction,Start here,Hand in Hand Support Services — Washington County mobile harm reduction,Review the mobile harm-reduction route early because it can reach people outside office-based treatment.,,res-hand-in-hand-stgeorge
Addiction,Additional options,"Southwest Behavioral Health Center Washington County behavioral health, case management, Medicaid coordination, transportation help, and ID fee-waiver verification access","Keep as a further option after establishing the starting routes in Addiction: Public community behavioral-health outpatient access point for adults, youth, and families in southwest Utah, including mental-health treatment, psychiatry/medical services, case management, Medicaid behavioral-health….",,res-sbhc-children-family-outpatient
Addiction,Additional options,John Volken Academy Utah residential vocational recovery school,"Keep as a further option after establishing the starting routes in Addiction: Long-term men's residential vocational recovery school in North Salt Lake with a multi-year therapeutic community, education, work, and recovery environment.",,res-john-volken-academy-utah
Addiction,Additional options,The Other Side Academy Utah residential reentry and therapeutic community,"Keep as a further option after establishing the starting routes in Addiction: Free long-term residential therapeutic community in Salt Lake City for people seeking major behavior change after incarceration, addiction, homelessness, or related instability, with work, life-skills, and vocational structure.",,res-other-side-academy-utah-reentry
Addiction,Important specialized help,Utah Medicaid Justice-Involved Program,"Review for this particular program or eligibility pathway: Utah Medicaid 1115 reentry benefit providing targeted Medicaid-covered services for eligible inmates in state prisons, county jails, or juvenile justice facilities for up to 90 days before release.",,res-utah-medicaid-justice-involved-program
Addiction,Additional options,Purgatory Correctional Facility Programming Unit / volunteer-assisted inmate programs,"Keep as a further option after establishing the starting routes in Addiction: In-custody Purgatory Correctional Facility programming access point using volunteer-assisted inmate programs such as mental-health, medical, religious, legal-assistance, library, tutoring, recreation, exercise, and treatment….",,res-purgatory-correctional-facility-programming-unit
Addiction,Important specialized help,VA Salt Lake City Addiction Treatment Services / SOAR and SARRTP,"Review for this particular program or eligibility pathway: VA Salt Lake City addiction-treatment pathway for veterans, including Services for Outpatient Addiction Recovery and Substance Abuse Residential Rehabilitation Treatment Program access.",,res-va-salt-lake-addiction-treatment-soar-sarrtp
Children/Pregnancy,Additional options,Hope Rising Detox & Rehabilitation Southern Utah continuum,"Keep as a further option after establishing the starting routes in Children/Pregnancy: Southern Utah addiction continuum with St. George outpatient/MAT, nearby Hurricane detox, and New Harmony residential/inpatient admissions that can provide temporary clinically indicated treatment lodging.",,res-hope-rising
Children/Pregnancy,Additional options,New Season St. George Metro Treatment Center,"Keep as a further option after establishing the starting routes in Children/Pregnancy: Local opioid treatment program offering methadone, buprenorphine/Suboxone, counseling, IOP, telehealth, withdrawal support, Narcan distribution, and pregnancy methadone pathway evidence.",,res-new-season
Children/Pregnancy,Additional options,Southwest Behavioral Health Center Desert Haven,"Keep as a further option after establishing the starting routes in Children/Pregnancy: Residential support facility for adult women in substance-use treatment and their young children, linked to SBHC St. George day treatment.",,res-sbhc-desert-haven
Children/Pregnancy,Additional options,Southwest Behavioral Health Center Washington County outpatient substance-use treatment,"Keep as a further option after establishing the starting routes in Children/Pregnancy: Public local-authority outpatient substance-use provider for Washington County and southwest Utah, with special consideration for pregnant women and women with dependent children.",,res-sbhc-outpatient
Children/Pregnancy,Important specialized help,University of Utah Health SUPeRAD Clinic,"Review for this particular program or eligibility pathway: Specialty pregnancy and substance-use-disorder clinic providing integrated prenatal, addiction, counseling, inpatient/outpatient, and postpartum care through one year.",,res-superad
Children/Pregnancy,Important specialized help,ABS Kids St. George ABA Therapy and Autism Diagnosis Services,"Review for this particular program or eligibility pathway: St. George autism diagnosis and ABA provider offering in-home ABA, center-based ABA, and autism diagnostic services for children in Washington County.",,res-abs-kids-st-george-aba
Children/Pregnancy,Important specialized help,Assistance League of Southern Utah Operation School Bell,Review for this particular program or eligibility pathway: School-counselor-routed Operation School Bell clothing assistance for financially disadvantaged Southern Utah schoolchildren.,,res-assistance-league-southern-utah-school-bell
Children/Pregnancy,Important specialized help,Big Brothers Big Sisters of Utah St. George community-based mentoring,"Review for this particular program or eligibility pathway: Community-based one-to-one youth mentoring through Big Brothers Big Sisters of Utah, with child enrollment listed for St. George.",,res-bbbsu-st-george-mentoring
Children/Pregnancy,Important specialized help,Boys & Girls Clubs of Utah County/Southern Utah Washington County school-site programs,"Review for this particular program or eligibility pathway: Boys & Girls Clubs of Utah County/Southern Utah school-site afterschool and summer programs at Washington County elementary schools, with homework support, enrichment, financial assistance, and snacks/meals at enrolled sites.",,res-bgcutah-washington-county
Children/Pregnancy,Additional options,BREATHE CARE Food and Essential Supplies Intake,"Keep as a further option after establishing the starting routes in Children/Pregnancy: Santa Clara resource center offering food, diapers, toiletries, cleaning supplies, paper goods, and other essential household supplies for Washington County households, including people experiencing homelessness who can complete….",,res-breathe-care-essential-supplies
Children/Pregnancy,Important specialized help,Bridgeway Integrated Healthcare Services St. George Center,"Review for this particular program or eligibility pathway: St. George child, adolescent, adult, autism, ABA, psychological evaluation, family counseling, day-treatment, and behavioral-health services provider.",,res-bridgeway-st-george-children
Children/Pregnancy,Additional options,Bright Morning Star Day Care St. George childcare accepting DWS subsidies,Keep as a further option after establishing the starting routes in Children/Pregnancy: St. George childcare provider identified by Utah DHHS as accepting DWS child-care subsidies and having Spanish-language access.,,res-bright-morning-star-day-care
Children/Pregnancy,Start here,Care About Childcare - Five County Child Care Resource Agency,Establish child-care navigation before reviewing individual providers; it can clarify subsidy participation and openings.,,res-care-about-childcare-five-county
Children/Pregnancy,Important specialized help,Cherish Families wraparound support for families from polygamous and high-control backgrounds,"Review for this particular program or eligibility pathway: Free, confidential wraparound support for individuals and families from polygamous or high-control backgrounds, including crisis, counseling, safety planning, protective-order help, basic needs, rental assistance, housing….",,res-cherish-families-wraparound
Children/Pregnancy,Start here,Children's Service Society of Utah GRANDfamilies - Washington County/St. George,Review kinship-family support early; relatives raising children have needs not covered by ordinary parenting referrals.,,res-css-grandfamilies-st-george
Children/Pregnancy,Additional options,"Chrysalis Utah St. George disability, behavioral-health, residential, and employment supports","Keep as a further option after establishing the starting routes in Children/Pregnancy: St. George intellectual-disability, autism, behavioral-health, residential, supported-living, employment, and authorized psychotherapy/support provider.",,res-chrysalis-st-george
Children/Pregnancy,Important specialized help,Comunidad Materna en Utah Semillas para la Maternidad,"Review for this particular program or eligibility pathway: Free bilingual Spanish/English perinatal support program offering prenatal education, virtual childbirth classes, Spanish lactation support, individual accompaniment, and resource connection.",,res-comunidad-materna-semillas
Children/Pregnancy,Important specialized help,"Disability Law Center Utah disability-rights, housing-access, CAP, and abuse/neglect legal advocacy","Review for this particular program or eligibility pathway: Utah's statewide Protection and Advocacy organization providing free disability-rights information, advocacy, intake, Client Assistance Program help, supported decision-making resources, housing-access advocacy, and….",,res-disability-law-center-utah
Children/Pregnancy,Important specialized help,"Doctors' Volunteer Clinic of St. George safety-net medical, dental, specialty, mental-health, and forensic-exam access","Review for this particular program or eligibility pathway: Safety-net St. George clinic providing uninsured low-income patients with non-urgent and semi-urgent medical care, dental care, mental-health care, specialty clinics, women's-health care, and police-listed medical-forensic exam….",,res-doctors-volunteer-clinic
Children/Pregnancy,Start here,DOVE Center domestic-violence and sexual-assault services,"Establish the local survivor-support intake early, with safe contact procedures and the distinction between advocacy and clinical care.",,res-dove-center-family-services
Children/Pregnancy,Important specialized help,DOVE Center survivor shelter and housing pathway,"Review for this particular program or eligibility pathway: DOVE Center survivor shelter and housing pathway, including confidential safe shelter access, transitional individual and family housing evidence, Community Housing Initiative/Erin's House history, Kristy Suites reporting, and….",,res-dove-center-transitional-housing
Children/Pregnancy,Start here,"Family Healthcare integrated medical, dental, vision, pharmacy, reproductive, behavioral-health, and forensic-exam access",Establish this local integrated care entry point and its payment/eligibility routes before reviewing narrower clinic alternatives.,,res-family-healthcare-women-children-integrated-care
Children/Pregnancy,Start here,"Family Support Center of Washington County crisis nursery, crisis shelter care, respite, and parenting education",Review the crisis nursery and respite entry point early because it addresses immediate family safety and caregiver strain.,,res-family-support-center-washington-county-crisis-respite-parenting
Children/Pregnancy,Important specialized help,Five County AOG Community Action Partnership diaper and family stabilization assistance,Review for this particular program or eligibility pathway: Community Action agency for Washington and surrounding counties offering free diaper assistance to qualifying families and related low-income household stabilization/referral supports.,,res-five-county-cap-diaper-family-support
Children/Pregnancy,Additional options,Forever Bound Adoption expectant-parent options counseling and support,"Keep as a further option after establishing the starting routes in Children/Pregnancy: Utah-licensed nonprofit adoption agency offering expectant-parent adoption/options counseling, practical support, and birth-parent services statewide, with remote access for St. George families.",,res-forever-bound-adoption-options-counseling
Children/Pregnancy,Important specialized help,Forever Ours Foundation pregnancy and infant loss support,"Review for this particular program or eligibility pathway: Statewide pregnancy and infant loss support through call/text support, peer support groups, hospital companioning, resources, memorial events, and keepsakes.",,res-forever-ours-pregnancy-infant-loss-support
Children/Pregnancy,Important specialized help,FourPoints Health St. George and Shivwits community clinics,"Review for this particular program or eligibility pathway: FourPoints Health St. George and Shivwits community clinics offering primary/urgent care, behavioral health, lab testing, immunizations, screenings, women's health services, case management, enrollment help, and sliding-fee….",,res-fourpoints-st-george-family-health
Children/Pregnancy,Start here,Help Me Grow Utah developmental screening and parent support,Establish the developmental screening and family navigation route before moving to condition-specific services.,,res-help-me-grow-utah-developmental-parent-support
Children/Pregnancy,Important specialized help,Intermountain Health St. George Regional Hospital childbirth education and birth preparation,"Review for this particular program or eligibility pathway: Intermountain St. George birth-preparation pathway for childbirth education, breastfeeding, newborn/postpartum education, and related class registration.",,res-intermountain-stgeorge-childbirth-education
Children/Pregnancy,Important specialized help,Intermountain Health St. George Regional Hospital High-risk OB and Maternal Fetal Medicine,Review for this particular program or eligibility pathway: Hospital-based high-risk OB and maternal-fetal medicine specialty pregnancy care in St. George for pregnancies needing closer monitoring or fetal/maternal specialty support.,,res-intermountain-stgeorge-high-risk-ob-mfm
Children/Pregnancy,Important specialized help,Intermountain Health St. George Regional Hospital Lactation Clinic,Review for this particular program or eligibility pathway: Outpatient hospital lactation clinic providing breastfeeding support from certified lactation consultants for parents and babies in the St. George region.,,res-intermountain-stgeorge-lactation-clinic
Children/Pregnancy,Important specialized help,Intermountain Health St. George Regional Hospital NICU,Review for this particular program or eligibility pathway: Hospital neonatal intensive care unit for newborns in St. George who need specialized inpatient neonatal care after birth or transfer.,,res-intermountain-stgeorge-nicu
Children/Pregnancy,Important specialized help,Intermountain Health St. George Regional Hospital Pediatric Physical Medicine and Rehab,"Review for this particular program or eligibility pathway: Pediatric rehabilitation clinic offering evaluation and therapy for children from birth through age 18, including physical, occupational, speech-language, feeding, audiology, dietetics, social work, and related pediatric rehab….",,res-intermountain-stgeorge-pediatric-rehab
Children/Pregnancy,Start here,Intermountain Health St. George Women's Health OB-GYN Clinic,Establish a local prenatal/OB intake route and confirm payer acceptance and appointment availability.,,res-intermountain-stgeorge-womens-health-obgyn
Children/Pregnancy,Important specialized help,Intermountain Health Angel Watch perinatal palliative support,Review for this particular program or eligibility pathway: Free Intermountain Health perinatal palliative support for families whose baby may have a life-threatening or life-limiting condition.,,res-intermountain-angel-watch
Children/Pregnancy,Additional options,Intermountain Health St. George Regional Hospital Simply Birth low-intervention birth program,"Keep as a further option after establishing the starting routes in Children/Pregnancy: Intermountain's low-intervention, unmedicated hospital birth program available at St. George Regional Hospital River Road for lower-risk pregnancies.",,res-intermountain-stgeorge-simply-birth
Children/Pregnancy,Important specialized help,Primary Children's Outpatient Services - St. George,"Review for this particular program or eligibility pathway: Primary Children's/Intermountain pediatric outpatient access on the St. George Regional Hospital campus, with related St. George pediatric specialty clinics listed by Intermountain.",,res-intermountain-primary-childrens-stgeorge-outpatient
Children/Pregnancy,Start here,Intermountain Health St. George Regional Hospital Labor and Delivery / Women and Newborn,"Review the local labor-and-delivery access instructions early, including which concerns require immediate hospital contact.",,res-intermountain-stgeorge-labor-delivery-women-newborn
Children/Pregnancy,Additional options,Kids Corner Day Care St. George child care accepting DWS subsidies,Keep as a further option after establishing the starting routes in Children/Pregnancy: St. George child care provider listed by Utah DHHS as accepting Department of Workforce Services child-care subsidies and having Spanish speakers available.,,res-kids-corner-day-care-dws
Children/Pregnancy,Important specialized help,KONY Coins for Kids Christmas Assistance for Washington County children,"Review for this particular program or eligibility pathway: Seasonal Washington County Christmas assistance program for disadvantaged children ages 2-17, with documentation and referral requirements.",,res-kony-coins-for-kids-christmas-assistance
Children/Pregnancy,Additional options,Kool Kidz World St. George child care accepting DWS subsidies,Keep as a further option after establishing the starting routes in Children/Pregnancy: St. George child care provider listed by Utah DHHS as accepting Department of Workforce Services child-care subsidies and having Spanish speakers available.,,res-kool-kidz-world-dws
Children/Pregnancy,Additional options,Lark's Nest Doula Medicaid and private doula support for Southern Utah families,"Keep as a further option after establishing the starting routes in Children/Pregnancy: Southern Utah doula provider offering birth doula, postpartum doula, childbirth education, feeding support, newborn guidance, and Medicaid doula support.",,res-larks-nest-doula
Children/Pregnancy,Additional options,"Church Family Services St. George short-term counseling, group therapy, and pregnancy counseling","Keep as a further option after establishing the starting routes in Children/Pregnancy: Church Family Services office/pathway in St. George offering pregnancy counseling per Utah DHHS/211 listing and faith-based short-term counseling, group therapy, and resource discussions through Church Family Services.",,res-lds-family-services-stgeorge-pregnancy-counseling
Children/Pregnancy,Important specialized help,Life After Placement birth-mother post-placement support,"Review for this particular program or eligibility pathway: Free post-placement support for birth mothers, including a monthly care group in Utah and online support community.",,res-life-after-placement-birth-mother-support
Children/Pregnancy,Important specialized help,Mary's Hope House maternity home for single mothers,Review for this particular program or eligibility pathway: Southern Utah maternity home offering housing and support to single mothers in need.,,res-marys-hope-house-maternity-home
Children/Pregnancy,Important specialized help,Millcreek High School student-parent child care pathway,"Review for this particular program or eligibility pathway: Washington County School District alternative high school pathway with child-care staff, serving as a narrow school-retention support lead for enrolled student parents.",,res-millcreek-high-student-parent-childcare
Children/Pregnancy,Important specialized help,MotherToBaby pregnancy and breastfeeding exposure information service,"Review for this particular program or eligibility pathway: Free, confidential MotherToBaby exposure-information service for questions about medications, vaccines, chemicals, health conditions, and other exposures during pregnancy or breastfeeding.",,res-mothertobaby-exposure-information
Children/Pregnancy,Additional options,NAMI Utah Southwest education and peer/family support,"Keep as a further option after establishing the starting routes in Children/Pregnancy: Free NAMI peer and family mental-health education/support pathway, including NAMI Utah Southwest and a St. George family support group plus statewide online groups.",,res-nami-utah-southwest-family-support
Children/Pregnancy,Important specialized help,Neighborhood Connection Pantry Packs,Review for this particular program or eligibility pathway: Washington County school-based Pantry Packs program sending weekend food home with children identified by school staff as needing food assistance.,,res-neighborhood-connection-pantry-packs
Children/Pregnancy,Start here,Nurse-Family Partnership Washington County service area,"Review the first-time-parent home-visiting eligibility and enrollment window early, because late referral may miss access.",,res-nurse-family-partnership-washington-county
Children/Pregnancy,Important specialized help,Paiute Indian Tribe of Utah Family Services and FourPoints family support,"Review for this particular program or eligibility pathway: Paiute Indian Tribe of Utah Family Services and FourPoints Health pathway for eligible Tribal families and community patients, including domestic-violence advocacy/support, Indian child welfare coordination, vulnerable….",,res-pitu-family-services-child-care-crisis
Children/Pregnancy,Important specialized help,Paiute Indian Tribe of Utah Puow'wan Program family and youth wraparound,"Review for this particular program or eligibility pathway: PITU Puow'wan/Tiwahe initiative integrating Youth Program, Education, and Family Services for family-focused programming tailored to Tribal members.",,res-pitu-puowwan-family-youth-wraparound
Children/Pregnancy,Additional options,Petersen Home Medical breast-pump and lactation-equipment access,Keep as a further option after establishing the starting routes in Children/Pregnancy: Local durable-medical-equipment access point listed by Southwest Utah Public Health for breast-pump rentals/equipment support for breastfeeding families.,,res-petersen-home-medical-breast-pump-equipment
Children/Pregnancy,Important specialized help,Washington County School District high school Teen Centers,"Review for this particular program or eligibility pathway: School-based Teen Centers for enrolled Washington County high-school students, providing snacks, food pantry access, kitchens, showers, laundry, toiletry kits, study space, wellness rooms, and trusted-adult resource connection.",,res-pine-view-high-teen-center
Children/Pregnancy,Important specialized help,Planned Parenthood Association of Utah Virtual Health Center,"Review for this particular program or eligibility pathway: Statewide Utah Planned Parenthood telehealth for birth control, emergency contraception, STI testing/treatment, PrEP, UTI care, and related family-planning services after closure of the St. George clinic.",,res-planned-parenthood-utah-virtual-health-center
Children/Pregnancy,Additional options,Possibilities ABA St. George autism diagnosis and ABA therapy,Keep as a further option after establishing the starting routes in Children/Pregnancy: St. George/Bloomington autism provider offering in-home and center-based ABA therapy plus autism diagnostic evaluations for children and youth.,,res-possibilities-aba-st-george
Children/Pregnancy,Important specialized help,Postpartum Support International online and Utah perinatal mental-health support,"Review for this particular program or eligibility pathway: Free virtual pregnancy, postpartum, loss, NICU and other perinatal peer-support groups plus PSI Helpline and Utah chapter support-group/resource navigation.",,res-postpartum-support-international-online-utah-support
Children/Pregnancy,Important specialized help,Prevent Child Abuse Utah Parents as Teachers Washington County Pilot Project,"Review for this particular program or eligibility pathway: Free evidence-based home-visiting/parent-education pilot for qualifying Washington County pregnant people and families with children under 5, implemented by Prevent Child Abuse Utah.",,res-prevent-child-abuse-utah-parents-as-teachers-washington-county
Children/Pregnancy,Start here,Root for Kids Early Head Start,"Establish local early-childhood enrollment and family-support access, including age/income rules and waitlists.",,res-root-for-kids-early-head-start
Children/Pregnancy,Start here,Root for Kids Early Intervention / Baby Watch local provider,Establish early-intervention intake promptly; young children have age-limited access pathways.,,res-root-for-kids-early-intervention-baby-watch
Children/Pregnancy,Important specialized help,"Red Rock Center for Independence independent living, disability supports, and limited activity transportation","Review for this particular program or eligibility pathway: Center for Independent Living in St. George serving all ages and disability types with no-cost core independent-living services, nursing-home transition/diversion, youth transition, peer support, advocacy, assistive technology….",,res-red-rock-center-independence-youth-disability-supports
Children/Pregnancy,Additional options,"RISE Services St. George child, adult, and aging-adult disability supports","Keep as a further option after establishing the starting routes in Children/Pregnancy: St. George disability services including youth after-school/summer programs, respite, supported living, host homes, professional parenting, employment, and behavior support.",,res-rise-services-st-george-child-youth-disability-supports
Children/Pregnancy,Important specialized help,Ronald McDonald House Mountain West Salt Lake City lodging and Family Rooms,Review for this particular program or eligibility pathway: Ronald McDonald House Mountain West lodging and in-hospital family-room support for families traveling to Salt Lake City hospitals for a child's medical care.,,res-ronald-mcdonald-house-mountain-west-slc
Children/Pregnancy,Additional options,Saint George Catholic Church Our Mother's Food Pantry,"Keep as a further option after establishing the starting routes in Children/Pregnancy: Weekly parish pantry in St. George distributing shelf-stable food, personal-hygiene items, dental supplies, and kid-friendly snacks to local households.",,res-saint-george-catholic-our-mothers-food-pantry
Children/Pregnancy,Important specialized help,Share Families of Southern Utah pregnancy and infant loss support,"Review for this particular program or eligibility pathway: Southern Utah Share chapter and national Share online peer-support pathway for families grieving miscarriage, stillbirth, newborn death, or pregnancy after loss.",,res-share-families-southern-utah-pregnancy-infant-loss
Children/Pregnancy,Important specialized help,Shriners Children's Salt Lake City pediatric specialty care,"Review for this particular program or eligibility pathway: Regional pediatric specialty care center for orthopedics, prosthetics/orthotics, motion analysis, pediatric rehabilitation and therapy, wheelchair seating and mobility, specialty clinics, and care management.",,res-shriners-childrens-salt-lake-city-specialty-care
Children/Pregnancy,Important specialized help,Sleep in Heavenly Peace UT-St George free beds for children,Review for this particular program or eligibility pathway: Volunteer-run St. George chapter of Sleep in Heavenly Peace building and delivering free twin beds and bedding for eligible children who need a bed.,,res-sleep-in-heavenly-peace-st-george
Children/Pregnancy,Important specialized help,Southern Utah University Head Start Preschool - Washington County centers,Review for this particular program or eligibility pathway: Free SUU Head Start pre-kindergarten school-readiness program serving eligible children and families in Washington County and nearby southwest Utah counties.,,res-suu-head-start-washington-county
Children/Pregnancy,Start here,Southwest Behavioral Health Center Stabilization and Mobile Response for youth,Establish the youth mobile-response pathway before routine counseling referrals; confirm how families request help.,,res-sbhc-youth-smr
Children/Pregnancy,Important specialized help,"Southwest Behavioral Health Center Washington County behavioral health, case management, Medicaid coordination, transportation help, and ID fee-waiver verification access","Review for this particular program or eligibility pathway: Public community behavioral-health outpatient access point for adults, youth, and families in southwest Utah, including mental-health treatment, psychiatry/medical services, case management, Medicaid behavioral-health….",,res-sbhc-children-family-outpatient
Children/Pregnancy,Start here,Baby Your Baby temporary prenatal Medicaid - Southwest Utah access,Review temporary prenatal coverage access early because timing can affect whether someone receives pregnancy care.,,res-swuhealth-baby-your-baby
Children/Pregnancy,Important specialized help,Southwest Utah Public Health Department lactation and WIC breastfeeding support,"Review for this particular program or eligibility pathway: Southwest Utah breastfeeding/lactation support line, WIC breastfeeding peer-counselor pathway, pump-resource information, and Lactation Station support for community events.",,res-swuhealth-breastfeeding-lactation
Children/Pregnancy,Important specialized help,Southwest Utah Public Health Department Car Seat Program and Safety Checks,"Review for this particular program or eligibility pathway: Certified car-seat safety checks, child passenger-safety education, and eligibility-based car-seat assistance for Southwest Utah families through the local public health department.",,res-swuhealth-car-seat-program
Children/Pregnancy,Start here,Southwest Utah Public Health Department Washington County clinic and child immunizations,"Establish local public-health clinic access, including child immunizations, costs and appointment requirements.",,res-swuhealth-clinic-child-immunizations
Children/Pregnancy,Important specialized help,Southwest Utah Public Health Department Developmental Screening,Review for this particular program or eligibility pathway: No-cost developmental and social-emotional screening pathway for young children through Southwest Utah Public Health Department.,,res-swuhealth-developmental-screening
Children/Pregnancy,Important specialized help,Southwest Utah Public Health Department Maternal Mental Health Screening,Review for this particular program or eligibility pathway: Local public-health maternal mental-health screening and resource-connection page for pregnancy and postpartum emotional health.,,res-swuhealth-maternal-mental-health-screening
Children/Pregnancy,Start here,Southwest Utah Public Health Department Washington County WIC,"Establish the local WIC intake for pregnancy and young children, including enrollment and breastfeeding support.",,res-swuhealth-wic-washington-county
Children/Pregnancy,Important specialized help,St. George Children's Museum Museums for All reduced admission,Review for this particular program or eligibility pathway: Reduced-admission Museums for All program at St. George Children's Museum for visitors presenting a valid state-issued WIC or EBT card and photo ID.,,res-st-george-childrens-museum-museums-for-all
Children/Pregnancy,Additional options,Stepping Stones St. George Child Care Center,Keep as a further option after establishing the starting routes in Children/Pregnancy: Switchpoint/Stepping Stones St. George child-care center with extended-hour services and DWS subsidy acceptance listed in Utah DHHS maternal resources.,,res-stepping-stones-st-george-child-care
Children/Pregnancy,Additional options,Summit Behavior Services St. George autism and developmental-delay services,"Keep as a further option after establishing the starting routes in Children/Pregnancy: St. George autism and developmental-delay provider offering ABA/day treatment, outpatient therapy, parent education, testing, and related therapies for children and youth.",,res-summit-behavior-services-st-george
Children/Pregnancy,Additional options,Switchpoint Community Resource Center diaper assistance,Keep as a further option after establishing the starting routes in Children/Pregnancy: State maternal-resource listing for free diapers at Switchpoint Community Resource Center in St. George.,,res-switchpoint-diaper-assistance
Children/Pregnancy,Start here,"Switchpoint Community Resource Center shelter, meals, case management, transportation assistance, mental-health support, coordinated entry, ID-recovery help, and veteran homeless-service linkage",Establish the local homelessness intake and case-management connection first; confirm which assistance is direct and which requires another program.,"Which family, adult and veteran pathways can you initiate here, and which require a separate intake or referral?",res-switchpoint-family-emergency-shelter
Children/Pregnancy,Additional options,Tan's Treats school-based backpack meals for children,"Keep as a further option after establishing the starting routes in Children/Pregnancy: Washington County school-based backpack/weekend meal program for children facing food insecurity, coordinated through participating elementary schools.",,res-tans-treats-school-backpack-meals
Children/Pregnancy,Important specialized help,The Birth Sweet midwifery and freestanding birth center,"Review for this particular program or eligibility pathway: St. George freestanding birth suite and midwifery practice offering prenatal, out-of-hospital birth, postpartum, well-woman, class, and newborn-hearing services.",,res-the-birth-sweet-midwifery-birth-center
Children/Pregnancy,Start here,The Well Pregnancy Resource Center St. George pregnancy support and material assistance,Review this local pregnancy-material-support pathway early; make its service scope and clinical limitations clear.,"Which services and supplies are provided here, and which medical or pregnancy-related needs require another provider?",res-the-well-pregnancy-resource-center-st-george
Children/Pregnancy,Additional options,"The Salvation Army St. George Outpost food, fuel-voucher, transportation, and family assistance","Keep as a further option after establishing the starting routes in Children/Pregnancy: Local Salvation Army outpost serving the St. George/Washington area with food boxes, emergency fuel vouchers, one-time safe-destination transportation help, school-supply assistance, and limited transportation-related assistance….",,res-salvation-army-st-george-outpost-family-food-child-assistance
Children/Pregnancy,Additional options,"TURN Community Services St. George disability services, residential supports, educational day supports, supported employment, and embedded transportation","Keep as a further option after establishing the starting routes in Children/Pregnancy: TURN Community Services St. George disability-services provider for adults with intellectual/developmental disabilities, related conditions, or acquired brain injury, including day, residential, semi-independent living….",,res-turn-community-services-st-george-family-support-respite
Children/Pregnancy,Additional options,United Way of Washington County EveryDay Strong,"Keep as a further option after establishing the starting routes in Children/Pregnancy: Free parent/caregiver support and education program helping adults support children's emotional well-being through practical safety, connection, and confidence tools.",,res-united-way-washington-county-everyday-strong
Children/Pregnancy,Important specialized help,University of Utah Health Utah Pregnancy After Loss Program,"Review for this particular program or eligibility pathway: University of Utah Health specialty program for pregnancy after stillbirth, newborn death, pregnancy termination for medical/obstetric reasons, recurrent loss, or severe pregnancy complications.",,res-utah-pregnancy-after-loss-program
Children/Pregnancy,Important specialized help,University of Utah Health School of Dentistry St. George Dental Clinic,"Review for this particular program or eligibility pathway: University of Utah Health School of Dentistry St. George clinic offering all-ages dental care, Medicaid access, discounted student/resident care under licensed supervision, and dental-school routing for special-needs dental care.",,res-uofu-st-george-dental-clinic
Children/Pregnancy,Start here,Washington County Children's Justice Center child forensic interview and victim advocacy,Establish the child-victim advocacy/forensic pathway early; staff should understand referral and child-safety requirements.,,res-washington-county-childrens-justice-center
Children/Pregnancy,Start here,Utah Children's Health Insurance Program (CHIP),Establish child health-insurance enrollment early because it can open access to several downstream services.,,res-utah-chip
Children/Pregnancy,Start here,Utah DCFS St. George child and family services office,"Establish the child-protection and family-services contact route, including the distinction between reporting and voluntary support.",,res-utah-dcfs-st-george-child-family-services
Children/Pregnancy,Important specialized help,"Utah DSPD intake, waiting list, waiver services, and disability-related transportation","Review for this particular program or eligibility pathway: Utah DSPD intake pathway for disability-service eligibility, needs assessment, waiting list, and eventual home- and community-based supports that may include disability-related transportation, non-medical transportation, bus….",,res-utah-dspd-intake-waiver-services
Children/Pregnancy,Important specialized help,Utah Medicaid Pregnant Woman Program,"Review for this particular program or eligibility pathway: Utah Medicaid medical-assistance program for pregnant women, covering pregnancy care from application through 12 months after birth and linking the newborn to first-year Medicaid.",,res-utah-medicaid-pregnant-woman
Children/Pregnancy,Important specialized help,Utah CSHCN Integrated Services Program care coordination,"Review for this particular program or eligibility pathway: No-cost statewide care coordination for Utah families with children and youth with special health care needs, including medical home support, Medicaid/CHIP connection, medical/dental/specialty resource navigation, birth-to-8….",,res-utah-cshcn-integrated-services-care-coordination
Children/Pregnancy,Additional options,Bright by Text Utah / Lantern parenting text support,"Keep as a further option after establishing the starting routes in Children/Pregnancy: Free Bright by Text/Lantern parenting text-message program for caregivers, with age-timed tips and ZIP-based local resources for young children.",,res-bright-by-text-utah
Children/Pregnancy,Start here,Utah Newborn Safe Haven,Understand the newborn safe-haven pathway early because this uncommon need has very high consequences.,"What are the current Utah safe-haven age, location and handoff rules staff must communicate accurately?",res-utah-newborn-safe-haven
Children/Pregnancy,Important specialized help,Utah Newborn Screening Program,Review for this particular program or eligibility pathway: Utah newborn blood-spot screening program requiring two newborn heel-stick screens and follow-up for abnormal or incomplete results.,,res-utah-newborn-screening-program
Children/Pregnancy,Additional options,Utah Maternal and Infant Health Program maternal mental health resources and provider locator,Keep as a further option after establishing the starting routes in Children/Pregnancy: State maternal mental health information and referral pathway with a perinatal mental health provider locator and national maternal mental health hotline routing.,,res-utah-mihp-maternal-mental-health
Children/Pregnancy,Important specialized help,Utah Medicaid doula services benefit,"Review for this particular program or eligibility pathway: Utah Medicaid doula services benefit covering non-medical pregnancy, birth, and postpartum doula support when provided by enrolled Medicaid doulas.",,res-utah-medicaid-doula-services
Children/Pregnancy,Important specialized help,Utah Children’s Hearing Aid Program (CHAP),Review for this particular program or eligibility pathway: State children’s hearing aid financial-assistance program for qualifying Utah children with hearing loss whose families lack Medicaid or hearing-aid insurance coverage.,,res-utah-cshcn-chap-hearing-aids
Children/Pregnancy,Important specialized help,Utah Early Hearing Detection and Intervention (EHDI) newborn hearing follow-up,"Review for this particular program or eligibility pathway: Utah Early Hearing Detection and Intervention pathway for newborn hearing screening follow-up, CMV testing guidance, pediatric audiology referral, early intervention, and parent-to-parent support through the state EHDI team and….",,res-utah-ehdi-newborn-hearing-followup
Children/Pregnancy,Important specialized help,Utah Fostering Healthy Children Program,"Review for this particular program or eligibility pathway: State program coordinating medical, dental, mental-health, preventive, developmental, and specialty care tracking for children in Utah foster care in partnership with DCFS caseworkers.",,res-utah-cshcn-fostering-healthy-children
Children/Pregnancy,Additional options,Utah Department of Workforce Services Eligibility Services - St. George/myCase benefits access,"Keep as a further option after establishing the starting routes in Children/Pregnancy: Utah Department of Workforce Services eligibility access point for myCase applications, interviews, case questions, and reviews for Medicaid, SNAP, TANF/FEP, General Assistance, child care, ABD medical assistance, and other….",,res-utah-dws-eligibility-services-st-george
Children/Pregnancy,Important specialized help,Utah DWS Family Employment Program (FEP) cash assistance and employment counseling,"Review for this particular program or eligibility pathway: Utah TANF-funded Family Employment Program cash assistance and employment-counselor support for eligible families with children, including St. George DWS application access, work/life-skills planning, and a child-support….",,res-utah-dws-family-employment-program
Children/Pregnancy,Important specialized help,Utah DWS Family Employment Program Child Care (FEP-CC),Review for this particular program or eligibility pathway: DWS child care supportive service for families receiving or recently applying for Family Employment Program financial assistance who need child care to complete an employment plan.,,res-utah-dws-fep-child-care
Children/Pregnancy,Additional options,Utah Supplemental Nutrition Assistance Program (SNAP) and St. George DWS access,"Keep as a further option after establishing the starting routes in Children/Pregnancy: Utah Supplemental Nutrition Assistance Program food benefit for eligible households, including local St. George DWS/myCase application and interview access.",,res-utah-snap
Children/Pregnancy,Start here,Utah DWS Child Care Assistance Program with Care About Childcare - Five County navigation,Review child-care subsidy eligibility and the provider-navigation connection early; child care can block employment.,,res-utah-dws-child-care-assistance
Children/Pregnancy,Additional options,Utah Doula Association birth and postpartum doula grants,Keep as a further option after establishing the starting routes in Children/Pregnancy: Limited Utah Doula Association birth and postpartum doula grant program for under-resourced families needing no-cost doula support.,,res-utah-doula-association-grants
Children/Pregnancy,Important specialized help,Utah Down Syndrome Foundation Down syndrome family support and Southern Utah events,"Review for this particular program or eligibility pathway: Utah Down Syndrome Foundation statewide and Southern Utah Down syndrome family support, including prenatal/new parent mentor connection, care package requests, education, advocacy, and St. George-area community events.",,res-utah-down-syndrome-foundation-new-parent
Children/Pregnancy,Additional options,Utah Food Bank Southern Distribution Center and local pantry/mobile food access,"Keep as a further option after establishing the starting routes in Children/Pregnancy: Utah Food Bank Southern Distribution Center and southwest Utah partner network supporting mobile pantries, school and family food programs, senior/homebound food-box delivery, Hurricane Valley pantry access, Valley View food….",,res-utah-food-bank-southern-child-family-food-diaper
Children/Pregnancy,Important specialized help,Utah Foster Care St. George / Southwest Region foster family support and Wishing Well Fund,"Review for this particular program or eligibility pathway: Utah Foster Care's St. George/Southwest Region office for foster, adoptive, and kinship caregiver support, including local retention/Care Communities contacts and the Wishing Well Fund for eligible state-licensed foster….",,res-utah-foster-care-southwest-region
Children/Pregnancy,Important specialized help,Utah Legal Services St. George civil legal aid and limited immigration citizenship help,"Review for this particular program or eligibility pathway: Statewide nonprofit civil legal-aid program with a St. George office, serving qualifying Utahns in non-criminal matters including expungement, domestic-violence protective orders, housing, public benefits, Medicaid….",,res-utah-legal-services-st-george-family-benefits
Children/Pregnancy,Important specialized help,Utah Medicaid Dyadic Services,Review for this particular program or eligibility pathway: Utah Medicaid dyadic services benefit for preventive child-and-parent/caregiver services billed under the child's EPSDT benefit when directly benefiting the child.,,res-utah-medicaid-dyadic-services
Children/Pregnancy,Important specialized help,"Utah Medicaid Early and Periodic Screening, Diagnostic and Treatment (EPSDT)","Review for this particular program or eligibility pathway: Utah Medicaid EPSDT child health benefit covering no-cost well-child screening, preventive care, dental, vision, hearing, mental health, immunizations and medically necessary services for Medicaid members through age 20….",,res-utah-medicaid-epsdt
Children/Pregnancy,Important specialized help,Utah Medicaid Hospital Presumptive Eligibility for pregnant women and children,"Review for this particular program or eligibility pathway: Utah Medicaid Hospital Presumptive Eligibility pathway for temporary Medicaid coverage, including Child Medicaid and Pregnant Woman Medicaid categories, through hospitals that accept HPE applications.",,res-utah-medicaid-hospital-presumptive-eligibility
Children/Pregnancy,Important specialized help,Utah Medicaid Medically Complex Children's Waiver,"Review for this particular program or eligibility pathway: State Medicaid waiver for children age 18 or younger with high medical complexity, offering traditional Medicaid benefits plus respite and related home/community supports when selected and financially eligible.",,res-utah-medicaid-medically-complex-childrens-waiver
Children/Pregnancy,Important specialized help,Utah Office of Guardian ad Litem and CASA - Fifth Judicial District child advocacy,"Review for this particular program or eligibility pathway: Utah Office of Guardian ad Litem and CASA child legal advocacy for Fifth Judicial District abuse, neglect, and dependency cases, with trained CASA volunteers supporting court-appointed advocacy for children.",,res-utah-gal-casa-fifth-district
Children/Pregnancy,Start here,Utah Office of Recovery Services Child Support Services - St. George office,"Review child-support intake and safety concerns early; assistance, enforcement and survivor protections require clear explanation.",,res-utah-ors-child-support-services
Children/Pregnancy,Important specialized help,Utah Parent Center Family to Family Network - Washington County,"Review for this particular program or eligibility pathway: Free Utah Parent Center parent-to-parent support and Family to Family Network help for Washington County families of children, youth, and young adults with disabilities or special health care needs, especially DSPD-eligible and….",,res-utah-parent-center-family-to-family-washington-county
Children/Pregnancy,Important specialized help,Utah Schools for the Deaf and the Blind Parent Infant Program - Southern Utah access,"Review for this particular program or eligibility pathway: Free USDB Parent Infant Program early-intervention and family coaching for birth-to-3 children who are deaf, hard of hearing, blind, low vision, or deafblind, coordinated with Baby Watch and statewide outreach.",,res-usdb-parent-infant-program-southern-utah
Children/Pregnancy,Additional options,Utah State University Extension Divorce Orientation and Parent Education online courses,"Keep as a further option after establishing the starting routes in Children/Pregnancy: Court-approved online Divorce Orientation and Parent Education courses for Utah parents with minor children in divorce, custody, paternity, or temporary separation cases, with fee-waiver handling through USU Extension and Utah….",,res-usu-divorce-parenting-classes
Children/Pregnancy,Additional options,USU Extension Create Better Health nutrition education - Washington County access,"Keep as a further option after establishing the starting routes in Children/Pregnancy: Free USU Extension Create Better Health nutrition education hub and online/Zoom classes teaching budget-friendly healthy eating, menu planning, recipe demos, and food-resource connection for Utah families and adult learners.",,res-usu-extension-create-better-health
Children/Pregnancy,Additional options,"Utah Tech University Student Resource Center student support, basic-needs, advocacy, and student legal clinic","Keep as a further option after establishing the starting routes in Children/Pregnancy: Utah Tech Student Resource Center student-support hub offering academic coaching, mentoring, case management/resource navigation, student-family supports, Blazer Food Pantry groceries and essentials, Come & Get It free-food….",,res-utah-tech-student-resource-center-student-parents
Children/Pregnancy,Additional options,Utah Tech Dental Hygiene Mobile Van Clinic,Keep as a further option after establishing the starting routes in Children/Pregnancy: Utah Tech Dental Hygiene mobile van providing preventive dental hygiene outreach to children and uninsured patients at scheduled St. George area sites.,,res-utah-tech-dental-hygiene-mobile-clinic
Children/Pregnancy,Additional options,Utah Tech Public Dental Hygiene Clinic,"Keep as a further option after establishing the starting routes in Children/Pregnancy: Low-cost Utah Tech public dental hygiene teaching clinic offering preventive dental hygiene care, child cleanings, fluoride, sealants, x-rays, periodontal therapy, and related services under licensed supervision.",,res-utah-tech-public-dental-hygiene-clinic
Children/Pregnancy,Important specialized help,Utah Youth Village Families First in-home parenting intervention,"Review for this particular program or eligibility pathway: Statewide intensive in-home parenting and child-behavior intervention from Utah Youth Village, available to the public on a sliding-fee basis and through agency referrals.",,res-utah-youth-village-families-first
Children/Pregnancy,Additional options,"Washington County Library 1,000 Books Before Kindergarten and St. George story times","Keep as a further option after establishing the starting routes in Children/Pregnancy: Free Washington County Library early-literacy support, including 1,000 Books Before Kindergarten and branch children's story-time access.",,res-washington-county-library-early-literacy
Children/Pregnancy,Start here,Washington County School District At-Risk Support Services / McKinney-Vento student supports and school transportation,Establish the school homelessness liaison route early; school access and transportation can be available even without stable housing.,,res-wcsd-at-risk-mckinney-vento
Children/Pregnancy,Start here,Washington County School District Child Find and Early Childhood Special Education Preschool,Establish preschool disability evaluation/Child Find access before selecting individual therapy providers.,,res-wcsd-child-find-special-education-preschool
Children/Pregnancy,Important specialized help,Washington County School District Child Nutrition school meals and summer lunch,"Review for this particular program or eligibility pathway: WCSD Child Nutrition access for enrolled students' school meals, free and reduced-price meal applications, special meal accommodations, school meal pricing, and seasonal free summer lunch sites.",,res-wcsd-child-nutrition-school-meals
Children/Pregnancy,Additional options,Washington County School District District Preschool,Keep as a further option after establishing the starting routes in Children/Pregnancy: WCSD general preschool school-readiness classes for 3- and 4-year-old children at district preschool sites.,,res-wcsd-district-preschool
Children/Pregnancy,Additional options,Washington County School District Title I Family Centers,"Keep as a further option after establishing the starting routes in Children/Pregnancy: WCSD Title I Family Centers offering parent education, English classes, school-success classes, technology help, and checkout of children's educational materials.",,res-wcsd-title-i-family-centers
Children/Pregnancy,Additional options,Waterford Upstart Washington County at-home kindergarten-readiness program and technology support,"Keep as a further option after establishing the starting routes in Children/Pregnancy: At-home Waterford Upstart early-learning program for Washington County pre-kindergarten children, with reading, math, science lessons, family coaching, and computer/internet support for qualifying families who need basic….",,res-waterford-upstart-washington-county
Children/Pregnancy,Start here,"Youth Futures St. George emergency youth shelter, drop-in services, computer access, and transportation support",Establish the youth shelter/drop-in route early and keep its age limits distinct from adult/family shelter access.,"What ages and circumstances are eligible for shelter versus drop-in help, and how should staff arrange an intake?",res-youth-futures-st-george-youth-shelter-drop-in
Children/Pregnancy,Additional options,Root for Kids Warm Coats + New Shoes Giveaway Day,"Keep as a further option after establishing the starting routes in Children/Pregnancy: Seasonal Root for Kids Warm Coats + New Shoes Giveaway Day connected to Early Head Start, with recent 2026 event photos but no published next date or eligibility rules.",,res-root-for-kids-warm-coats-new-shoes-giveaway-day
Children/Pregnancy,Additional options,American Legion Temporary Financial Assistance for children's basic needs - Post 90 access,"Keep as a further option after establishing the starting routes in Children/Pregnancy: American Legion Temporary Financial Assistance access through Lester Keate Post 90/Department of Utah for eligible military or Legion-member households with minor children, including utilities and children's basic needs after….",,res-american-legion-tfa-children-basic-needs
Children/Pregnancy,Important specialized help,The Christmas Box International St. George Christmas Box Resource Room,"Review for this particular program or eligibility pathway: Caseworker-mediated Christmas Box Resource Room pathway supplying new essential items for children and young adults in child-welfare crisis or transition, with a St. George resource coordinator and DCFS access route.",,res-christmas-box-resource-room-st-george
Children/Pregnancy,Additional options,Shop with a Cop Washington County / Hurricane seasonal child clothing and school-supply events,"Keep as a further option after establishing the starting routes in Children/Pregnancy: Seasonal Shop with a Cop events in Washington County/Hurricane and statewide Utah Police Civilian Association support, providing selected children shopping support for warm clothing, school clothes, shoes, backpacks, school….",,res-shop-with-a-cop-washington-county-hurricane
Children/Pregnancy,Additional options,Carelinks ABA in-home autism therapy - St. George,"Keep as a further option after establishing the starting routes in Children/Pregnancy: In-home ABA therapy provider advertising St. George service for children and young adults with autism ages 2-21, with BCBA/RBT services, parent training, and insurance verification.",,res-carelinks-aba-st-george
Children/Pregnancy,Important specialized help,Children First Education Fund Carson Smith Opportunity Scholarship,Review for this particular program or eligibility pathway: State-contracted scholarship-granting organization administering the Carson Smith Opportunity Scholarship for Utah K-12 students with qualifying disabilities.,,res-children-first-csos
Children/Pregnancy,Important specialized help,Children of Hope Academy special-needs school and parent support,"Review for this particular program or eligibility pathway: Small St. George nonprofit school/community program for students with special needs, using individualized developmental education and parent/community support.",,res-children-of-hope-academy
Children/Pregnancy,Important specialized help,Creativity and Patience Center speech therapy and AAC support,"Review for this particular program or eligibility pathway: St. George pediatric speech therapy provider focusing on language delays, social communication, and Augmentative and Alternative Communication needs.",,res-creativity-patience-speech-aac
Children/Pregnancy,Additional options,National Association for Child Development St. George evaluations and home program coaching,"Keep as a further option after establishing the starting routes in Children/Pregnancy: In-person St. George evaluations and remote coaching for individualized home developmental, learning, and neurodevelopmental programs for children and adults.",,res-nacd-st-george-evaluations
Children/Pregnancy,Important specialized help,Olive Osmond Hearing Fund Here 2 Hear hearing aid assistance,"Review for this particular program or eligibility pathway: St. George-based hearing fund helping deaf and hard-of-hearing people acquire hearing aids when they lack other resources, and refurbishing donated hearing aids for reuse.",,res-olive-osmond-hearing-fund-here2hear
Children/Pregnancy,Important specialized help,"Red Rock Pediatric Therapies pediatric speech, occupational, feeding, and AAC therapy","Review for this particular program or eligibility pathway: Local pediatric therapy provider offering speech, language, feeding, occupational therapy, AAC, apraxia, sensory, fine-motor, handwriting, and daily-living therapy services.",,res-red-rock-pediatric-therapies
Children/Pregnancy,Additional options,Redhead Supports DSPD-funded disability services with enrolled-program transportation,"Keep as a further option after establishing the starting routes in Children/Pregnancy: St. George disability-support provider offering DSPD-funded and private-pay residential group homes, host homes/professional parenting, supported living, day, after-school, summer, respite, behavioral services, and round-trip….",,res-redhead-supports-dspd-disability-services
Children/Pregnancy,Important specialized help,Utah Medicaid Technology Dependent Waiver,"Review for this particular program or eligibility pathway: Utah Medicaid Technology Dependent Waiver for medically fragile/technology-dependent children and young adults who would otherwise require nursing facility care, with home and community-based supports such as private-duty nursing….",,res-utah-medicaid-technology-dependent-waiver
Children/Pregnancy,Important specialized help,Utah Parent Center PTI Parent Consultants and special education rights navigation,"Review for this particular program or eligibility pathway: Free Utah Parent Center Parent Training and Information project, including Parent Consultants and Transition University, providing one-on-one parent consultations, IEP/504 rights navigation, special-education advocacy skills, and….",,res-utah-parent-center-pti-special-education-support
Children/Pregnancy,Important specialized help,Utah Parent Center Utah Family Voices Family-to-Family Health Information Center,Review for this particular program or eligibility pathway: Utah Parent Center family-led health-information and systems-navigation program for families of children and youth with special health care needs.,,res-utah-parent-center-utah-family-voices
Children/Pregnancy,Important specialized help,Utah Schools for the Deaf and the Blind Southern Utah School of the Deaf and outreach,"Review for this particular program or eligibility pathway: USDB Southern Utah School of the Deaf local St. George school program and related USDB outreach route for deaf, hard-of-hearing, blind, low-vision and deafblind students whose IEP or 504 plan requires USDB services.",,res-usdb-southern-utah-school-of-the-deaf
Children/Pregnancy,Important specialized help,Utah State Board of Education Carson Smith Special Needs Scholarship,Review for this particular program or eligibility pathway: USBE-administered legacy Carson Smith Scholarship funding pathway for eligible Utah students with disabilities attending participating private schools.,,res-utah-usbe-carson-smith-scholarship
Children/Pregnancy,Important specialized help,Utah State Office of Rehabilitation Pre-Employment Transition Services,"Review for this particular program or eligibility pathway: Free USOR Pre-Employment Transition Services for eligible or potentially eligible students with disabilities ages 14-21, delivered by VR staff and community partners.",,res-usor-pre-employment-transition-services
Children/Pregnancy,Additional options,Utah Tech University KidSpace Afterschool,"Keep as a further option after establishing the starting routes in Children/Pregnancy: Utah Tech KidSpace grant-funded afterschool program at St. George and Hurricane elementary sites with literacy, STEM, social skills, nutrition, career-readiness, and supervised enrichment activities.",,res-utah-tech-kidspace-afterschool
Children/Pregnancy,Important specialized help,Washington County School District Special Education Department and transition services,"Review for this particular program or eligibility pathway: WCSD Special Education Department access point for FAPE, IEP-based services, related services, special education programs, and transition services for students with disabilities.",,res-wcsd-special-education-department-transition-services
Children/Pregnancy,Important specialized help,Utah DWS Adoption Assistance Program for birth parents,Review for this particular program or eligibility pathway: Utah DWS cash-assistance and employment-support program for qualifying birth parents after a child has been legally placed for adoption through a public/private agency or licensed attorney.,,res-utah-dws-adoption-assistance-birth-parents
Children/Pregnancy,Important specialized help,Utah DWS Specified Relative Program,Review for this particular program or eligibility pathway: Utah DWS cash-assistance pathway for qualifying relatives caring for children whose parents are absent from the home.,,res-utah-dws-specified-relative-program
Children/Pregnancy,Important specialized help,USU Extension Healthy Relationships Utah Fatherhood Education for Justice-Involved Fathers,Review for this particular program or eligibility pathway: USU Extension Healthy Relationships Utah fatherhood education course using InsideOut Dad curriculum for justice-involved Utah fathers preparing for release or involved with AP&P or community justice systems.,,res-usu-hru-justice-involved-fatherhood
Children/Pregnancy,Important specialized help,Utah DHHS Office of the Child Protection Ombuds,"Review for this particular program or eligibility pathway: Independent Utah DHHS Child Protection Ombuds complaint route for concerns about Division of Child and Family Services actions, child-protection process, or child safety in DCFS-involved matters.",,res-utah-child-protection-ombudsman
Children/Pregnancy,Important specialized help,Utah State Board of Education Special Education Dispute Resolution,"Review for this particular program or eligibility pathway: Official Utah State Board of Education special-education dispute-resolution pathway for IEP facilitation, mediation, IDEA state complaints, and due process hearings.",,res-usbe-special-education-dispute-resolution
Children/Pregnancy,Important specialized help,Utah State Courts Child Welfare Mediation Program,"Review for this particular program or eligibility pathway: Utah State Courts statewide child-welfare mediation program for abuse, neglect, dependency, placement, and service-plan disputes in juvenile court cases.",,res-utah-courts-child-welfare-mediation
Children/Pregnancy,Additional options,T-Mobile Project 10Million student hotspot internet,"Keep as a further option after establishing the starting routes in Children/Pregnancy: T-Mobile Project 10Million provides free hotspot internet access for eligible K-12 student households, subject to coverage, program rules, and annual data limits.",,res-t-mobile-project-10million
Children/Pregnancy,Additional options,VA Salt Lake City Women Veteran Care,"Keep as a further option after establishing the starting routes in Children/Pregnancy: VA Salt Lake City women veteran care pathway providing women veteran care coordination and comprehensive health services including primary care, gynecology, maternity/postpartum support, imaging, mental-health care, and….",,res-va-salt-lake-women-veteran-care
Clothing/Household,Additional options,Access Foundation recovery housing,"Keep as a further option after establishing the starting routes in Clothing/Household: Southern Utah recovery housing network serving people in recovery, including people transitioning from incarceration or homelessness, with peer support, case management, employment support, life-skills development, and resident….",,res-access-foundation
Clothing/Household,Start here,Assistance League of Southern Utah Operation School Bell,Establish the school-routed clothing pathway and who can make the required referral.,,res-assistance-league-southern-utah-school-bell
Clothing/Household,Important specialized help,BREATHE CARE Food and Essential Supplies Intake,"Review for this particular program or eligibility pathway: Santa Clara resource center offering food, diapers, toiletries, cleaning supplies, paper goods, and other essential household supplies for Washington County households, including people experiencing homelessness who can complete….",,res-breathe-care-essential-supplies
Clothing/Household,Important specialized help,Cherish Families wraparound support for families from polygamous and high-control backgrounds,"Review for this particular program or eligibility pathway: Free, confidential wraparound support for individuals and families from polygamous or high-control backgrounds, including crisis, counseling, safety planning, protective-order help, basic needs, rental assistance, housing….",,res-cherish-families-wraparound
Clothing/Household,Important specialized help,DOVE Center domestic-violence and sexual-assault services,"Review for this particular program or eligibility pathway: Washington and Kane County domestic-violence and sexual-assault agency providing a 24/7 helpline, confidential shelter or safe-housing access, advocacy, counseling, protective-order and court support, medical advocacy….",,res-dove-center-family-services
Clothing/Household,Important specialized help,Paiute Indian Tribe of Utah Family Services and FourPoints family support,"Review for this particular program or eligibility pathway: Paiute Indian Tribe of Utah Family Services and FourPoints Health pathway for eligible Tribal families and community patients, including domestic-violence advocacy/support, Indian child welfare coordination, vulnerable….",,res-pitu-family-services-child-care-crisis
Clothing/Household,Important specialized help,Washington County School District high school Teen Centers,"Review for this particular program or eligibility pathway: School-based Teen Centers for enrolled Washington County high-school students, providing snacks, food pantry access, kitchens, showers, laundry, toiletry kits, study space, wellness rooms, and trusted-adult resource connection.",,res-pine-view-high-teen-center
Clothing/Household,Additional options,Root for Kids Early Head Start,"Keep as a further option after establishing the starting routes in Clothing/Household: Root for Kids Early Head Start home-visiting and family-development program serving pregnant women and children birth to age 3 in Washington County, with school-readiness support, health screenings/care coordination, monthly food….",,res-root-for-kids-early-head-start
Clothing/Household,Important specialized help,"Red Rock Center for Independence independent living, disability supports, and limited activity transportation","Review for this particular program or eligibility pathway: Center for Independent Living in St. George serving all ages and disability types with no-cost core independent-living services, nursing-home transition/diversion, youth transition, peer support, advocacy, assistive technology….",,res-red-rock-center-independence-youth-disability-supports
Clothing/Household,Additional options,Saint George Catholic Church Our Mother's Food Pantry,"Keep as a further option after establishing the starting routes in Clothing/Household: Weekly parish pantry in St. George distributing shelf-stable food, personal-hygiene items, dental supplies, and kid-friendly snacks to local households.",,res-saint-george-catholic-our-mothers-food-pantry
Clothing/Household,Start here,Sleep in Heavenly Peace UT-St George free beds for children,Review the local children's bed application route because ordinary clothing/pantry assistance does not cover this need.,,res-sleep-in-heavenly-peace-st-george
Clothing/Household,Start here,Southwest Utah Public Health Department Car Seat Program and Safety Checks,Establish the local car-seat assistance and safety-check pathway; distinguish education/inspection from provision of a seat.,,res-swuhealth-car-seat-program
Clothing/Household,Start here,Switchpoint Community Resource Center diaper assistance,"Confirm the local diaper-assistance intake, age/household requirements, supply limits and distribution timing.",,res-switchpoint-diaper-assistance
Clothing/Household,Important specialized help,The Well Pregnancy Resource Center St. George pregnancy support and material assistance,"Review for this particular program or eligibility pathway: Cost-free St. George pregnancy resource center offering pregnancy testing, limited ultrasound, STI services, parenting education, fatherhood support, referrals, and maternity/infant supplies earned through education programs.",,res-the-well-pregnancy-resource-center-st-george
Clothing/Household,Additional options,Utah Food Bank Southern Distribution Center and local pantry/mobile food access,"Keep as a further option after establishing the starting routes in Clothing/Household: Utah Food Bank Southern Distribution Center and southwest Utah partner network supporting mobile pantries, school and family food programs, senior/homebound food-box delivery, Hurricane Valley pantry access, Valley View food….",,res-utah-food-bank-southern-child-family-food-diaper
Clothing/Household,Important specialized help,Utah Foster Care St. George / Southwest Region foster family support and Wishing Well Fund,"Review for this particular program or eligibility pathway: Utah Foster Care's St. George/Southwest Region office for foster, adoptive, and kinship caregiver support, including local retention/Care Communities contacts and the Wishing Well Fund for eligible state-licensed foster….",,res-utah-foster-care-southwest-region
Clothing/Household,Additional options,"Utah Tech University Student Resource Center student support, basic-needs, advocacy, and student legal clinic","Keep as a further option after establishing the starting routes in Clothing/Household: Utah Tech Student Resource Center student-support hub offering academic coaching, mentoring, case management/resource navigation, student-family supports, Blazer Food Pantry groceries and essentials, Come & Get It free-food….",,res-utah-tech-student-resource-center-student-parents
Clothing/Household,Important specialized help,Washington County School District At-Risk Support Services / McKinney-Vento student supports and school transportation,"Review for this particular program or eligibility pathway: Washington County School District At-Risk Support Services and McKinney-Vento liaison pathway for vulnerable, homeless, or housing-unstable students and families, including school enrollment protections, free meals/fee waivers….",,res-wcsd-at-risk-mckinney-vento
Clothing/Household,Start here,"Youth Futures St. George emergency youth shelter, drop-in services, computer access, and transportation support",Establish the youth shelter/drop-in route early and keep its age limits distinct from adult/family shelter access.,"What ages and circumstances are eligible for shelter versus drop-in help, and how should staff arrange an intake?",res-youth-futures-st-george-youth-shelter-drop-in
Clothing/Household,Start here,American Red Cross of Utah home-fire and disaster immediate assistance and recovery support,Review immediate disaster recovery intake early; ordinary assistance programs may not address an acute home-fire displacement.,,res-red-cross-utah-disaster-assistance
Clothing/Household,Important specialized help,Chabad Jewish Community Center of Southern Utah Short Term Emergency Fund,"Review for this particular program or eligibility pathway: Southern Utah Chabad short-term emergency fund offering case-by-case emergency financial and in-kind assistance, including furniture and clothing.",,res-chabad-southern-utah-emergency-fund
Clothing/Household,Start here,Deseret Industries St. George bishop-approved clothing and household orders,Clarify the bishop-approved clothing/household order process before treating a thrift-store visit as free assistance.,,res-deseret-industries-st-george-bishops-orders
Clothing/Household,Important specialized help,"Five County AOG Community Action Partnership coordinated entry, rapid rehousing, diversion, utility deposits, and housing assistance","Review for this particular program or eligibility pathway: Five County Community Action Partnership housing-crisis and stabilization pathway for low-income households, including coordinated-entry assessment, rapid rehousing, homeless prevention, homeless diversion, motel vouchers….",,res-five-county-cap-rapid-rehousing-toolkits
Clothing/Household,Additional options,Five County AOG Weatherization Assistance Program,"Keep as a further option after establishing the starting routes in Clothing/Household: Federally funded Weatherization Assistance Program administered by Five County AOG for Washington County homes, providing energy-efficiency and safety improvements such as insulation, air sealing, heating-system work, minor….",,res-five-county-aog-weatherization-assistance
Clothing/Household,Important specialized help,"Futures Through Training Utah Farmworker Program employment, training, and basic-needs support","Review for this particular program or eligibility pathway: Statewide Utah Farmworker Program offering eligible farmworkers and family members training, job readiness, job placement, career services, and related assistance such as emergency clothes, shoes, toiletries, transportation, and….",,res-futures-through-training-farmworker-basic-needs
Clothing/Household,Important specialized help,"Holding Out HELP Southern Utah transition, housing-resource, therapy, and basic-needs support","Review for this particular program or eligibility pathway: Population-specific transition, case-management, therapy, housing-resource, emergency-support, and basic-needs pathway for individuals and families from polygamous or high-control community backgrounds, including Southern Utah….",,res-holding-out-help-southern-utah-basic-needs
Clothing/Household,Additional options,"Intermountain Health St. George Regional Hospital patient clothing, blankets, and hygiene supplies","Keep as a further option after establishing the starting routes in Clothing/Household: Hospital patient-only pathway for new clothing, blankets, hygiene kits, and comfort items supplied through Intermountain Health/St. George Regional Hospital staff and volunteer donation programs.",,res-intermountain-stgeorge-patient-supplies
Clothing/Household,Important specialized help,Manos Amigas Utah Southern Utah immigrant detention/deportation support and emergency aid,"Review for this particular program or eligibility pathway: Southern Utah volunteer mutual-aid program helping detained/deported immigrants and separated families with detention phone funds, deportation-system navigation, emergency aid, groceries, baby supplies, household essentials….",,res-manos-amigas-utah-emergency-basic-needs
Clothing/Household,Additional options,Momivate St. George Revolving Closet,"Keep as a further option after establishing the starting routes in Clothing/Household: Volunteer-hosted Momivate-affiliated St. George Revolving Closet exchanging and sharing children's clothes, shoes, maternity items, diapers, books, and coats.",,res-momivate-st-george-revolving-closet
Clothing/Household,Additional options,Root for Kids Warm Coats + New Shoes Giveaway Day,"Keep as a further option after establishing the starting routes in Clothing/Household: Seasonal Root for Kids Warm Coats + New Shoes Giveaway Day connected to Early Head Start, with recent 2026 event photos but no published next date or eligibility rules.",,res-root-for-kids-warm-coats-new-shoes-giveaway-day
Clothing/Household,Start here,Saint George Catholic Church Thrift Store vouchers,Establish the local thrift-voucher route and authorization requirements before other clothing alternatives.,,res-saint-george-catholic-thrift-store-vouchers
Clothing/Household,Start here,Switchpoint Thrift Store affordable clothing and household goods,"Confirm an accessible local low-cost household/clothing option, clearly distinguishing purchases from free vouchers.",,res-switchpoint-thrift-store-affordable-goods
Clothing/Household,Start here,Switchpoint Welcome Home move-in household kits,Review move-in kit eligibility early; a housing placement can still leave someone without basic household supplies.,,res-switchpoint-welcome-home-move-in-kits
Clothing/Household,Additional options,American Legion Temporary Financial Assistance for children's basic needs - Post 90 access,"Keep as a further option after establishing the starting routes in Clothing/Household: American Legion Temporary Financial Assistance access through Lester Keate Post 90/Department of Utah for eligible military or Legion-member households with minor children, including utilities and children's basic needs after….",,res-american-legion-tfa-children-basic-needs
Clothing/Household,Start here,The Christmas Box International St. George Christmas Box Resource Room,Review the local child-welfare resource-room access and referral rules; supplies may be tied to a placement or agency referral.,,res-christmas-box-resource-room-st-george
Clothing/Household,Additional options,The Church of Jesus Christ bishop-referred fast-offering and storehouse assistance,"Keep as a further option after establishing the starting routes in Clothing/Household: Church bishop-referred temporal-assistance pathway using fast offerings, bishops' orders, and the St. George bishops' storehouse when designated, for essential needs such as food, hygiene, household basics, housing, utilities….",,res-lds-bishops-storehouse-st-george-basic-goods
Clothing/Household,Additional options,The Salvation Army Mobile Outreach and Engagement Program - Washington County,"Keep as a further option after establishing the starting routes in Clothing/Household: Salvation Army Mobile Outreach and Engagement Program serving rural Washington County with homeless outreach, hygiene and basic-need distribution, clothing, blankets/sleeping bags, and limited household furnishings after housing….",,res-salvation-army-mobile-outreach-washington-county
Clothing/Household,Additional options,"Utah DWS St. George career, education, and supportive services","Keep as a further option after establishing the starting routes in Clothing/Household: Utah DWS St. George American Job Center career and education assistance pathway, including counselor-approved funding for GED/diploma, certification, apprenticeship, college degree, WIOA training, work experience, job-search….",,res-utah-dws-st-george-work-clothing-supportive-services
Clothing/Household,Important specialized help,Utah Office for Victims of Crime victim compensation for crime-related expenses,"Review for this particular program or eligibility pathway: Statewide Utah crime-victim compensation pathway that can reimburse or pay approved crime-related expenses, including medical care, counseling, lost wages, funeral costs, relocation, and essential personal property in qualifying….",,res-uovc-crime-victim-compensation-property-relocation
Clothing/Household,Additional options,Shop with a Cop Washington County / Hurricane seasonal child clothing and school-supply events,"Keep as a further option after establishing the starting routes in Clothing/Household: Seasonal Shop with a Cop events in Washington County/Hurricane and statewide Utah Police Civilian Association support, providing selected children shopping support for warm clothing, school clothes, shoes, backpacks, school….",,res-shop-with-a-cop-washington-county-hurricane
Clothing/Household,Important specialized help,"Utah State Office of Rehabilitation Vocational Rehabilitation - St. George employment, training, restoration, and transportation supports","Review for this particular program or eligibility pathway: Utah State Office of Rehabilitation vocational rehabilitation access in St. George for eligible people with disabilities whose employment plan may require counseling, training, college or vocational education, job placement….",,res-usor-vr-st-george-employment-supports
Clothing/Household,Additional options,Utah Tech University Career Services Career Closet,"Keep as a further option after establishing the starting routes in Clothing/Household: Utah Tech Career Services professional-attire closet for students needing business or interview clothing for career events, interviews, presentations, and similar purposes.",,res-utah-tech-career-services-career-closet
Disability,Additional options,ABS Kids St. George ABA Therapy and Autism Diagnosis Services,"Keep as a further option after establishing the starting routes in Disability: St. George autism diagnosis and ABA provider offering in-home ABA, center-based ABA, and autism diagnostic services for children in Washington County.",,res-abs-kids-st-george-aba
Disability,Additional options,Bridgeway Integrated Healthcare Services St. George Center,"Keep as a further option after establishing the starting routes in Disability: St. George child, adolescent, adult, autism, ABA, psychological evaluation, family counseling, day-treatment, and behavioral-health services provider.",,res-bridgeway-st-george-children
Disability,Additional options,"Chrysalis Utah St. George disability, behavioral-health, residential, and employment supports","Keep as a further option after establishing the starting routes in Disability: St. George intellectual-disability, autism, behavioral-health, residential, supported-living, employment, and authorized psychotherapy/support provider.",,res-chrysalis-st-george
Disability,Start here,"Disability Law Center Utah disability-rights, housing-access, CAP, and abuse/neglect legal advocacy","Establish a disability-rights advocacy route, including case acceptance and alternatives when representation is unavailable.",,res-disability-law-center-utah
Disability,Important specialized help,"Family Support Center of Washington County crisis nursery, crisis shelter care, respite, and parenting education","Review for this particular program or eligibility pathway: No-cost crisis nursery, emergency nursery care, crisis shelter care, planned respite/stress-break care, parenting education, family-strengthening activities, and referrals for Washington County families with children newborn….",,res-family-support-center-washington-county-crisis-respite-parenting
Disability,Start here,Intermountain Health St. George Regional Hospital Pediatric Physical Medicine and Rehab,Review the local pediatric rehabilitation route early; referral requirements and therapy availability can determine access.,,res-intermountain-stgeorge-pediatric-rehab
Disability,Additional options,NAMI Utah Southwest education and peer/family support,"Keep as a further option after establishing the starting routes in Disability: Free NAMI peer and family mental-health education/support pathway, including NAMI Utah Southwest and a St. George family support group plus statewide online groups.",,res-nami-utah-southwest-family-support
Disability,Additional options,Possibilities ABA St. George autism diagnosis and ABA therapy,Keep as a further option after establishing the starting routes in Disability: St. George/Bloomington autism provider offering in-home and center-based ABA therapy plus autism diagnostic evaluations for children and youth.,,res-possibilities-aba-st-george
Disability,Start here,Root for Kids Early Intervention / Baby Watch local provider,Establish early-intervention intake promptly; young children have age-limited access pathways.,,res-root-for-kids-early-intervention-baby-watch
Disability,Start here,"Red Rock Center for Independence independent living, disability supports, and limited activity transportation",Establish the local independent-living navigator before working through narrower disability services and equipment options.,,res-red-rock-center-independence-youth-disability-supports
Disability,Additional options,"RISE Services St. George child, adult, and aging-adult disability supports","Keep as a further option after establishing the starting routes in Disability: St. George disability services including youth after-school/summer programs, respite, supported living, host homes, professional parenting, employment, and behavior support.",,res-rise-services-st-george-child-youth-disability-supports
Disability,Important specialized help,Shriners Children's Salt Lake City pediatric specialty care,"Review for this particular program or eligibility pathway: Regional pediatric specialty care center for orthopedics, prosthetics/orthotics, motion analysis, pediatric rehabilitation and therapy, wheelchair seating and mobility, specialty clinics, and care management.",,res-shriners-childrens-salt-lake-city-specialty-care
Disability,Additional options,Summit Behavior Services St. George autism and developmental-delay services,"Keep as a further option after establishing the starting routes in Disability: St. George autism and developmental-delay provider offering ABA/day treatment, outpatient therapy, parent education, testing, and related therapies for children and youth.",,res-summit-behavior-services-st-george
Disability,Additional options,"TURN Community Services St. George disability services, residential supports, educational day supports, supported employment, and embedded transportation","Keep as a further option after establishing the starting routes in Disability: TURN Community Services St. George disability-services provider for adults with intellectual/developmental disabilities, related conditions, or acquired brain injury, including day, residential, semi-independent living….",,res-turn-community-services-st-george-family-support-respite
Disability,Start here,"Utah DSPD intake, waiting list, waiver services, and disability-related transportation","Establish disability-service eligibility, intake and waiting-list navigation before reviewing contracted providers.",,res-utah-dspd-intake-waiver-services
Disability,Important specialized help,Utah CSHCN Integrated Services Program care coordination,"Review for this particular program or eligibility pathway: No-cost statewide care coordination for Utah families with children and youth with special health care needs, including medical home support, Medicaid/CHIP connection, medical/dental/specialty resource navigation, birth-to-8….",,res-utah-cshcn-integrated-services-care-coordination
Disability,Start here,Utah Children’s Hearing Aid Program (CHAP),Review children's hearing-aid financial assistance early; this addresses a specific access gap beyond general medical referrals.,,res-utah-cshcn-chap-hearing-aids
Disability,Important specialized help,Utah Early Hearing Detection and Intervention (EHDI) newborn hearing follow-up,"Review for this particular program or eligibility pathway: Utah Early Hearing Detection and Intervention pathway for newborn hearing screening follow-up, CMV testing guidance, pediatric audiology referral, early intervention, and parent-to-parent support through the state EHDI team and….",,res-utah-ehdi-newborn-hearing-followup
Disability,Start here,Utah Department of Workforce Services Eligibility Services - St. George/myCase benefits access,"Establish the benefits eligibility/application entry point, including how to get help with a stalled application.",,res-utah-dws-eligibility-services-st-george
Disability,Important specialized help,Utah Down Syndrome Foundation Down syndrome family support and Southern Utah events,"Review for this particular program or eligibility pathway: Utah Down Syndrome Foundation statewide and Southern Utah Down syndrome family support, including prenatal/new parent mentor connection, care package requests, education, advocacy, and St. George-area community events.",,res-utah-down-syndrome-foundation-new-parent
Disability,Additional options,Utah Legal Services St. George civil legal aid and limited immigration citizenship help,"Keep as a further option after establishing the starting routes in Disability: Statewide nonprofit civil legal-aid program with a St. George office, serving qualifying Utahns in non-criminal matters including expungement, domestic-violence protective orders, housing, public benefits, Medicaid….",,res-utah-legal-services-st-george-family-benefits
Disability,Important specialized help,"Utah Medicaid Early and Periodic Screening, Diagnostic and Treatment (EPSDT)","Review for this particular program or eligibility pathway: Utah Medicaid EPSDT child health benefit covering no-cost well-child screening, preventive care, dental, vision, hearing, mental health, immunizations and medically necessary services for Medicaid members through age 20….",,res-utah-medicaid-epsdt
Disability,Important specialized help,Utah Medicaid Medically Complex Children's Waiver,"Review for this particular program or eligibility pathway: State Medicaid waiver for children age 18 or younger with high medical complexity, offering traditional Medicaid benefits plus respite and related home/community supports when selected and financially eligible.",,res-utah-medicaid-medically-complex-childrens-waiver
Disability,Start here,Utah Parent Center Family to Family Network - Washington County,Establish local parent-to-parent disability navigation alongside formal service intake.,,res-utah-parent-center-family-to-family-washington-county
Disability,Start here,Utah Schools for the Deaf and the Blind Parent Infant Program - Southern Utah access,Review infant hearing/vision intervention early because families need a distinct age-sensitive referral route.,,res-usdb-parent-infant-program-southern-utah
Disability,Start here,Washington County School District Child Find and Early Childhood Special Education Preschool,Establish preschool disability evaluation/Child Find access before selecting individual therapy providers.,,res-wcsd-child-find-special-education-preschool
Disability,Start here,"Utah State Office of Rehabilitation Vocational Rehabilitation - St. George employment, training, restoration, and transportation supports",Establish vocational rehabilitation intake before selecting disability employment providers or requesting funded supports.,,res-usor-vr-st-george-employment-supports
Disability,Important specialized help,"Abby Lou Foundation disability advocacy, legal support, grants, and gap loans","Review for this particular program or eligibility pathway: Utah nonprofit providing education, advocacy, legal-support information, medical grants, and zero-interest Social Security gap loans for children and adults with intellectual disabilities reliant on public funds.",,res-abby-lou-foundation-disability-support
Disability,Additional options,Abby Lou Services DSPD-funded host homes and community-based day program,"Keep as a further option after establishing the starting routes in Disability: St. George-headquartered DSPD-funded provider offering host-home residential services, a fully community-based day program, and related supports for people with intellectual and developmental disabilities or traumatic brain….",,res-abby-lou-services-dspd
Disability,Important specialized help,Ability Found Equipment Placement Program,"Review for this particular program or eligibility pathway: Utah nonprofit equipment-placement program providing new or refurbished mobility, rehabilitation, and adaptive equipment through applications submitted by professional service providers.",,res-ability-found-equipment-placement
Disability,Important specialized help,ABLE Utah Savings Accounts,Review for this particular program or eligibility pathway: State of Utah ABLE savings plan allowing eligible Utahns with qualifying disabilities to save and invest for disability-related expenses while protecting needs-based benefits within program rules.,,res-able-utah-savings-accounts
Disability,Additional options,Acumen Fiscal Agent Utah DSPD Self-Administered Services fiscal agent,"Keep as a further option after establishing the starting routes in Disability: Utah DSPD fiscal-agent access point for participants using self-directed or Self-Administered Services, including enrollment paperwork, payroll, taxes, EVV, budget tracking, and direct-care employee forms.",,res-acumen-utah-dspd-fiscal-agent
Disability,Additional options,Adelfos DSPD support coordination,"Keep as a further option after establishing the starting routes in Disability: Private DSPD support-coordination provider helping eligible waiver participants and families navigate DSPD-funded services, budgets, planning, providers, and ongoing supports.",,res-adelfos-dspd-support-coordination
Disability,Important specialized help,ALS United Rocky Mountain care services for people with ALS,"Review for this particular program or eligibility pathway: ALS-specific nonprofit support serving Utah, Colorado, and Wyoming with care coordination, support groups, equipment-loan help, quality-of-life grant support, clinic partnerships, and family resources.",,res-als-united-rocky-mountain-care-services
Disability,Important specialized help,"Alzheimer's Association Utah Chapter dementia helpline, education, and caregiver support","Review for this particular program or eligibility pathway: Free Alzheimer's Association Utah Chapter dementia helpline, education, caregiver support, resource navigation, and Southern Utah/St. George education access.",,res-alzheimers-association-utah-dementia-support
Disability,Important specialized help,Angel's Hands Foundation medical and adaptive-equipment assistance for rare or undiagnosed conditions,"Review for this particular program or eligibility pathway: Utah volunteer nonprofit supporting registered families affected by rare or undiagnosed medical conditions with medical/equipment assistance requests, conference scholarships, education, and family support.",,res-angels-hands-foundation-medical-equipment-assistance
Disability,Additional options,Autism Therapy Services St. George ABA and autism evaluation services,"Keep as a further option after establishing the starting routes in Disability: Local autism provider offering individualized ABA therapy and autism assessment-related services for St. George-area families, with Medicaid and major commercial insurance listed.",,res-autism-therapy-services-st-george
Disability,Additional options,"Barnes Disability Advocates St. George SSI, SSDI, and long-term disability representation","Keep as a further option after establishing the starting routes in Disability: St. George disability-benefits law firm/advocacy office helping with Social Security Disability Insurance, Supplemental Security Income, and long-term disability benefit applications and appeals.",,res-barnes-disability-advocates-st-george
Disability,Additional options,"BeeHive Homes of St. George assisted living, memory care, respite, and waiver access","Keep as a further option after establishing the starting routes in Disability: Small St. George assisted-living and memory-care homes offering 24/7 personal care, medication management, dementia support, respite stays, and participation in Utah New Choices Waiver and Aging Waiver respite with prior….",,res-beehive-homes-st-george-waiver-care
Disability,Additional options,Best Buddies e-Buddies online friendship program,"Keep as a further option after establishing the starting routes in Disability: Best Buddies online e-Buddies program creating screened virtual one-to-one friendships, online social events, and a moderated social platform for people with and without intellectual and developmental disabilities.",,res-best-buddies-ebuddies
Disability,Important specialized help,Brain Injury Alliance of Utah resource facilitation and brain-injury support,"Review for this particular program or eligibility pathway: Statewide brain-injury nonprofit/resource pathway offering resource-facilitator appointments, education, advocacy, support-group/resource connection, and Utah DHHS-linked brain-injury consultation.",,res-brain-injury-alliance-utah-resource-facilitation
Disability,Additional options,Carelinks ABA in-home autism therapy - St. George,"Keep as a further option after establishing the starting routes in Disability: In-home ABA therapy provider advertising St. George service for children and young adults with autism ages 2-21, with BCBA/RBT services, parent training, and insurance verification.",,res-carelinks-aba-st-george
Disability,Important specialized help,Children First Education Fund Carson Smith Opportunity Scholarship,Review for this particular program or eligibility pathway: State-contracted scholarship-granting organization administering the Carson Smith Opportunity Scholarship for Utah K-12 students with qualifying disabilities.,,res-children-first-csos
Disability,Important specialized help,Children of Hope Academy special-needs school and parent support,"Review for this particular program or eligibility pathway: Small St. George nonprofit school/community program for students with special needs, using individualized developmental education and parent/community support.",,res-children-of-hope-academy
Disability,Important specialized help,"City of St. George SunTran fixed-route bus, Zion Route, and ADA paratransit","Review for this particular program or eligibility pathway: City of St. George SunTran fixed-route public bus service, ADA complementary paratransit for preapproved riders with disabilities, and the regional SunTran Zion Route connecting St. George to the Zion corridor.",,res-suntran-ada-paratransit
Disability,Additional options,City of St. George The CARE Club adaptive recreation,"Keep as a further option after establishing the starting routes in Disability: City monthly inclusive drop-in adaptive recreation program at Tonaquint Nature Center for people age 12+ of all abilities, with crafts, science, games, and sensory activities.",,res-st-george-care-club
Disability,Additional options,Thunder Junction All Abilities Park and Awareness Days,"Keep as a further option after establishing the starting routes in Disability: City-run all-abilities park with wheelchair-accessible playground equipment, splash pad, accessible train, service-animal access, and disability-focused Awareness Days.",,res-thunder-junction-all-abilities-park
Disability,Important specialized help,Creativity and Patience Center speech therapy and AAC support,"Review for this particular program or eligibility pathway: St. George pediatric speech therapy provider focusing on language delays, social communication, and Augmentative and Alternative Communication needs.",,res-creativity-patience-speech-aac
Disability,Additional options,"Crimson Heights Behavioral Health St. George day treatment, outpatient, autism, and adult skills supports","Keep as a further option after establishing the starting routes in Disability: St. George behavioral-health provider with licensed day-treatment and general outpatient clinic records plus autism, ABA, adult skills, and disability-related behavioral supports.",,res-crimson-heights-st-george-disability-behavioral-supports
Disability,Additional options,"Danville Services of Utah St. George disability residential, employment, and community supports","Keep as a further option after establishing the starting routes in Disability: Utah disability-services provider with a St. George regional office serving Iron and Washington Counties, offering individualized residential programs plus employment and community-integration services.",,res-danville-services-utah-st-george
Disability,Important specialized help,Dental Lifeline Network Utah Donated Dental Services,"Review for this particular program or eligibility pathway: Statewide Donated Dental Services program providing volunteer comprehensive dental treatment for eligible Utah applicants who cannot afford care and meet disability, age, or medical-necessity criteria.",,res-dental-lifeline-utah-dds
Disability,Additional options,Deseret Industries St. George job training and development program,"Keep as a further option after establishing the starting routes in Disability: Paid employment-training pathway at the St. George Deseret Industries store, with job coaching, development counseling, workplace skill-building, and education or vocational supports for people facing employment barriers.",,res-deseret-industries-st-george-job-training
Disability,Important specialized help,Easterseals-Goodwill Northern Rocky Mountain SCSEP - St. George,"Review for this particular program or eligibility pathway: Easterseals-Goodwill SCSEP paid community-service work experience, online skills courses, and job-search support for low-income unemployed older adults, with federal priority including people with disabilities.",,res-easterseals-goodwill-scsep-st-george
Disability,Additional options,Encore Performing Arts sensory-friendly and ASL-interpreted performances,"Keep as a further option after establishing the starting routes in Disability: Accessible live-theater offerings in St. George, including free reserved sensory-friendly performances and select ASL-interpreted performances.",,res-encore-performing-arts-accessible-performances
Disability,Additional options,Family Matters Services DSPD-contracted in-home disability supports,"Keep as a further option after establishing the starting routes in Disability: DSPD-contracted Utah in-home support provider serving Washington County with personal care, companion care, community access, home support, transportation/errands, and individualized assistance.",,res-family-matters-services-utah-dspd-in-home-supports
Disability,Start here,"Five County Area Agency on Aging Benefits Access, SHIP, and SMP",Establish the local benefits/Medicare counseling route before reviewing individual coverage and bill-assistance programs.,,res-five-county-aaa-benefits-access-ship-smp
Disability,Start here,Five County Area Agency on Aging National Family Caregiver Support Program,Establish caregiver support and respite screening early; this can prevent a care arrangement from failing.,,res-five-county-aaa-caregiver-support
Disability,Important specialized help,"Five County Area Agency on Aging in-home services, Aging Waiver, Alternatives, Veteran Directed Care, and plan-authorized transportation","Review for this particular program or eligibility pathway: Five County Area Agency on Aging case-management access for in-home aging services, including Medicaid Aging Waiver, home-delivered supplemental meals when assessed and authorized, State Alternatives, Veteran Directed Care….",,res-five-county-aaa-in-home-services-aging-waiver
Disability,Important specialized help,Five County Area Agency on Aging Long-Term Care Ombudsman Program,"Review for this particular program or eligibility pathway: Local long-term-care ombudsman advocacy for residents of skilled nursing facilities and assisted living facilities in the Five County region, including confidential help with resident-rights complaints, abuse, neglect, and….",,res-five-county-aaa-long-term-care-ombudsman
Disability,Important specialized help,GCS Foundation Social Security representative payee services,"Review for this particular program or eligibility pathway: Utah nonprofit approved by SSA as an organizational representative payee, helping manage Social Security and SSI benefits for people with disabilities and others SSA determines need a payee.",,res-gcs-foundation-social-security-payee-services
Disability,Important specialized help,Guardianship Associates of Utah guardianship and pro se training,"Review for this particular program or eligibility pathway: Utah nonprofit guardianship agency offering basic guardianship and pro se training, professional guardianship, conservatorship, and related disability-focused protective-service guidance.",,res-guardianship-associates-utah-guardianship-training
Disability,Important specialized help,Habitat for Humanity of Southwest Utah Home Preservation repair program,"Review for this particular program or eligibility pathway: Washington County Habitat affiliate home-preservation program for income-eligible owner-occupants needing short-term exterior improvements they cannot complete because of age, disability, or other circumstances.",,res-habitat-southwest-utah-home-preservation
Disability,Additional options,Hurricane Recreation adaptive sports and Kids Club,"Keep as a further option after establishing the starting routes in Disability: Municipal adaptive recreation programs in Hurricane for children with mental, physical, and intellectual disabilities or who need special consideration in group recreation.",,res-hurricane-recreation-adaptive-programs
Disability,Important specialized help,iCanConnect Utah deafblind communication equipment program,"Review for this particular program or eligibility pathway: Utah iCanConnect/National Deaf-Blind Equipment Distribution Program providing free distance-communication equipment, assessment, and training for eligible people with combined hearing and vision loss.",,res-icanconnect-utah-deafblind-equipment
Disability,Additional options,Innovative Harbor St. George disability support services,Keep as a further option after establishing the starting routes in Disability: St. George disability-support provider contact working with individuals and families living with disability and with Utah agencies including DSPD and Vocational Rehabilitation.,,res-innovative-harbor-st-george-disability-supports
Disability,Important specialized help,Intermountain Health St. George Neuro / Stroke Recovery Support Group,"Review for this particular program or eligibility pathway: Monthly St. George neuro/stroke recovery support group for survivors and caregivers, with education, discussion, social support, and virtual attendance by email request.",,res-intermountain-stgeorge-neuro-stroke-support-group
Disability,Important specialized help,Intermountain Health St. George Regional Hospital Inpatient Rehabilitation Unit and RAMMP peer mentorship,"Review for this particular program or eligibility pathway: Hospital inpatient rehabilitation unit in St. George for people with significant functional changes after stroke, brain injury, spinal cord injury, amputation, trauma, or other major medical events, including hospital-based RAMMP….",,res-intermountain-stgeorge-inpatient-rehabilitation
Disability,Additional options,Jeanetta's Job Coaching USOR-approved Community Rehabilitation Program,Keep as a further option after establishing the starting routes in Disability: USOR-approved Community Rehabilitation Program provider listed for Washington County supported-employment services.,,res-jeanettas-job-coaching-crp
Disability,Additional options,"Kostopulos Dream Foundation Camp K disability recreation, camps, and respite","Keep as a further option after establishing the starting routes in Disability: Utah disability-focused recreation and respite provider offering summer residential/day/trip camps, year-round community activities, equestrian programs, and vocational/work-experience programming for people with disabilities and….",,res-camp-k-disability-recreation-respite
Disability,Important specialized help,Loving Angel Service Dogs public-access service dog training and placement,"Review for this particular program or eligibility pathway: St. George nonprofit training and placing public-access service dogs for mobility assistance, seizure response, diabetic alert, PTSD support, and approved autism-spectrum support.",,res-loving-angel-service-dogs
Disability,Important specialized help,"Utah Medicaid Non-Emergency Medical Transportation, Modivcare rides, and mileage reimbursement","Review for this particular program or eligibility pathway: Utah Medicaid non-emergency medical transportation benefit for eligible Traditional Medicaid members, including Modivcare door-to-door rides, personal mileage reimbursement, approved long-distance travel costs, and related….",,res-utah-medicaid-nemt-modivcare
Disability,Additional options,National Association for Child Development St. George evaluations and home program coaching,"Keep as a further option after establishing the starting routes in Disability: In-person St. George evaluations and remote coaching for individualized home developmental, learning, and neurodevelopmental programs for children and adults.",,res-nacd-st-george-evaluations
Disability,Additional options,National Federation of the Blind of Utah Red Rocks Chapter,"Keep as a further option after establishing the starting routes in Disability: Local St. George chapter of the National Federation of the Blind of Utah offering blind/low-vision peer networking, self-advocacy, and connection to statewide NFB Utah programs.",,res-nfb-utah-red-rocks-chapter
Disability,Important specialized help,National MS Society MS Navigator support,"Review for this particular program or eligibility pathway: National MS Society remote support pathway for people affected by multiple sclerosis, including one-on-one MS Navigator assistance, education, and connection to MS resources.",,res-national-ms-society-ms-navigator
Disability,Additional options,America the Beautiful Access Pass for permanent disabilities,"Keep as a further option after establishing the starting routes in Disability: Free lifetime America the Beautiful Access Pass for U.S. citizens or residents with medically determined permanent disabilities, usable at participating federal recreation sites.",,res-federal-access-pass-permanent-disability
Disability,Additional options,North Eastern Services Utah St. George developmental-disability supports,"Keep as a further option after establishing the starting routes in Disability: St. George developmental-disability services provider offering residential services, day services, host home/professional parent, supported living, behavior consultation, and vocational rehabilitation supports.",,res-north-eastern-services-st-george
Disability,Important specialized help,Olive Osmond Hearing Fund Here 2 Hear hearing aid assistance,"Review for this particular program or eligibility pathway: St. George-based hearing fund helping deaf and hard-of-hearing people acquire hearing aids when they lack other resources, and refurbishing donated hearing aids for reuse.",,res-olive-osmond-hearing-fund-here2hear
Disability,Additional options,OPPO / ALLIES Supported Employment - Washington County CRP coverage,"Keep as a further option after establishing the starting routes in Disability: OPPO/ALLIES supported-employment provider offering job exploration, applications/interview help, job coaching, on-shift support, and ongoing employment support for people with disabilities, with USOR CRP coverage that includes….",,res-oppo-allies-supported-employment
Disability,Important specialized help,"Red Rock Pediatric Therapies pediatric speech, occupational, feeding, and AAC therapy","Review for this particular program or eligibility pathway: Local pediatric therapy provider offering speech, language, feeding, occupational therapy, AAC, apraxia, sensory, fine-motor, handwriting, and daily-living therapy services.",,res-red-rock-pediatric-therapies
Disability,Additional options,Redhead Supports DSPD-funded disability services with enrolled-program transportation,"Keep as a further option after establishing the starting routes in Disability: St. George disability-support provider offering DSPD-funded and private-pay residential group homes, host homes/professional parenting, supported living, day, after-school, summer, respite, behavioral services, and round-trip….",,res-redhead-supports-dspd-disability-services
Disability,Important specialized help,Relay Utah Telecommunications Equipment Distribution Program,"Review for this particular program or eligibility pathway: Statewide Relay Utah equipment program providing specialized telecommunications equipment at no cost for qualified Utah residents who are Deaf, hard of hearing, or speech-challenged.",,res-relay-utah-telecommunications-equipment
Disability,Important specialized help,"Sego Lily Center for the Abused Deaf St. George support, advocacy, and legal-resource navigation","Review for this particular program or eligibility pathway: Utah victim-services organization providing Deaf, Hard of Hearing, DeafBlind, and DeafDisabled abuse support, with a St. George daytime support contact, culturally accessible advocacy, resource navigation, and after-hours Deaf….",,res-sego-lily-abused-deaf-st-george-support
Disability,Important specialized help,Sertoma Hearing Aid Project,"Review for this particular program or eligibility pathway: National Sertoma Hearing Aid Project providing refurbished hearing aids, accessories, and select services to qualifying adults through an audiology-partner network, with local partner availability requiring confirmation.",,res-sertoma-hearing-aid-project
Disability,Start here,"Social Security benefits, retirement, SSI, Medicare, Extra Help, appeals, and Saint George office access",Establish Social Security/SSI benefits and office/document access early; many other applications depend on this connection.,,res-social-security-disability-benefits-st-george-access
Disability,Additional options,Southern Utah Adaptive Sports adaptive golf and cycling,"Keep as a further option after establishing the starting routes in Disability: St. George nonprofit providing active adaptive golf and adaptive cycling programs with adaptive equipment, trained volunteer support, and participant intake for people with physical, cognitive, or sensory disabilities.",,res-southern-utah-adaptive-sports
Disability,Additional options,Southwest Adaptive Divers adaptive scuba training and scholarships,"Keep as a further option after establishing the starting routes in Disability: St. George adaptive scuba nonprofit providing adapted scuba training, certification support, dive-buddy support, and possible scholarships for people with physical or mental impairments who can be medically cleared.",,res-southwest-adaptive-divers
Disability,Important specialized help,"Southwest Behavioral Health Center Elev8 Clubhouse, adult skills, education support, and supported employment","Review for this particular program or eligibility pathway: Southwest Behavioral Health Center's Elev8 Clubhouse/adult skills development program for adults in mental-health recovery, with psychosocial rehabilitation, transportation for clients, low-cost lunch, transitional and supported….",,res-sbhc-elev8-clubhouse-adult-skills-supported-employment
Disability,Additional options,Special Olympics Utah South Area athlete participation and team matching,"Keep as a further option after establishing the starting routes in Disability: Special Olympics Utah athlete registration and South Area team-matching pathway for children and adults age 8+ with intellectual disabilities or closely related cognitive delays, including Washington County.",,res-special-olympics-utah-south-area-athlete-participation
Disability,Important specialized help,"St. George Housing Authority housing, rental-assistance inquiry, and homeless document-verification access","Review for this particular program or eligibility pathway: Local public housing authority administering St. George/Washington County Housing Choice Vouchers, low-income rental information, Dixie Sun Manor age-62+ public housing, limited emergency rental/mortgage assistance, HUD-covered….",,res-st-george-housing-authority-section-8-public-housing
Disability,Additional options,Sunrise Oasis Academy of Reading dyslexia microschool,"Keep as a further option after establishing the starting routes in Disability: Independent St. George microschool for children with dyslexia and related language-based learning differences, using structured literacy and individualized learning plans.",,res-sunrise-oasis-academy-reading-dyslexia-microschool
Disability,Additional options,TechieForLife / NeuroDev Mentoring Belong to Become program,"Keep as a further option after establishing the starting routes in Disability: Private St. George mentoring, vocational-school, and college-living program for autistic and neurodivergent young adults working toward independent living, education, and career goals.",,res-techieforlife-neurodev-mentoring-st-george
Disability,Important specialized help,Tender Mercies disability grants and assistance,"Review for this particular program or eligibility pathway: St. George-based nonprofit describing interim assistance, grants, and provider-partnership support for disabled individuals and families in Southern Utah/Southern Nevada.",,res-tender-mercies-disability-grants
Disability,Additional options,AbilityIS Work Activity Center Pooled Trust,Keep as a further option after establishing the starting routes in Disability: Ability Inclusion Services nonprofit pooled special-needs trust for Utah residents with diagnosed intellectual or developmental disabilities.,,res-abilityis-work-activity-center-pooled-trust
Disability,Additional options,TURN Community Services Utah Pooled Trust,Keep as a further option after establishing the starting routes in Disability: TURN Community Services statewide Utah Pooled Trust for people with disabilities who need to preserve public-benefit eligibility while using assets for supplemental needs.,,res-turn-utah-pooled-trust
Disability,Important specialized help,USDA Section 504 Home Repair Loans and Grants - Utah rural access,"Review for this particular program or eligibility pathway: USDA Rural Development Section 504 Home Repair loans and grants for eligible rural homeowners, usable for health, safety, accessibility, and home-repair needs, including grants for homeowners age 62+ who cannot repay a loan.",,res-usda-section-504-home-repair-loans-grants-utah
Disability,Important specialized help,VA adapted-housing and HISA home-modification grants,"Review for this particular program or eligibility pathway: VA disability-related home-modification benefits for eligible veterans and service members, including SAH/SHA adapted-housing grants and HISA medically necessary structural alterations.",,res-va-disability-housing-hisa-sah-sha-grants
Disability,Important specialized help,VA Salt Lake City Caregiver Support Program - St. George VA Clinic access,"Review for this particular program or eligibility pathway: VA Salt Lake City Health Care System Caregiver Support Program for caregivers of eligible veterans, including general caregiver support and the more restrictive comprehensive caregiver program, with St. George VA Clinic routing.",,res-va-salt-lake-caregiver-support-st-george
Disability,Additional options,Unique Support Coordination DSPD support coordination,"Keep as a further option after establishing the starting routes in Disability: Private DSPD support-coordination provider serving eligible Utah disability-service participants statewide, including St. George, with case management, provider navigation, safety monitoring, and community-support planning.",,res-unique-support-coordination-dspd
Disability,Important specialized help,University of Utah Health Driving Rehabilitation Program at Sugar House,"Review for this particular program or eligibility pathway: University of Utah Health certified driving rehabilitation program providing clinical and on-road driving assessments, simulator work, and adaptive-equipment recommendations for people with physical, visual, cognitive….",,res-uofu-driving-rehabilitation-sugar-house
Disability,Additional options,University of Utah Health TRAILS adaptive recreation and spinal cord injury support,"Keep as a further option after establishing the starting routes in Disability: University of Utah Health/TRAILS adaptive recreation, wellness, education, spinal-cord-injury forum, and virtual outreach program for people living with complex physical injury or illness.",,res-uofu-trails-adaptive-sci-support
Disability,Important specialized help,University of Utah Health St. George / Ivins MDA neuromuscular clinic,"Review for this particular program or eligibility pathway: University of Utah Health neurology specialty outreach clinic at Rocky Vista University in Ivins for muscular dystrophy, ALS, SMA, CMT, motor neuron disorders, and related neuromuscular conditions.",,res-uofu-st-george-mda-neurology-clinic
Disability,Important specialized help,Utah Medicaid dental benefits and University of Utah School of Dentistry associated provider network,"Review for this particular program or eligibility pathway: Utah Medicaid dental-benefit routing through Medicaid-enrolled dentists and the University of Utah School of Dentistry associated provider network, including members with disabilities.",,res-utah-medicaid-dental-uusod-network
Disability,Start here,"Utah Assistive Technology Program and UATF financing, lending, reuse, and customization",Establish assistive-technology lending/reuse/financing navigation before individual equipment alternatives.,,res-utah-assistive-technology-program-uatf
Disability,Important specialized help,Utah Center for Assistive Technology (UCAT) evaluations and device trials,"Review for this particular program or eligibility pathway: Statewide Utah Center for Assistive Technology program offering free assistive-technology consultations/evaluations, custom device design and modification, seating/positioning help, accessibility assessments, referrals, and….",,res-ucat-assistive-technology-evaluations
Disability,Important specialized help,Utah Preadmission Screening and Resident Review (PASRR),"Review for this particular program or eligibility pathway: Utah PASRR screening and resident-review process for people entering or residing in Medicaid-certified nursing facilities who may have serious mental illness, intellectual disability, developmental disability, or related….",,res-utah-pasrr-nursing-facility-screening
Disability,Start here,Utah Adult Protective Services vulnerable adult reporting,Establish vulnerable-adult protection reporting and response boundaries early because this is a consequential safety pathway.,,res-utah-aps-vulnerable-adult-protection
Disability,Important specialized help,Utah DSPD Acquired Brain Injury Waiver,Review for this particular program or eligibility pathway: Utah DSPD Medicaid HCBS waiver for adults with qualifying acquired brain injury who need nursing-facility level of care and community-based supports.,,res-utah-dspd-acquired-brain-injury-waiver
Disability,Important specialized help,Utah Medicaid Physical Disabilities Waiver,Review for this particular program or eligibility pathway: Utah Medicaid/DSPD HCBS waiver for adults with qualifying physical disabilities who can self-direct attendants and need personal assistance to remain in home or community settings.,,res-utah-medicaid-physical-disabilities-waiver
Disability,Important specialized help,Utah Medicaid Employment-related Personal Assistant Services (EPAS),Review for this particular program or eligibility pathway: Utah Medicaid Employment-related Personal Assistant Services for working Medicaid members with disabilities who need self-directed personal assistance to maintain integrated competitive employment.,,res-utah-medicaid-epas
Disability,Important specialized help,Utah Medicaid Work Incentive Program (MWI),Review for this particular program or eligibility pathway: Utah Medicaid Work Incentive buy-in coverage for working people who meet Social Security disability criteria and have earned income within program limits.,,res-utah-medicaid-work-incentive-program
Disability,Important specialized help,Utah Medicaid Technology Dependent Waiver,"Review for this particular program or eligibility pathway: Utah Medicaid Technology Dependent Waiver for medically fragile/technology-dependent children and young adults who would otherwise require nursing facility care, with home and community-based supports such as private-duty nursing….",,res-utah-medicaid-technology-dependent-waiver
Disability,Important specialized help,Utah Medicaid New Choices Waiver,"Review for this particular program or eligibility pathway: Utah Medicaid New Choices Waiver helping eligible long-term nursing facility, assisted-living, small health care facility, or other licensed medical-institution residents move to integrated community-based settings with waiver….",,res-utah-medicaid-new-choices-waiver
Disability,Important specialized help,Utah DHHS Disabilities Ombuds / ADA Coordinator,"Review for this particular program or eligibility pathway: Utah DHHS Disabilities Ombuds/ADA Coordinator pathway for disability-service concerns, rights questions, DHHS-related access issues, and ADA/access complaint navigation.",,res-utah-dhhs-disabilities-ombuds
Disability,Important specialized help,Utah Brain Injury and Spinal Cord Injury Fund,"Review for this particular program or eligibility pathway: Utah DHHS Violence and Injury Prevention Program fund and coaching pathway for brain injury, spinal cord injury, and non-progressive neurological condition resource facilitation, neuropsychological testing, rehabilitation….",,res-utah-brain-injury-spinal-cord-injury-fund
Disability,Important specialized help,Utah State Developmental Center (USDC),"Review for this particular program or eligibility pathway: Utah's state-operated intermediate care facility for people with intellectual disabilities, providing 24-hour residential care and intensive medical, behavioral, psychological, dental, therapy, day, work, and recreation supports….",,res-utah-state-developmental-center-usdc
Disability,Important specialized help,Utah Office of Public Guardian (OPG),"Review for this particular program or eligibility pathway: Utah Office of Public Guardian last-resort guardianship and conservatorship service for incapacitated adults, including adults with intellectual disabilities, brain injury, mental illness, aging-related illness, or….",,res-utah-office-public-guardian
Disability,Important specialized help,Utah Medicaid Autism Spectrum Disorder (ASD) Related Services,Review for this particular program or eligibility pathway: Utah Medicaid ASD-related services benefit covering medically necessary autism services for eligible Medicaid members with an autism spectrum disorder diagnosis through Medicaid-enrolled providers and authorization rules.,,res-utah-medicaid-asd-related-services
Disability,Important specialized help,Utah DSPD Limited Supports Waiver,"Review for this particular program or eligibility pathway: Utah DSPD Limited Supports Waiver for people on the DSPD waitlist with lower support needs, offering a capped annual HCBS budget for selected community supports.",,res-utah-dspd-limited-supports-waiver
Disability,Important specialized help,Utah DSPD Self-Administered Services and Caregiver Compensation,"Review for this particular program or eligibility pathway: DSPD participant-directed service model and caregiver-compensation pathway allowing eligible people receiving DSPD services to use approved supports through family-directed hiring, fiscal-agent payroll, and, when allowed, paid….",,res-utah-dspd-self-administered-services-caregiver-compensation
Disability,Important specialized help,Utah DSPD Community Supports Waiver,Review for this particular program or eligibility pathway: Utah DSPD/Medicaid Community Supports Waiver helping people with intellectual disabilities or related conditions remain in home and community settings.,,res-utah-dspd-community-supports-waiver
Disability,Important specialized help,Utah Medicaid Community Transitions Waiver and ICF Transition Program,Review for this particular program or eligibility pathway: Utah Community Transitions Waiver and ICF transition pathway helping eligible people with intellectual disabilities or related conditions move from an Intermediate Care Facility to community settings.,,res-utah-dspd-community-transitions-waiver
Disability,Important specialized help,Utah Medicaid State Plan Personal Care Services,"Review for this particular program or eligibility pathway: Utah Medicaid state-plan personal care benefit for Medicaid members who cannot complete activities such as bathing, feeding, or dressing without hands-on help.",,res-utah-medicaid-state-plan-personal-care-services
Disability,Important specialized help,Utah Department of Veterans and Military Affairs Southern Utah VSOs and DD-214 archive access,"Review for this particular program or eligibility pathway: Utah Department of Veterans and Military Affairs Southern Utah Veteran Service Officers provide free accredited benefits help, DD-214 archive routing for Utah home-of-record cases, and military-record navigation for veterans and….",,res-udvma-southern-utah-vso-claims
Disability,Important specialized help,Southern Utah Veterans Home,"Review for this particular program or eligibility pathway: State veterans nursing home in Ivins providing long-term care, rehabilitation, and memory-care style nursing-home support for eligible veterans and some eligible family members.",,res-southern-utah-veterans-home
Disability,Important specialized help,Utah Disability Determination Services (DDS),Review for this particular program or eligibility pathway: Utah Disability Determination Services makes the medical eligibility decision for Social Security disability claims after application through SSA.,,res-utah-dds-disability-determination-services
Disability,Additional options,Utah Developmental Disabilities Council advocacy and self-advocacy supports,"Keep as a further option after establishing the starting routes in Disability: State developmental-disabilities council supporting Utahns with intellectual and developmental disabilities through advocacy, leadership development, education, policy work, and self-advocacy resources.",,res-utah-developmental-disabilities-council
Disability,Important specialized help,Utah Adult Autism Treatment Account (AATA),Review for this particular program or eligibility pathway: Utah DHHS Adult Autism Treatment Account grant pathway that awards funding on behalf of qualified adults to qualified providers for adult autism treatment.,,res-utah-cshcn-adult-autism-treatment-account
Disability,Important specialized help,Utah DSBVI Low Vision Services,"Review for this particular program or eligibility pathway: State DSBVI Low Vision Services program offering low-vision clinics, home visits when needed, vision training, assistive-technology advice, and at-cost visual aids for Utah residents with significant vision loss.",,res-utah-dsbvi-low-vision-services
Disability,Start here,"Utah DSBVI St. George vocational rehabilitation, blind services, and skills training",Establish the local blind/low-vision employment and rehabilitation access route separately from general vocational services.,,res-utah-dsbvi-st-george-vocational-rehabilitation
Disability,Start here,"Utah DSDHH Southern Utah Program / Southern Center case management, benefits access, classes, and senior events",Establish local Deaf/hard-of-hearing communication and benefits support before relying on general telephone intake.,,res-utah-dsdhh-southern-center-case-management
Disability,Additional options,Utah State Parks Veterans With Disabilities Honor Pass,Keep as a further option after establishing the starting routes in Disability: Utah State Parks Veterans With Disabilities Honor Pass and 2026 documentation route for free day-use state-park entry for qualifying Utah-resident veterans with service-connected disabilities.,,res-utah-state-parks-veterans-disabilities-honor-pass
Disability,Additional options,Utah DWR accessible hunting and fishing opportunities for people with disabilities,"Keep as a further option after establishing the starting routes in Disability: Utah Division of Wildlife Resources disability-specific hunting and fishing license accommodations, including free or discounted licenses and adaptive hunting/fishing permits.",,res-utah-dwr-accessible-hunting-fishing
Disability,Start here,Take Care Utah Health Access Assisters,Establish an enrollment-assistance route for people who need help choosing or applying for coverage.,,res-take-care-utah-health-access-assisters
Disability,Important specialized help,Utah Kids Foundation Medical Supply Exchange and disability family support,"Review for this particular program or eligibility pathway: Statewide Utah Kids Foundation disability-family support program offering a medical supply/equipment exchange, online support forum, disability-friendly events and resource connection for families and caregivers navigating….",,res-utah-kids-foundation-medical-supply-exchange
Disability,Important specialized help,Utah Labor Commission UALD employment and fair-housing discrimination complaints,"Review for this particular program or eligibility pathway: Utah Labor Commission Antidiscrimination and Labor Division administrative complaint process for covered employment discrimination and fair-housing discrimination, including online intake questionnaires, investigation routing….",,res-utah-labor-commission-uald-disability-discrimination
Disability,Important specialized help,"Utah Medicaid Aged, Blind or Disabled Medicaid","Review for this particular program or eligibility pathway: Utah Medicaid Aged, Blind or Disabled medical-assistance eligibility pathway for people age 65 or older, blind, or disabled, including people receiving SSI or Social Security Disability and some applicants reviewed by Utah's….",,res-utah-medicaid-aged-blind-disabled
Disability,Start here,Utah Parent Center PTI Parent Consultants and special education rights navigation,Establish special-education rights navigation and IEP support before families have to pursue formal disputes.,,res-utah-parent-center-pti-special-education-support
Disability,Important specialized help,Utah Parent Center Utah Family Voices Family-to-Family Health Information Center,Review for this particular program or eligibility pathway: Utah Parent Center family-led health-information and systems-navigation program for families of children and youth with special health care needs.,,res-utah-parent-center-utah-family-voices
Disability,Important specialized help,Utah Schools for the Deaf and the Blind Southern Utah School of the Deaf and outreach,"Review for this particular program or eligibility pathway: USDB Southern Utah School of the Deaf local St. George school program and related USDB outreach route for deaf, hard-of-hearing, blind, low-vision and deafblind students whose IEP or 504 plan requires USDB services.",,res-usdb-southern-utah-school-of-the-deaf
Disability,Important specialized help,Utah State Board of Education Carson Smith Special Needs Scholarship,Review for this particular program or eligibility pathway: USBE-administered legacy Carson Smith Scholarship funding pathway for eligible Utah students with disabilities attending participating private schools.,,res-utah-usbe-carson-smith-scholarship
Disability,Important specialized help,Utah Courts Guardianship Signature Program,Review for this particular program or eligibility pathway: Utah State Courts and Utah State Bar program connecting courts with volunteer attorneys for unrepresented respondents in guardianship proceedings.,,res-utah-courts-guardianship-signature-program
Disability,Important specialized help,Utah State Courts Self-Help Center court forms and process help,"Review for this particular program or eligibility pathway: Free statewide Utah State Courts Self-Help Center for people without lawyers, including court-process, form, referral, and records-process help for name changes, fact-of-birth petitions, protective orders….",,res-utah-courts-self-help-guardianship-conservatorship
Disability,Important specialized help,Utah State Library Program for the Blind and Disabled,"Review for this particular program or eligibility pathway: Free Utah State Library/NLS braille, talking-book, large-print, equipment-loan and download library service for Utah residents with qualifying print disabilities, usable from St. George by mail and online.",,res-utah-state-library-blind-disabled
Disability,Important specialized help,Utah State Office of Rehabilitation Ticket to Work and Choose to Work,"Review for this particular program or eligibility pathway: USOR Ticket to Work and Choose to Work pathway helping SSI/SSDI beneficiaries and VR clients with disabilities test work, prepare for job search, connect with placement help, and receive job-retention supports.",,res-usor-ticket-to-work-choose-to-work
Disability,Important specialized help,Utah State Office of Rehabilitation Pre-Employment Transition Services,"Review for this particular program or eligibility pathway: Free USOR Pre-Employment Transition Services for eligible or potentially eligible students with disabilities ages 14-21, delivered by VR staff and community partners.",,res-usor-pre-employment-transition-services
Disability,Important specialized help,Utah State Office of Rehabilitation Supported Employment Services,"Review for this particular program or eligibility pathway: USOR supported-employment pathway for people with the most significant disabilities who need support to find, learn and keep competitive integrated employment.",,res-usor-supported-employment-services
Disability,Important specialized help,Utah Work Incentive Planning Services (UWIPS),"Review for this particular program or eligibility pathway: Free USOR benefits-planning service explaining how work affects Social Security disability, Medicaid, Medicare, SNAP, housing and other benefits for current SSI/SSDI beneficiaries.",,res-usor-utah-work-incentive-planning-services
Disability,Important specialized help,Utah DSBVI Business Enterprise Program,Review for this particular program or eligibility pathway: DSBVI Randolph-Sheppard Business Enterprise Program training and licensing pathway for legally blind Utahns to operate food-service businesses in government facilities.,,res-utah-dsbvi-business-enterprise-program
Disability,Important specialized help,Utah DSBVI Deafblind Services Support Service Provider Program,"Review for this particular program or eligibility pathway: DSBVI Support Service Provider program providing trained SSP support for eligible deafblind adults to access community information, errands, recreation and transportation-related guiding.",,res-utah-dsbvi-deafblind-ssp-program
Disability,Important specialized help,AgrAbility of Utah,"Review for this particular program or eligibility pathway: USU Extension and Roads to Independence program helping Utah farmers, ranchers, and farm family members with disabilities, injury, illness, aging-related limitations, or chronic conditions remain active in agriculture.",,res-usu-extension-agrability-utah
Disability,Important specialized help,Utah Tech University Accessibility and Disability Center,"Review for this particular program or eligibility pathway: Utah Tech office responsible for evaluating disability documentation, determining eligibility, implementing reasonable accommodations, and offering related learning-specialist, tutoring and scholarship information for students….",,res-utah-tech-accessibility-disability-center
Disability,Important specialized help,Utah Tech University UT Elevated,"Review for this particular program or eligibility pathway: Inclusive Utah Tech postsecondary program for admitted students ages 18-28 with mild to moderate intellectual and/or developmental disabilities, combining college participation, support staff, campus life and career readiness.",,res-utah-tech-ut-elevated
Disability,Start here,UtahRespite.Care respite-worker training and matching,"Establish the respite-worker matching/training route, while confirming that a listing does not guarantee an available funded worker.",,res-utahrespite-care-training-matching
Disability,Additional options,VERSE virtual structured literacy for dyslexia and learning differences,"Keep as a further option after establishing the starting routes in Disability: St. George-based virtual structured-literacy program providing online reading, spelling, writing, and related tutoring for learners with dyslexia and learning differences.",,res-verse-structured-literacy
Disability,Additional options,Vista Care Utah DSPD-funded home and community disability supports,"Keep as a further option after establishing the starting routes in Disability: DSPD-contracted Utah provider offering home- and community-based disability supports such as host home/shared living, day services, supportive home care, supported employment, supported living, respite, companion, and personal….",,res-vista-care-utah-dspd-supports
Disability,Important specialized help,Washington County property tax relief programs,"Review for this particular program or eligibility pathway: Washington County Auditor property-tax relief programs for qualifying primary-property owners, including blind, disabled-veteran, deployed-military, senior/widow, disability, extreme-hardship, abatement, credit, exemption, and….",,res-washington-county-property-tax-relief-disability
Disability,Important specialized help,Washington County Clerk accessible voting assistance,Review for this particular program or eligibility pathway: Washington County Clerk/Election Department access point for voters with disabilities seeking accessible voting assistance to vote independently from home.,,res-washington-county-clerk-accessible-voting
Disability,Important specialized help,Washington County Council on Aging St. George Dial-a-Ride,"Review for this particular program or eligibility pathway: St. George Active Life Center Dial-a-Ride transportation for age-60+ riders, with limited fee-based availability for disabled individuals under 60.",,res-washington-county-coa-dial-a-ride
Disability,Important specialized help,Washington County Citizen Alert disability registration assistance,"Review for this particular program or eligibility pathway: Washington County Citizen Alert emergency-notification registration pathway, including phone registration assistance for people with disabilities and alert methods such as hearing-impaired receiving devices.",,res-washington-county-citizen-alert-disability-assistance
Disability,Important specialized help,Washington County School District Augmentative and Assistive Technology Team,"Review for this particular program or eligibility pathway: Local WCSD school-based augmentative and assistive technology pathway providing individualized AT assessments, trials, training, coaching, and device management for students with disabilities.",,res-wcsd-augmentative-assistive-technology
Disability,Important specialized help,Washington County School District Post High Transition Program,"Review for this particular program or eligibility pathway: WCSD community-based transition program providing special education services for eligible students with disabilities as they prepare for independence, employment, community participation, and adult living.",,res-wcsd-post-high-transition-program
Disability,Important specialized help,The Deaf Hotline by ADWAS and The Hotline,"Review for this particular program or eligibility pathway: Free, confidential 24/7 ASL-accessible hotline for Deaf survivors experiencing relationship abuse, operated by ADWAS in partnership with The Hotline.",,res-deaf-hotline-adwas-24-7-asl
Disability,Additional options,Red Rock Center for Independence Scholarship Opportunity,Keep as a further option after establishing the starting routes in Disability: RRCI scholarship fund for students with documented disabilities in the nine-county Southwestern Utah service area continuing education after high school.,,res-rrci-scholarship-opportunity
Disability,Start here,Washington County School District Special Education Department and transition services,Establish the district special-education and transition contact before separate school-linked programs.,,res-wcsd-special-education-department-transition-services
Disability,Important specialized help,U.S. Department of Veterans Affairs Veteran Readiness and Employment (VR&E / Chapter 31),"Review for this particular program or eligibility pathway: Federal VA Veteran Readiness and Employment Chapter 31 pathway for eligible veterans and service members with service-connected disabilities, including counselor assessment, rehabilitation planning, job placement, training….",,res-va-vre-chapter31
Disability,Important specialized help,Utah DWS General Assistance,Review for this particular program or eligibility pathway: Utah DWS time-limited cash assistance and case-management program for eligible single adults or married couples without dependent children who have a verified impairment preventing any basic work activity.,,res-utah-dws-general-assistance
Disability,Important specialized help,HUD Office of Fair Housing and Equal Opportunity complaint intake,"Review for this particular program or eligibility pathway: Federal HUD Office of Fair Housing and Equal Opportunity intake for housing-discrimination, HUD-program civil-rights, and VAWA housing-rights complaints.",,res-hud-fheo-housing-discrimination-complaints
Disability,Important specialized help,Utah DHHS Office of Administrative Hearings,"Review for this particular program or eligibility pathway: Utah DHHS Office of Administrative Hearings forum for Medicaid hearings, human-services fair hearings, GRAMA appeals, and related DHHS administrative appeal processes.",,res-utah-dhhs-office-administrative-hearings
Disability,Important specialized help,Utah State Board of Education Special Education Dispute Resolution,"Review for this particular program or eligibility pathway: Official Utah State Board of Education special-education dispute-resolution pathway for IEP facilitation, mediation, IDEA state complaints, and due process hearings.",,res-usbe-special-education-dispute-resolution
Disability,Important specialized help,VA Homemaker and Home Health Aide Care - St. George VA access,"Review for this particular program or eligibility pathway: VA homemaker and home health aide benefit providing in-home help with activities of daily living for clinically eligible Veterans, with St. George-area access through VA Salt Lake City Health Care System community-care and….",,res-va-homemaker-home-health-aide-care-st-george
Disability,Important specialized help,Utah Council of the Blind Driver/Guide and Subsidized Transportation Program,"Review for this particular program or eligibility pathway: Statewide Utah Council of the Blind subsidized transportation program offering driver/guide mileage support and discounted cab, Uber, or Lyft ride credits for blind or visually impaired Utah residents.",,res-utah-council-blind-subsidized-transportation
Disability,Important specialized help,Utah Medicaid Health Transportation Payment (HTP) for HCBS waiver medical trips,Review for this particular program or eligibility pathway: Utah Medicaid Health Transportation Payment for HCBS waiver members receiving residential or day support services who need transportation to non-emergency Medicaid State Plan medical appointments.,,res-utah-medicaid-health-transportation-payment
Disability,Additional options,American Heroes Project outdoor recreational therapy for disabled combat veterans and families,"Keep as a further option after establishing the starting routes in Disability: Utah nonprofit providing outdoor recreational therapy and family-oriented trips for disabled combat veterans, Gold Star families, and related military-connected participants.",,res-american-heroes-project-outdoor-recreation
Disability,Important specialized help,Disabled American Veterans Utah VA benefits claim assistance,Review for this particular program or eligibility pathway: DAV National Service Office pathway providing no-cost assistance with VA disability and other veterans-benefit claims for Utah veterans and families.,,res-dav-utah-va-claims
Disability,Additional options,National Ability Center Military Programs,"Keep as a further option after establishing the starting routes in Disability: Adaptive recreation and therapeutic outdoor programming for service members, veterans, and military families through National Ability Center sites in Utah.",,res-national-ability-center-military
Disability,Additional options,VFW Department of Utah VA Claim Support / National Veterans Service,"Keep as a further option after establishing the starting routes in Disability: VFW Department of Utah/National Veterans Service no-charge VA claim-support pathway for veterans, service members, and families seeking help with VA benefits claims, appeals, hearings, and related earned benefits.",,res-vfw-utah-va-claims
Domestic Violence,Start here,"Southwest Behavioral Health Center crisis support, MCOT, and Crisis Stabilization Center","Establish the crisis, mobile-response and stabilization entry points before reviewing routine treatment options.",,res-sbhc-crisis
Domestic Violence,Important specialized help,"Saint George Vet Center confidential counseling, transition, referral support, and veteran document navigation","Review for this particular program or eligibility pathway: Free confidential Vet Center counseling, transition support, substance-use referral, crisis same-day response, career/education linkage, VA/community-resource connection, and limited eligibility/document navigation for veterans….",,res-vet-center
Domestic Violence,Important specialized help,"Utah Tech University Booth Wellness Center medical, mental-health, and forensic-exam access","Review for this particular program or eligibility pathway: Student wellness clinic offering current Utah Tech students confidential medical care, brief mental-health care, alcohol/other-drug education and referral, and a St. George Police-listed local medical-forensic exam access site….",,res-booth-wellness
Domestic Violence,Additional options,Cherish Families wraparound support for families from polygamous and high-control backgrounds,"Keep as a further option after establishing the starting routes in Domestic Violence: Free, confidential wraparound support for individuals and families from polygamous or high-control backgrounds, including crisis, counseling, safety planning, protective-order help, basic needs, rental assistance, housing….",,res-cherish-families-wraparound
Domestic Violence,Additional options,"Disability Law Center Utah disability-rights, housing-access, CAP, and abuse/neglect legal advocacy","Keep as a further option after establishing the starting routes in Domestic Violence: Utah's statewide Protection and Advocacy organization providing free disability-rights information, advocacy, intake, Client Assistance Program help, supported decision-making resources, housing-access advocacy, and….",,res-disability-law-center-utah
Domestic Violence,Additional options,"Doctors' Volunteer Clinic of St. George safety-net medical, dental, specialty, mental-health, and forensic-exam access","Keep as a further option after establishing the starting routes in Domestic Violence: Safety-net St. George clinic providing uninsured low-income patients with non-urgent and semi-urgent medical care, dental care, mental-health care, specialty clinics, women's-health care, and police-listed medical-forensic exam….",,res-doctors-volunteer-clinic
Domestic Violence,Start here,DOVE Center domestic-violence and sexual-assault services,"Establish the local survivor-support intake early, with safe contact procedures and the distinction between advocacy and clinical care.",,res-dove-center-family-services
Domestic Violence,Start here,DOVE Center survivor shelter and housing pathway,Establish the survivor shelter and housing intake separately from general shelter referrals; safety and eligibility are consequential.,"What is the safe shelter screening route, including family composition, confidentiality and alternatives when full?",res-dove-center-transitional-housing
Domestic Violence,Additional options,"Family Healthcare integrated medical, dental, vision, pharmacy, reproductive, behavioral-health, and forensic-exam access","Keep as a further option after establishing the starting routes in Domestic Violence: Federally qualified/community health clinic network providing St. George and Hurricane medical, behavioral health, dental, optometry, pharmacy, prenatal, family-planning, child/family care, sliding-fee services, bilingual access….",,res-family-healthcare-women-children-integrated-care
Domestic Violence,Important specialized help,Paiute Indian Tribe of Utah Family Services and FourPoints family support,"Review for this particular program or eligibility pathway: Paiute Indian Tribe of Utah Family Services and FourPoints Health pathway for eligible Tribal families and community patients, including domestic-violence advocacy/support, Indian child welfare coordination, vulnerable….",,res-pitu-family-services-child-care-crisis
Domestic Violence,Additional options,"Southwest Behavioral Health Center Washington County behavioral health, case management, Medicaid coordination, transportation help, and ID fee-waiver verification access","Keep as a further option after establishing the starting routes in Domestic Violence: Public community behavioral-health outpatient access point for adults, youth, and families in southwest Utah, including mental-health treatment, psychiatry/medical services, case management, Medicaid behavioral-health….",,res-sbhc-children-family-outpatient
Domestic Violence,Start here,Washington County Children's Justice Center child forensic interview and victim advocacy,Establish the child-victim advocacy/forensic pathway early; staff should understand referral and child-safety requirements.,,res-washington-county-childrens-justice-center
Domestic Violence,Additional options,Utah DWS Family Employment Program (FEP) cash assistance and employment counseling,"Keep as a further option after establishing the starting routes in Domestic Violence: Utah TANF-funded Family Employment Program cash assistance and employment-counselor support for eligible families with children, including St. George DWS application access, work/life-skills planning, and a child-support….",,res-utah-dws-family-employment-program
Domestic Violence,Start here,Utah Legal Services St. George civil legal aid and limited immigration citizenship help,Establish the local civil legal-aid screening route before specialist or fee-based alternatives.,,res-utah-legal-services-st-george-family-benefits
Domestic Violence,Additional options,Utah Office of Recovery Services Child Support Services - St. George office,"Keep as a further option after establishing the starting routes in Domestic Violence: Utah Office of Recovery Services child-support program with St. George office access, including child-support application, paternity establishment, support and medical-support orders, enforcement, payment processing, and….",,res-utah-ors-child-support-services
Domestic Violence,Additional options,"Utah Tech University Student Resource Center student support, basic-needs, advocacy, and student legal clinic","Keep as a further option after establishing the starting routes in Domestic Violence: Utah Tech Student Resource Center student-support hub offering academic coaching, mentoring, case management/resource navigation, student-family supports, Blazer Food Pantry groceries and essentials, Come & Get It free-food….",,res-utah-tech-student-resource-center-student-parents
Domestic Violence,Important specialized help,"Youth Futures St. George emergency youth shelter, drop-in services, computer access, and transportation support","Review for this particular program or eligibility pathway: Youth Futures St. George emergency shelter and drop-in services for runaway, homeless, unaccompanied and vulnerable youth ages 12-18, including safe shelter, meals, clothing, hygiene, laundry, case management, therapy, computer….",,res-youth-futures-st-george-youth-shelter-drop-in
Domestic Violence,Additional options,"Five County AOG Community Action Partnership coordinated entry, rapid rehousing, diversion, utility deposits, and housing assistance","Keep as a further option after establishing the starting routes in Domestic Violence: Five County Community Action Partnership housing-crisis and stabilization pathway for low-income households, including coordinated-entry assessment, rapid rehousing, homeless prevention, homeless diversion, motel vouchers….",,res-five-county-cap-rapid-rehousing-toolkits
Domestic Violence,Additional options,"Holding Out HELP Southern Utah transition, housing-resource, therapy, and basic-needs support","Keep as a further option after establishing the starting routes in Domestic Violence: Population-specific transition, case-management, therapy, housing-resource, emergency-support, and basic-needs pathway for individuals and families from polygamous or high-control community backgrounds, including Southern Utah….",,res-holding-out-help-southern-utah-basic-needs
Domestic Violence,Start here,Utah Office for Victims of Crime victim compensation for crime-related expenses,Review crime-victim compensation eligibility and application timing early; covered expenses and documentation are specific.,,res-uovc-crime-victim-compensation-property-relocation
Domestic Violence,Additional options,Five County Area Agency on Aging Long-Term Care Ombudsman Program,"Keep as a further option after establishing the starting routes in Domestic Violence: Local long-term-care ombudsman advocacy for residents of skilled nursing facilities and assisted living facilities in the Five County region, including confidential help with resident-rights complaints, abuse, neglect, and….",,res-five-county-aaa-long-term-care-ombudsman
Domestic Violence,Start here,"Sego Lily Center for the Abused Deaf St. George support, advocacy, and legal-resource navigation",Establish the Deaf-accessible survivor-support pathway early so an inaccessible hotline is not the only offered option.,,res-sego-lily-abused-deaf-st-george-support
Domestic Violence,Additional options,"St. George Housing Authority housing, rental-assistance inquiry, and homeless document-verification access","Keep as a further option after establishing the starting routes in Domestic Violence: Local public housing authority administering St. George/Washington County Housing Choice Vouchers, low-income rental information, Dixie Sun Manor age-62+ public housing, limited emergency rental/mortgage assistance, HUD-covered….",,res-st-george-housing-authority-section-8-public-housing
Domestic Violence,Start here,Utah Adult Protective Services vulnerable adult reporting,Establish vulnerable-adult protection reporting and response boundaries early because this is a consequential safety pathway.,,res-utah-aps-vulnerable-adult-protection
Domestic Violence,Additional options,Utah State Courts Self-Help Center court forms and process help,"Keep as a further option after establishing the starting routes in Domestic Violence: Free statewide Utah State Courts Self-Help Center for people without lawyers, including court-process, form, referral, and records-process help for name changes, fact-of-birth petitions, protective orders….",,res-utah-courts-self-help-guardianship-conservatorship
Domestic Violence,Important specialized help,1in6 online support for male sexual-abuse survivors,"Review for this particular program or eligibility pathway: National online support and crisis-chat pathway for adult men who have experienced unwanted or abusive sexual experiences, including anonymous facilitated peer support groups.",,res-1in6-male-survivor-online-support
Domestic Violence,Important specialized help,The Deaf Hotline by ADWAS and The Hotline,"Review for this particular program or eligibility pathway: Free, confidential 24/7 ASL-accessible hotline for Deaf survivors experiencing relationship abuse, operated by ADWAS in partnership with The Hotline.",,res-deaf-hotline-adwas-24-7-asl
Domestic Violence,Important specialized help,Alliance Community Services low-cost immigration services and survivor support,"Review for this particular program or eligibility pathway: Utah bilingual nonprofit offering low-cost DOJ-accredited immigration services and confidential survivor support, including immigration relief for crime and domestic-violence survivors.",,res-alliance-community-violence-recovery
Domestic Violence,Additional options,Utah Free Legal Answers,Keep as a further option after establishing the starting routes in Domestic Violence: Online Utah civil legal advice clinic where financially eligible adults can submit non-criminal legal questions and receive brief written advice from volunteer Utah attorneys.,,res-utah-free-legal-answers
Domestic Violence,Important specialized help,Asian Association of Utah trafficking survivor and domestic-abuse support,"Review for this particular program or eligibility pathway: Utah refugee and immigrant center offering trauma-informed, linguistically sensitive trafficking survivor support, behavioral-health referrals, housing assistance, and Safe at Home certified-assistant access.",,res-asian-association-trafficking-dv-support
Domestic Violence,Important specialized help,Catholic Community Services of Utah immigration legal services,"Review for this particular program or eligibility pathway: Catholic Community Services of Utah immigration legal services for refugees and migrants, including USCIS filings, immigration-court representation, asylum, removal, family reunification, permanent residence, citizenship, and….",,res-catholic-community-services-immigration-victim-legal
Domestic Violence,Additional options,Chainbreaker Foundation abuse-recovery education and mentor support,"Keep as a further option after establishing the starting routes in Domestic Violence: Utah nonprofit offering free weekly abuse-recovery education classes in Orem and on Zoom, plus confidential volunteer guidance, resource connection, and court accompaniment when needed.",,res-chainbreaker-foundation-abuse-recovery-classes
Domestic Violence,Start here,City of St. George Police Department Victim Services Unit,"Establish the St. George police victim-services connection and safe callback practices, distinct from legal representation.",,res-st-george-police-victim-services
Domestic Violence,Important specialized help,Colorado City/Hildale Police victim advocate and Safe at Home access point,Review for this particular program or eligibility pathway: Short Creek law-enforcement victim-advocate access point listed by Utah Safe at Home for Washington County survivors needing certified application assistance for address confidentiality.,,res-colorado-city-hildale-police-victim-advocate-safe-at-home
Domestic Violence,Important specialized help,Consulate of Mexico in Salt Lake City consular protection and detained-migrant assistance,"Review for this particular program or eligibility pathway: Consular protection pathway for Mexican nationals in Utah facing immigration detention, rights violations, family-location emergencies, domestic violence, vulnerable repatriation, humanitarian-permit questions, or threats to life….",,res-consulate-mexico-slc-protection-domestic-violence
Domestic Violence,Important specialized help,Dahlia's Hope trafficking survivor aftercare,"Review for this particular program or eligibility pathway: Utah trafficking-survivor aftercare nonprofit providing trauma-informed case management, clinical therapy, housing resources, medical/dental resources, education, vocational support, and life-skills services.",,res-dahlias-hope-trafficking-survivor-aftercare
Domestic Violence,Important specialized help,Department of Defense Safe Helpline,"Review for this particular program or eligibility pathway: Department of Defense confidential, anonymous 24/7 phone, chat, text, app, and resource-referral service for the DoD community affected by sexual assault.",,res-dod-safe-helpline
Domestic Violence,Additional options,Domestic Abuse Recovery Solutions Wellness Program,"Keep as a further option after establishing the starting routes in Domestic Violence: Statewide Utah non-emergency survivor recovery program offering domestic-abuse victim advocacy, case management, survivor mentoring, support groups, goal planning, and resource coordination.",,res-dars-wellness-program
Domestic Violence,Important specialized help,Fight Against Domestic Violence Flex Fund,"Review for this particular program or eligibility pathway: Statewide Utah survivor financial-assistance program providing up to $1,000 in flexible stabilization help for domestic-violence survivors working through advocates or case managers.",,res-fadv-flex-fund
Domestic Violence,Important specialized help,Fight Against Domestic Violence Housing First,"Review for this particular program or eligibility pathway: Statewide Utah domestic-violence survivor housing fund covering security deposits, application and background-check fees, rental and utility assistance, home repairs, mortgage assistance, and related housing barriers through….",,res-fadv-housing-first
Domestic Violence,Important specialized help,FreeFrom survivor financial safety programs,"Review for this particular program or eligibility pathway: National survivor-led financial-safety programs for survivors of gender-based violence, including flexible cash assistance, savings matching, financial coaching, and online survivor financial resources when cohorts are open.",,res-freefrom-survivor-financial-safety
Domestic Violence,Important specialized help,Holy Cross Ministries Legal Immigration Program,"Review for this particular program or eligibility pathway: Utah nonprofit legal immigration program offering low-cost or no-cost consultations and representation, including humanitarian relief, family reunification, citizenship, and immigrant-survivor matters, with phone/virtual….",,res-holy-cross-immigrant-survivor-legal
Domestic Violence,Important specialized help,Hurricane City Police Department Victim Services,"Review for this particular program or eligibility pathway: Hurricane City Police Department victim advocate support for victims of domestic violence, sexual assault, stalking, child abuse, harassment, and other crimes in Hurricane City.",,res-hurricane-police-victim-services
Domestic Violence,Important specialized help,Immigrant Legal Services immigration representation,"Review for this particular program or eligibility pathway: Utah nonprofit immigration legal-services provider offering low-bono/pro-bono representation and immigration-rights support for asylum, SIJS, family, citizenship, DACA, and victim/humanitarian cases.",,res-immigrant-legal-services-victim-immigration
Domestic Violence,Start here,Southwest Forensic Nursing medical-forensic exams at St. George and Hurricane emergency access points,"Clarify the local medical-forensic exam access route early, including timing and safe referral instructions.",,res-swfn-stgeorge-hurricane-forensic-access
Domestic Violence,Important specialized help,Santa Clara-Ivins Police Department Victim Advocates,Review for this particular program or eligibility pathway: Santa Clara-Ivins system-based victim advocate and Safe at Home enrollment access point for crime victims and survivors in the Santa Clara/Ivins area.,,res-ivins-santa-clara-victim-advocates
Domestic Violence,Additional options,Journey of Hope Utah survivor case management and social advocacy,"Keep as a further option after establishing the starting routes in Domestic Violence: Utah nonprofit providing trauma-informed case management, peer support, social advocacy, mentoring, basic-needs support, and intake for women, girls, LGBTQIA+ people, affected youth, and others fleeing domestic violence, sexual….",,res-journey-of-hope-utah-survivor-case-management
Domestic Violence,Important specialized help,Eastern Washington County Victim Services / La Verkin City Police Department,"Review for this particular program or eligibility pathway: UOVC-listed rural victim-services program based at La Verkin City Police Department, covering eastern Washington County towns with free mobile crisis intervention, safety planning, protective-order help, court advocacy, and….",,res-la-verkin-eastern-washington-victim-services
Domestic Violence,Start here,love is respect National Teen Dating Abuse Helpline,"Establish an age-appropriate dating-abuse support route, separate from adult-only programs.",,res-loveisrespect-teen-dating-abuse-helpline
Domestic Violence,Important specialized help,Mohave County Attorney Victim/Witness Program - Arizona Strip domestic-violence advocacy,"Review for this particular program or eligibility pathway: Mohave County Attorney Victim/Witness Program for Arizona crime victims, including a Domestic Violence Advocate and North Canyon Advocate for Arizona Strip cases near Colorado City/Short Creek.",,res-mohave-county-arizona-strip-victim-witness
Domestic Violence,Important specialized help,North Canyon Justice Court / Colorado City Arizona protective-order filing access,Review for this particular program or eligibility pathway: Arizona Strip court access point for Arizona Orders of Protection and Injunctions Against Harassment at North Canyon Justice Court/Colorado City court location.,,res-mohave-north-canyon-protection-orders
Domestic Violence,Start here,National Domestic Violence Hotline,Review national domestic-violence hotline access as a fallback when local contact is unavailable or unsafe.,,res-national-domestic-violence-hotline
Domestic Violence,Important specialized help,Operation Safe Escape security and technology-safety support,"Review for this particular program or eligibility pathway: National nonprofit providing free confidential security, technology-safety, communications, privacy, and escape-planning support for survivors of domestic violence, stalking, and harassment.",,res-operation-safe-escape
Domestic Violence,Additional options,PIK2AR Empowered Living Services survivor resources,"Keep as a further option after establishing the starting routes in Domestic Violence: PIK2AR culturally relevant social-services pathway offering resource requests, Community Health Worker support, peer supports, and documented domestic-violence survivor assistance.",,res-pik2ar-empowered-living-services
Domestic Violence,Additional options,PIK2AR K.A.V.A. Talks violence-prevention peer support,"Keep as a further option after establishing the starting routes in Domestic Violence: PIK2AR/K.A.V.A. Talks weekly violence-prevention, peer-support, education, and advocacy group rooted in Pacific Islander community practice, with online meeting access.",,res-pik2ar-kava-talks
Domestic Violence,Start here,U.S. National Human Trafficking Hotline,Establish the trafficking-specific contact route early; it addresses a high-consequence need that may not fit ordinary shelter intake.,,res-national-human-trafficking-hotline
Domestic Violence,Start here,RAINN National Sexual Assault Hotline,Establish sexual-assault support access and clarify how it connects someone to local help.,,res-rainn-national-sexual-assault-hotline
Domestic Violence,Important specialized help,RedRover Relief Safe Escape Grants,Review for this particular program or eligibility pathway: National grant program paying eligible pet boarding and related vaccination costs so families with pets can enter domestic-violence shelter safely.,,res-redrover-safe-escape-grants
Domestic Violence,Important specialized help,Restoring Ancestral Winds NTVHEAL Tribal DV/SA Helpline,"Review for this particular program or eligibility pathway: Utah tribal domestic-violence and sexual-assault helpline providing culturally responsive safety planning, risk assessment, peer support, and local referrals for Native survivors.",,res-restoring-ancestral-winds-ntvheal
Domestic Violence,Important specialized help,Ruff Haven Crisis Sheltering temporary pet care,"Review for this particular program or eligibility pathway: Utah crisis pet-sheltering program offering free temporary dog and cat care for pet owners in crises including domestic violence, with appointment-only Salt Lake City intake.",,res-ruff-haven-crisis-pet-sheltering
Domestic Violence,Start here,SafeUT Crisis Chat and Safety Tipline,Review the student/youth crisis contact route early and distinguish crisis chat from routine counseling.,,res-safeut-crisis-chat-tipline
Domestic Violence,Additional options,Short Creek Dream Center residential refuge and life-skills program,"Keep as a further option after establishing the starting routes in Domestic Violence: Faith-based Short Creek residential refuge and life-skills program for adults leaving abusive, oppressive, exploitative, trafficking-related, or high-control environments, with housing, counseling, meals, mentoring, and….",,res-short-creek-dream-center-residential-refuge
Domestic Violence,Additional options,Southern Utah Bar Association and Utah Legal Services Talk With an Attorney Clinic,"Keep as a further option after establishing the starting routes in Domestic Violence: Free civil and family-law consultation clinic in St. George presented by Utah Legal Services and the Southern Utah Bar Association, with eligibility screening and appointments encouraged.",,res-southern-utah-bar-talk-with-attorney-clinic
Domestic Violence,Important specialized help,Springdale Police Department Victim Services,"Review for this particular program or eligibility pathway: Springdale Police Department system-based victim-services access point for crime victims, including domestic-violence survivors needing safety planning, protective-order information, shelter information, case updates, and court….",,res-springdale-police-victim-services
Domestic Violence,Important specialized help,StrongHearts Native Helpline,"Review for this particular program or eligibility pathway: National free, anonymous, confidential Native-centered domestic and sexual violence helpline offering 24/7 phone, text, and chat advocacy for Native American and Alaska Native survivors and concerned relatives or friends.",,res-stronghearts-native-helpline
Domestic Violence,Important specialized help,The Network/La Red LGBTQ+ partner-abuse hotline and support,"Review for this particular program or eligibility pathway: Free, confidential 24-hour hotline and individual support access for LGBTQ+, kink, and polyamorous survivors of partner abuse, reachable nationally by toll-free phone.",,res-network-la-red-lgbtq-partner-abuse-hotline
Domestic Violence,Start here,The Trevor Project LGBTQ+ youth crisis support,Establish an LGBTQ+ youth crisis support route early; eligibility and accessible contact methods matter.,,res-the-trevor-project-lgbtq-youth-crisis
Domestic Violence,Start here,"Timpanogos Legal Center free hotline, online clinics, St. George clinic, and limited immigration legal advice","Review the hotline and local/online clinic entry points, including which case types each can actually handle.",,res-timpanogos-legal-center-hotline-clinics
Domestic Violence,Important specialized help,VA Salt Lake City Intimate Partner Violence Assistance Program (IPVAP),Review for this particular program or eligibility pathway: VA Intimate Partner Violence Assistance Program access through the VA Salt Lake City Health Care System for veterans and families impacted by relationship violence.,,res-va-salt-lake-ipvap
Domestic Violence,Important specialized help,USAC Lifeline Survivor Benefit under the Safe Connections Act,"Review for this particular program or eligibility pathway: Federal Lifeline Survivor Benefit providing temporary phone, internet, or bundled-service discount after qualifying Safe Connections Act line separation for survivors.",,res-usac-lifeline-survivor-benefit
Domestic Violence,Important specialized help,Utah Coalition Against Sexual Assault statewide sexual-assault helplines,"Review for this particular program or eligibility pathway: Statewide Utah sexual-assault helplines in English and Spanish, with advocate support, resource connection, and next-step help for survivors and loved ones.",,res-ucasa-statewide-sexual-assault-helplines
Domestic Violence,Start here,Utah Crime Victims Legal Clinic victim-rights and protection-order legal advocacy,Establish the victim-rights legal pathway and case screening before assuming a general attorney clinic can handle protection needs.,,res-utah-crime-victims-legal-clinic
Domestic Violence,Start here,Utah VINE victim notification service,Establish victim notification enrollment early; it serves a different safety function from counseling or representation.,,res-utah-vine-victim-notification
Domestic Violence,Additional options,Utah DHHS SUMH Victim Advocate,"Keep as a further option after establishing the starting routes in Domestic Violence: Statewide Utah DHHS/SUMH victim advocate support for crime victims involved with Board of Pardons and Parole hearings, including safety planning and protective-order/resource help.",,res-sumh-victim-advocate
Domestic Violence,Important specialized help,Utah DPS Sexual Assault Kit Tracking System and SAKI information access,Review for this particular program or eligibility pathway: Utah DPS sexual-assault kit tracking and SAKI victim-advocate contact for survivors who completed a forensic sexual-assault exam in Utah.,,res-utah-dps-sexual-assault-kit-tracking
Domestic Violence,Additional options,Utah DPS/SBI Victim Services crime-victim advocacy,"Keep as a further option after establishing the starting routes in Domestic Violence: Utah DPS/State Bureau of Investigation victim-services program providing crime-victim advocacy during DPS/SBI investigations, with resources for intimate partner violence, sexual assault, stalking, trafficking, and family….",,res-utah-dps-sbi-victim-services
Domestic Violence,Start here,Utah Domestic Violence Coalition 24-hour LINKLine,Review the statewide domestic-violence connection alongside local intake and national backup.,,res-udvc-linkline
Domestic Violence,Important specialized help,Utah Homicide Survivors pro-bono legal services after homicide,"Review for this particular program or eligibility pathway: Utah nonprofit providing pro-bono civil legal services for families after homicide, including probate, insurance, survivor benefits, victim compensation, guardianship, conservatorship, custody, termination of parental rights….",,res-utah-homicide-survivors-legal
Domestic Violence,Important specialized help,Utah Legal Services Native American Unit,"Review for this particular program or eligibility pathway: Utah Legal Services unit representing members of federally recognized tribes and their minor children in tribal and state civil legal matters, including protective orders and domestic-violence-related advocacy.",,res-utah-legal-services-native-american-unit
Domestic Violence,Additional options,Utah National Guard Service Member and Family Readiness / Family Assistance - St. George,"Keep as a further option after establishing the starting routes in Domestic Violence: Utah National Guard Service Member and Family Readiness access point in St. George offering Guard-connected military family support, resource navigation, emergency-assistance coordination, financial counseling/training, food….",,res-utah-national-guard-family-readiness-dv-advocacy
Domestic Violence,Important specialized help,Utah National Guard SAPR St. George Armory victim advocate,"Review for this particular program or eligibility pathway: Utah National Guard SAPR pathway with a St. George Armory victim advocate and 24/7 confidential support for eligible military-connected sexual-violence survivors, with safety planning and community-resource connection.",,res-utah-national-guard-sapr-st-george
Domestic Violence,Start here,Utah Safe at Home Address Confidentiality Program,Review address confidentiality enrollment and safe document handling early; ordinary address changes may create safety risks.,,res-utah-safe-at-home-address-confidentiality
Domestic Violence,Additional options,Utah State Bar Virtual Legal Clinic,Keep as a further option after establishing the starting routes in Domestic Violence: Free statewide Utah State Bar phone or email clinic providing up to 30 minutes of brief legal advice from a volunteer attorney for civil and other legal questions.,,res-utah-state-bar-virtual-legal-clinic
Domestic Violence,Start here,"Utah State Courts Fifth District St. George courthouse, juvenile court, protective-order, interpreter, and ADA access","Establish local court filing, protective-order, interpreter and accommodation access; distinguish courthouse services from legal advice.",,res-utah-state-courts-fifth-district-protective-order-filing
Domestic Violence,Important specialized help,"Utah Tech University Title IX supportive measures for dating violence, domestic violence, sexual assault, and stalking","Review for this particular program or eligibility pathway: Utah Tech Equal Opportunity and Title IX Office pathway for supportive measures after dating violence, domestic violence, sexual assault, stalking, discrimination, harassment or retaliation affecting campus access.",,res-utah-tech-title-ix-supportive-measures
Domestic Violence,Important specialized help,Utah Tech University Police Victim-Survivor Advocacy,"Review for this particular program or eligibility pathway: Utah Tech University Police system-based victim-survivor advocacy for campus-connected survivors, including reporting support, safety planning, protective-order help, victim-rights information, referrals, and DOVE Center….",,res-utah-tech-police-victim-survivor-advocacy
Domestic Violence,Additional options,Voices for Dignity survivor support,"Keep as a further option after establishing the starting routes in Domestic Violence: Hildale-based survivor-support nonprofit helping people affected by human trafficking, exploitation, humiliation, stigma and related trauma with dignity-focused survival/stability, healing, empowerment and housing-security….",,res-voices-for-dignity-survivor-support
Domestic Violence,Important specialized help,Washington City Police Department Victim Services Program,"Review for this particular program or eligibility pathway: Washington City Police Department victim-services program providing free confidential support for crime victims and witnesses, including crisis intervention, referrals, police/prosecutor liaison, court support, protective-order….",,res-washington-city-police-victim-services
Domestic Violence,Start here,Washington County Attorney Victim Assistance Program,"Review the county prosecutor's victim-assistance route, including the case connection required for help.",,res-washington-county-attorney-victim-assistance
Domestic Violence,Start here,Washington County Sheriff's Office Victim Services and protective-order service access,Clarify protective-order service and county victim-services contact procedures early.,,res-washington-county-sheriff-victim-services
Domestic Violence,Important specialized help,HUD Office of Fair Housing and Equal Opportunity complaint intake,"Review for this particular program or eligibility pathway: Federal HUD Office of Fair Housing and Equal Opportunity intake for housing-discrimination, HUD-program civil-rights, and VAWA housing-rights complaints.",,res-hud-fheo-housing-discrimination-complaints
Domestic Violence,Important specialized help,Utah State Courts MyPaperwork / Online Court Assistance Program transition,Review for this particular program or eligibility pathway: Utah Courts MyPaperwork and remaining OCAP/self-help form pathway for self-represented litigants preparing selected Utah court documents.,,res-utah-courts-mypaperwork-ocap
Education,Important specialized help,Boys & Girls Clubs of Utah County/Southern Utah Washington County school-site programs,"Review for this particular program or eligibility pathway: Boys & Girls Clubs of Utah County/Southern Utah school-site afterschool and summer programs at Washington County elementary schools, with homework support, enrichment, financial assistance, and snacks/meals at enrolled sites.",,res-bgcutah-washington-county
Education,Important specialized help,Millcreek High School student-parent child care pathway,"Review for this particular program or eligibility pathway: Washington County School District alternative high school pathway with child-care staff, serving as a narrow school-retention support lead for enrolled student parents.",,res-millcreek-high-student-parent-childcare
Education,Start here,Root for Kids Early Head Start,"Establish local early-childhood enrollment and family-support access, including age/income rules and waitlists.",,res-root-for-kids-early-head-start
Education,Important specialized help,Root for Kids Early Intervention / Baby Watch local provider,"Review for this particular program or eligibility pathway: Root for Kids early intervention provider for infants and toddlers birth to age 3 with developmental delays or disabilities in the St. George/Washington County area, including free evaluations, therapies, audiology/hearing….",,res-root-for-kids-early-intervention-baby-watch
Education,Important specialized help,"Red Rock Center for Independence independent living, disability supports, and limited activity transportation","Review for this particular program or eligibility pathway: Center for Independent Living in St. George serving all ages and disability types with no-cost core independent-living services, nursing-home transition/diversion, youth transition, peer support, advocacy, assistive technology….",,res-red-rock-center-independence-youth-disability-supports
Education,Important specialized help,"RISE Services St. George child, adult, and aging-adult disability supports","Review for this particular program or eligibility pathway: St. George disability services including youth after-school/summer programs, respite, supported living, host homes, professional parenting, employment, and behavior support.",,res-rise-services-st-george-child-youth-disability-supports
Education,Start here,Southern Utah University Head Start Preschool - Washington County centers,"Establish the local Head Start application pathway, including age/income rules, sites and current placement availability.",,res-suu-head-start-washington-county
Education,Important specialized help,"TURN Community Services St. George disability services, residential supports, educational day supports, supported employment, and embedded transportation","Review for this particular program or eligibility pathway: TURN Community Services St. George disability-services provider for adults with intellectual/developmental disabilities, related conditions, or acquired brain injury, including day, residential, semi-independent living….",,res-turn-community-services-st-george-family-support-respite
Education,Important specialized help,Utah Schools for the Deaf and the Blind Parent Infant Program - Southern Utah access,"Review for this particular program or eligibility pathway: Free USDB Parent Infant Program early-intervention and family coaching for birth-to-3 children who are deaf, hard of hearing, blind, low vision, or deafblind, coordinated with Baby Watch and statewide outreach.",,res-usdb-parent-infant-program-southern-utah
Education,Additional options,USU Extension Create Better Health nutrition education - Washington County access,"Keep as a further option after establishing the starting routes in Education: Free USU Extension Create Better Health nutrition education hub and online/Zoom classes teaching budget-friendly healthy eating, menu planning, recipe demos, and food-resource connection for Utah families and adult learners.",,res-usu-extension-create-better-health
Education,Important specialized help,"Utah Tech University Student Resource Center student support, basic-needs, advocacy, and student legal clinic","Review for this particular program or eligibility pathway: Utah Tech Student Resource Center student-support hub offering academic coaching, mentoring, case management/resource navigation, student-family supports, Blazer Food Pantry groceries and essentials, Come & Get It free-food….",,res-utah-tech-student-resource-center-student-parents
Education,Additional options,"Washington County Library 1,000 Books Before Kindergarten and St. George story times","Keep as a further option after establishing the starting routes in Education: Free Washington County Library early-literacy support, including 1,000 Books Before Kindergarten and branch children's story-time access.",,res-washington-county-library-early-literacy
Education,Start here,Washington County School District At-Risk Support Services / McKinney-Vento student supports and school transportation,Establish the school homelessness liaison route early; school access and transportation can be available even without stable housing.,,res-wcsd-at-risk-mckinney-vento
Education,Start here,Washington County School District Child Find and Early Childhood Special Education Preschool,Establish preschool disability evaluation/Child Find access before selecting individual therapy providers.,,res-wcsd-child-find-special-education-preschool
Education,Start here,Washington County School District District Preschool,Establish district preschool enrollment alongside income-targeted preschool options.,,res-wcsd-district-preschool
Education,Additional options,Washington County School District Title I Family Centers,"Keep as a further option after establishing the starting routes in Education: WCSD Title I Family Centers offering parent education, English classes, school-success classes, technology help, and checkout of children's educational materials.",,res-wcsd-title-i-family-centers
Education,Additional options,Waterford Upstart Washington County at-home kindergarten-readiness program and technology support,"Keep as a further option after establishing the starting routes in Education: At-home Waterford Upstart early-learning program for Washington County pre-kindergarten children, with reading, math, science lessons, family coaching, and computer/internet support for qualifying families who need basic….",,res-waterford-upstart-washington-county
Education,Start here,"Utah DWS St. George career, education, and supportive services",Establish the public workforce intake and eligibility for training/supportive services before individual job-training alternatives.,,res-utah-dws-st-george-work-clothing-supportive-services
Education,Start here,"Utah State Office of Rehabilitation Vocational Rehabilitation - St. George employment, training, restoration, and transportation supports",Establish vocational rehabilitation intake before selecting disability employment providers or requesting funded supports.,,res-usor-vr-st-george-employment-supports
Education,Important specialized help,Children First Education Fund Carson Smith Opportunity Scholarship,Review for this particular program or eligibility pathway: State-contracted scholarship-granting organization administering the Carson Smith Opportunity Scholarship for Utah K-12 students with qualifying disabilities.,,res-children-first-csos
Education,Important specialized help,Children of Hope Academy special-needs school and parent support,"Review for this particular program or eligibility pathway: Small St. George nonprofit school/community program for students with special needs, using individualized developmental education and parent/community support.",,res-children-of-hope-academy
Education,Important specialized help,Deseret Industries St. George job training and development program,"Review for this particular program or eligibility pathway: Paid employment-training pathway at the St. George Deseret Industries store, with job coaching, development counseling, workplace skill-building, and education or vocational supports for people facing employment barriers.",,res-deseret-industries-st-george-job-training
Education,Important specialized help,Easterseals-Goodwill Northern Rocky Mountain SCSEP - St. George,"Review for this particular program or eligibility pathway: Easterseals-Goodwill SCSEP paid community-service work experience, online skills courses, and job-search support for low-income unemployed older adults, with federal priority including people with disabilities.",,res-easterseals-goodwill-scsep-st-george
Education,Additional options,National Association for Child Development St. George evaluations and home program coaching,"Keep as a further option after establishing the starting routes in Education: In-person St. George evaluations and remote coaching for individualized home developmental, learning, and neurodevelopmental programs for children and adults.",,res-nacd-st-george-evaluations
Education,Additional options,"Southwest Behavioral Health Center Elev8 Clubhouse, adult skills, education support, and supported employment","Keep as a further option after establishing the starting routes in Education: Southwest Behavioral Health Center's Elev8 Clubhouse/adult skills development program for adults in mental-health recovery, with psychosocial rehabilitation, transportation for clients, low-cost lunch, transitional and supported….",,res-sbhc-elev8-clubhouse-adult-skills-supported-employment
Education,Additional options,Sunrise Oasis Academy of Reading dyslexia microschool,"Keep as a further option after establishing the starting routes in Education: Independent St. George microschool for children with dyslexia and related language-based learning differences, using structured literacy and individualized learning plans.",,res-sunrise-oasis-academy-reading-dyslexia-microschool
Education,Additional options,TechieForLife / NeuroDev Mentoring Belong to Become program,"Keep as a further option after establishing the starting routes in Education: Private St. George mentoring, vocational-school, and college-living program for autistic and neurodivergent young adults working toward independent living, education, and career goals.",,res-techieforlife-neurodev-mentoring-st-george
Education,Important specialized help,Utah Department of Veterans and Military Affairs Southern Utah VSOs and DD-214 archive access,"Review for this particular program or eligibility pathway: Utah Department of Veterans and Military Affairs Southern Utah Veteran Service Officers provide free accredited benefits help, DD-214 archive routing for Utah home-of-record cases, and military-record navigation for veterans and….",,res-udvma-southern-utah-vso-claims
Education,Start here,"Utah DSBVI St. George vocational rehabilitation, blind services, and skills training",Establish the local blind/low-vision employment and rehabilitation access route separately from general vocational services.,,res-utah-dsbvi-st-george-vocational-rehabilitation
Education,Important specialized help,"Utah DSDHH Southern Utah Program / Southern Center case management, benefits access, classes, and senior events","Review for this particular program or eligibility pathway: State Division of Services of the Deaf and Hard of Hearing Southern Utah Program/Southern Center offering free St. George case management, benefits navigation, housing-application help, employment support, classes….",,res-utah-dsdhh-southern-center-case-management
Education,Start here,Utah Parent Center PTI Parent Consultants and special education rights navigation,Establish special-education rights navigation and IEP support before families have to pursue formal disputes.,,res-utah-parent-center-pti-special-education-support
Education,Start here,Utah Schools for the Deaf and the Blind Southern Utah School of the Deaf and outreach,Establish the Southern Utah Deaf education/outreach route and how it coordinates with a child's school.,,res-usdb-southern-utah-school-of-the-deaf
Education,Important specialized help,Utah State Board of Education Carson Smith Special Needs Scholarship,Review for this particular program or eligibility pathway: USBE-administered legacy Carson Smith Scholarship funding pathway for eligible Utah students with disabilities attending participating private schools.,,res-utah-usbe-carson-smith-scholarship
Education,Important specialized help,Utah State Library Program for the Blind and Disabled,"Review for this particular program or eligibility pathway: Free Utah State Library/NLS braille, talking-book, large-print, equipment-loan and download library service for Utah residents with qualifying print disabilities, usable from St. George by mail and online.",,res-utah-state-library-blind-disabled
Education,Start here,Utah State Office of Rehabilitation Pre-Employment Transition Services,Review school-to-work transition supports early because eligibility and referral timing are age-sensitive.,,res-usor-pre-employment-transition-services
Education,Start here,Utah Tech University Accessibility and Disability Center,Review the university disability-accommodation intake and documentation requirements before relying on individual classroom supports.,,res-utah-tech-accessibility-disability-center
Education,Start here,Utah Tech University UT Elevated,Review the university transition pathway for students with intellectual disabilities; it addresses a distinct higher-education access gap.,,res-utah-tech-ut-elevated
Education,Additional options,VERSE virtual structured literacy for dyslexia and learning differences,"Keep as a further option after establishing the starting routes in Education: St. George-based virtual structured-literacy program providing online reading, spelling, writing, and related tutoring for learners with dyslexia and learning differences.",,res-verse-structured-literacy
Education,Important specialized help,Washington County School District Augmentative and Assistive Technology Team,"Review for this particular program or eligibility pathway: Local WCSD school-based augmentative and assistive technology pathway providing individualized AT assessments, trials, training, coaching, and device management for students with disabilities.",,res-wcsd-augmentative-assistive-technology
Education,Important specialized help,Washington County School District Post High Transition Program,"Review for this particular program or eligibility pathway: WCSD community-based transition program providing special education services for eligible students with disabilities as they prepare for independence, employment, community participation, and adult living.",,res-wcsd-post-high-transition-program
Education,Important specialized help,AAUW St. George Branch graduate scholarships for Utah Tech students,"Review for this particular program or eligibility pathway: Local AAUW St. George scholarship program supporting Utah Tech University graduate students in selected programs, with annual-cycle details requiring confirmation before referral.",,res-aauw-stgeorge-graduate-scholarships
Education,Important specialized help,American Indian Services college and trade school scholarships,Review for this particular program or eligibility pathway: National Native student scholarship nonprofit with college and trade/vocational scholarship pathways usable by eligible St. George-area students attending accredited schools.,,res-american-indian-services-scholarships
Education,Important specialized help,Associated General Contractors of Utah construction apprenticeships,"Review for this particular program or eligibility pathway: AGC of Utah Department of Labor-approved construction apprenticeship sponsor for participating member employers, with related instruction and nationally recognized completion credentials.",,res-agc-utah-construction-apprenticeships
Education,Additional options,"AGC of Utah St. George contractor pre-licensure, flagger, and traffic-control training","Keep as a further option after establishing the starting routes in Education: AGC of Utah Southern Utah training center offering St. George contractor pre-licensure, business-law test preparation, flagger certification, and traffic-control technician/supervisor classes relevant to construction employment….",,res-agc-utah-contractor-prelicensure-ce-stgeorge
Education,Important specialized help,BYU-Pathway Worldwide PathwayConnect and online certificates/degrees,"Review for this particular program or eligibility pathway: Low-cost, faith-based online PathwayConnect, certificate, and degree access through BYU-Pathway Worldwide, BYU-Idaho, and Ensign College.",,res-byu-pathway-worldwide-online-certificates
Education,Additional options,Care About Childcare - Five County provider training and Utah Career Ladder support,"Keep as a further option after establishing the starting routes in Education: Southern Utah child-care resource agency provider-training access point for early childhood/youth workforce Career Ladder, CDA support, professional development, licensing training and related scholarships.",,res-care-about-childcare-fivecounty-provider-training
Education,Additional options,City of St. George Firefighter Recruit Academy,Keep as a further option after establishing the starting routes in Education: City fire department reserve/part-time recruit academy pathway that provides required firefighter and hazardous-materials certifications to selected applicants.,,res-stgeorge-firefighter-recruit-academy
Education,Additional options,City of St. George Recreation First Aid / CPR / AED certification course,Keep as a further option after establishing the starting routes in Education: City recreation American Red Cross Adult and Pediatric First Aid/CPR/AED blended certification course.,,res-stgeorge-rec-first-aid-cpr-aed
Education,Important specialized help,Compudopt St. George computer giveaway and internet support,Review for this particular program or eligibility pathway: Compudopt St. George free computer giveaway registration and free or low-cost internet support for households without a working home computer.,,res-compudopt-stgeorge-computer-giveaway
Education,Start here,Dixie Technical College accredited career training programs,"Establish the local technical-college training intake and how to explore costs, aid and suitable programs.",,res-dixie-tech-career-training
Education,Additional options,Dixie Technical College Custom Fit employer training,"Keep as a further option after establishing the starting routes in Education: State-funded employer-mediated workforce training program housed at Dixie Tech, helping qualifying Washington County businesses train current employees with partial reimbursement.",,res-dixie-tech-custom-fit
Education,Start here,Dixie Technical College financial aid and scholarships,Review technical-college financial aid before recommending enrollment with unaffordable costs.,,res-dixie-tech-financial-aid-scholarships
Education,Start here,EnglishConnect community English classes and online EnglishConnect 3,Establish a community English-learning pathway alongside public adult ESL; confirm current local classes and level fit.,,res-englishconnect-community-english-classes
Education,Additional options,Evans Hairstyling College St. George cosmetology certificate program,"Keep as a further option after establishing the starting routes in Education: St. George cosmetology school offering cosmetology certification training with Pell Grant eligibility for qualifying students, student loans, and an institutional scholarship application.",,res-evans-hairstyling-college-st-george
Education,Additional options,Intermountain Health caregiver education assistance and PEAK tuition benefit,"Keep as a further option after establishing the starting routes in Education: Intermountain Health employee education-assistance benefit for eligible caregivers, including annual education assistance, traditional tuition reimbursement, PEAK upfront tuition and debt-free degree partnerships.",,res-intermountain-health-education-assistance
Education,Start here,Job Corps MyJobCorps admissions and Clearfield Job Corps Center,Review the residential youth job-training application route and its age/eligibility rules; it differs from local short courses.,,res-job-corps-utah-clearfield-admissions
Education,Additional options,LearnKey Upskill Academy online certification pathways,"Keep as a further option after establishing the starting routes in Education: Commercial Utah-registered online training provider offering short-term Upskill Academy certification pathways in IT, cybersecurity, office administration, allied health, paralegal, business and related fields.",,res-learnkey-upskill-academy
Education,Important specialized help,my529 Olene S. Walker Transition to Adult Living Scholarship,"Review for this particular program or eligibility pathway: Statewide Olene S. Walker Transition to Adult Living Scholarship supporting eligible young people leaving Utah foster care or the Unaccompanied Refugee Minors Program to complete college, graduate study, or trade/certificate….",,res-my529-tal-scholarship
Education,Important specialized help,Paiute Indian Tribe of Utah Education Department Tribal Scholarship and GED/adult education assistance,"Review for this particular program or eligibility pathway: Paiute Indian Tribe of Utah Education Department pathway for PITU Tribal Scholarship, GED/adult education assistance, and Native higher-education resource navigation for eligible Tribal members and descendants, including….",,res-pitu-education-department
Education,Important specialized help,Paiute Indian Tribe of Utah Native Youth Program and Johnson O'Malley reimbursement,"Review for this particular program or eligibility pathway: PITU Native Youth Program K-12 support and Johnson O'Malley reimbursement assistance for eligible Native students in the PITU service area, including Washington County schools.",,res-pitu-native-youth-jom-reimbursement
Education,Additional options,Paul Mitchell The School St. George beauty and barbering programs,"Keep as a further option after establishing the starting routes in Education: Accredited St. George beauty school offering cosmetology, barbering/master hair design, hair design, and nail programs with financial-aid information and admissions request pathway.",,res-paul-mitchell-stgeorge-beauty-programs
Education,Start here,Read Now free one-to-one adult reading tutoring by Zoom,"Establish adult literacy support for people who need reading help before GED, training or job applications.",,res-read-now-adult-literacy-zoom
Education,Important specialized help,Red Rock Center for Independence Scholarship Opportunity,Review for this particular program or eligibility pathway: RRCI scholarship fund for students with documented disabilities in the nine-county Southwestern Utah service area continuing education after high school.,,res-rrci-scholarship-opportunity
Education,Important specialized help,Ridgeview CNA Program St. George,Review for this particular program or eligibility pathway: State-approved St. George CNA training program with evening and Saturday class options preparing students for Utah CNA certification testing.,,res-ridgeview-cna-st-george
Education,Additional options,SCORE Utah free small-business mentoring and workshops,"Keep as a further option after establishing the starting routes in Education: SBA resource partner providing free confidential small-business mentoring plus free or low-cost workshops, webinars, on-demand courses, and business templates for Utah entrepreneurs, including St. George-area users.",,res-score-utah-business-mentoring-workshops
Education,Additional options,Southern Utah University Community and Workforce Development professional development,"Keep as a further option after establishing the starting routes in Education: SUU Community and Workforce Development offers flexible adult professional-development courses, industry-recognized certificates, microcredentials, and workforce skill-building programs, many available online for St. George….",,res-suu-community-workforce-development
Education,Important specialized help,Southern Utah University STEM Center free K-12 online homework help,"Review for this particular program or eligibility pathway: Free SUU STEM Center online homework help and ACT prep access for K-12 Utah students, with math/science tutoring, online sessions, and Spanish-language support noted.",,res-suu-stem-k12-homework-help-online
Education,Important specialized help,St. George Academy Online / Williamsburg Academy of Utah tuition-free grades 7-12 program,"Review for this particular program or eligibility pathway: Tuition-free public charter online branch/partner pathway for grades 7-12 using Williamsburg curriculum through St. George Academy, with online classes and optional in-person adventure courses.",,res-st-george-academy-online-williamsburg
Education,Additional options,St. George Lions Club / Lady Lions local education scholarships,"Keep as a further option after establishing the starting routes in Education: Local St. George Lions/Lady Lions scholarship pathway for area students attending local colleges or technical schools, with the club's current site listing a 2026-2027 application form contact.",,res-st-george-lions-scholarships
Education,Additional options,St. George Dixie Elks Lodge No. 1743 education scholarships,"Keep as a further option after establishing the starting routes in Education: St. George Dixie Elks Lodge No. 1743 local and national scholarship access point, including lodge-listed local scholarships and Elks National Foundation Most Valuable Student scholarship routing.",,res-dixie-elks-lodge-1743-scholarships
Education,Additional options,Suazo Business Center St. George bilingual business education and advising,"Keep as a further option after establishing the starting routes in Education: Culturally responsive nonprofit business center offering bilingual entrepreneurship education, one-on-one advising, workshops, registration/licensing help, business planning, marketing, HR, financial health, and capital-readiness….",,res-suazo-business-center-st-george
Education,Important specialized help,UT SUCCESS Academy early college high school at Utah Tech,"Review for this particular program or eligibility pathway: UT SUCCESS Academy early-college public high-school program on the Utah Tech University campus, allowing eligible southern Utah students to pursue high-school requirements and college/concurrent-enrollment credit toward an….",,res-ut-success-academy-early-college-high-school
Education,Additional options,Switchpoint Thrift Store and Switchpoint Industries workforce training,"Keep as a further option after establishing the starting routes in Education: Switchpoint social-enterprise workforce pathway anchored by the St. George thrift store's 8-week job-training program and Switchpoint Industries partnerships for certified workforce training, job placement, and employer….",,res-switchpoint-thrift-store-job-training
Education,Additional options,Taylor Andrews Academy - St. George beauty-industry training programs,"Keep as a further option after establishing the starting routes in Education: Private St. George beauty academy offering cosmetology, hair design, esthetics/master esthetics, nail technician, and related beauty-industry training with financial aid for eligible programs and payment-plan options.",,res-taylor-andrews-st-george-beauty-training
Education,Additional options,"Tech-Moms St. George technology skills, foundational cohort, and career transition","Keep as a further option after establishing the starting routes in Education: Tech-Moms technology-skills and career-transition pathway including a nine-week St. George foundational cohort at Utah Tech, online/rural options, alumni technical training, career relaunch content, and a coming Digital Literacy….",,res-tech-moms-st-george-technology-skills
Education,Additional options,CompUtah Hub at Five County Association of Governments,Keep as a further option after establishing the starting routes in Education: St. George CompUtah/TechCharities hub at Five County AOG where residents may access low-cost or subsidized refurbished computers and basic technology support or referrals.,,res-computah-five-county-st-george-hub
Education,Additional options,The Church of Jesus Christ of Latter-day Saints Self-Reliance Courses,"Keep as a further option after establishing the starting routes in Education: Free Church of Jesus Christ self-reliance courses in small-group or individual format, including Education for Better Work, Find a Better Job, Starting and Growing My Business, and Personal Finances.",,res-lds-self-reliance-courses
Education,Important specialized help,Ibarra Foundation / IME BECAS Scholarship,"Review for this particular program or eligibility pathway: Utah scholarship for Mexican and Mexican American students attending or planning to attend a Utah university, community college, or trade school.",,res-ibarra-foundation-ime-becas-scholarship
Education,Additional options,The Ripple Effect After School Programs,"Keep as a further option after establishing the starting routes in Education: Drop-in afterschool support for St. George teens in grades 6-12, including tutoring, mentoring, study skills, coping skills, and parent information.",,res-ripple-effect-after-school-program
Education,Additional options,University of Utah Rural Medicine Scholars Southern Utah Regional Medical Campus pathway,Keep as a further option after establishing the starting routes in Education: University of Utah Spencer Fox Eccles School of Medicine Rural Medicine Scholars pathway with a Southern Utah Regional Medical Campus track in St. George for selected MD students committed to rural Utah care.,,res-uofu-rural-medicine-scholars-southern-utah
Education,Additional options,UServeUtah AmeriCorps Student Success Program - Washington School District access,"Keep as a further option after establishing the starting routes in Education: AmeriCorps education program placing members in Utah schools, including Washington School District, to support literacy, attendance, academics, credit recovery, and social-emotional challenges.",,res-userveutah-americorps-student-success
Education,Additional options,USU Extension Washington County 4-H STEM and career-readiness youth programming,"Keep as a further option after establishing the starting routes in Education: USU Extension Washington County 4-H youth development program with STEM, entrepreneurship, leadership, career/college readiness, clubs, camps, contests, library STEM classes, and project-based learning for county youth.",,res-usu-extension-washington-county-4h
Education,Additional options,UAEYC TEACH Early Childhood Utah Scholarship,"Keep as a further option after establishing the starting routes in Education: Statewide TEACH Early Childhood Utah scholarship administered by UAEYC for eligible early childhood teachers, directors, and family child-care providers pursuing early childhood degrees.",,res-uaeyc-teach-early-childhood-utah
Education,Start here,Utah DCFS Education Training Voucher and foster-youth education/employment transition support,Clarify foster-youth education funding and application timing; generic financial-aid advice may miss this entitlement pathway.,,res-utah-dcfs-education-training-voucher
Education,Additional options,Utah SUMH Certified Peer Support Specialist (CPSS) training and certification,Keep as a further option after establishing the starting routes in Education: Utah SUMH Certified Peer Support Specialist certification pathway and training-provider list for people using lived recovery experience to provide peer support services.,,res-sumh-certified-peer-support-specialist
Education,Important specialized help,Utah DWS SNAP Employment and Training (E&T),"Review for this particular program or eligibility pathway: Utah SNAP Employment and Training pathway requiring or supporting many SNAP recipients with job readiness, workshops, counselor appointments, job search, and training activities.",,res-utah-dws-snap-employment-training
Education,Start here,Utah DWS WIOA Youth Program,Establish the youth workforce-program intake and age/eligibility boundaries before narrower training options.,,res-utah-dws-wioa-youth-program
Education,Important specialized help,Utah Electrical Training Alliance Inside Wireman Apprenticeship,"Review for this particular program or eligibility pathway: IBEW Local 354 / NECA Utah Electrical Training Alliance Inside Wireman registered apprenticeship with paid on-the-job training, classroom instruction, labs, benefits, and a path to Utah journeyman electrician certification.",,res-utah-electrical-training-alliance-inside-wireman
Education,Important specialized help,Utah National Guard State Tuition Assistance,"Review for this particular program or eligibility pathway: Utah National Guard Education Services State Tuition Assistance for drilling Guard members, with up to $7,000 in annual tuition assistance for accredited postsecondary schools and some certificate programs.",,res-utah-national-guard-state-tuition-assistance
Education,Important specialized help,Utah Online School / Washington County School District K-12 online public school,"Review for this particular program or eligibility pathway: Washington County School District's free Utah Online School public K-12 online school for Utah students, with full-time, part-time, SOEP, and summer credit-recovery access for grades 6-12.",,res-utah-online-school-k12
Education,Additional options,UPHCA Academy online plumbing and mechanical trades training,"Keep as a further option after establishing the starting routes in Education: Utah Plumbing and Heating Contractors Association Academy statewide trade-training pathway with mostly online plumbing apprenticeship coursework, HVACR/mechanical training, hydronics, backflow, journeyman exam preparation and….",,res-uphca-apprenticeship-academy
Education,Additional options,Utah SBDC St. George business counseling and entrepreneur training,Keep as a further option after establishing the starting routes in Education: Utah SBDC St. George/Southern Utah center providing free one-on-one business consulting and free or low-cost entrepreneurial training for Washington County small-business owners and aspiring entrepreneurs.,,res-utah-sbdc-st-george-business-training
Education,Important specialized help,Utah Somos Foundation SOMOS Scholarship,"Review for this particular program or eligibility pathway: Utah Somos Foundation scholarship and scholar-development pathway for Latino and Hispanic Utah high school seniors and undergraduate students pursuing Utah college, certificate, trade or technical education.",,res-utah-somos-scholarship
Education,Important specialized help,Utah Fits All Scholarship Program,"Review for this particular program or eligibility pathway: USBE-authorized, Odyssey-administered Utah Fits All K-12 education savings scholarship for approved private-school or home-based education expenses, including tuition and other eligible education services.",,res-utah-fits-all-scholarship
Education,Important specialized help,USBE Career and Technical Education Scholarships and Tuition Awards,"Review for this particular program or eligibility pathway: USBE Career and Technical Education Scholarships and Tuition Awards for outstanding Utah public high school CTE seniors, with participating public technical colleges and universities including Utah Tech University and Southwest….",,res-usbe-cte-scholarships-tuition-awards
Education,Important specialized help,Washington County School District Focused Graduation Pathway,Review for this particular program or eligibility pathway: Washington County School District adopted Focused Graduation Pathway route allowing eligible enrolled high school students who are significantly behind in credits to use GED subject exams for credit toward a traditional high….,,res-wcsd-focused-graduation-pathway
Education,Important specialized help,USBE Youth-in-Care / Youth-in-Custody education services,"Review for this particular program or eligibility pathway: USBE Youth-in-Care / Youth-in-Custody education program providing education administration, supports, transition advocacy and mentoring coordination for eligible Utah youth in DHHS/tribal custody/services or juvenile detention.",,res-usbe-youth-in-care-education
Education,Additional options,Utah Online Public Library LearningExpress Library,"Keep as a further option after establishing the starting routes in Education: Free LearningExpress Library access through Utah's Online Public Library for Utah public-library cardholders, offering GED/high-school equivalency preparation, academic skills, test prep, career certification prep, citizenship….",,res-utah-online-public-library-learningexpress
Education,Important specialized help,Utah State University St. George / Southwest Statewide Campus,"Review for this particular program or eligibility pathway: Utah State University statewide-campus access in St. George and the Southwest region, offering degree and certificate pathways with local contact, in-person or online course access, and student support resources.",,res-usu-st-george-statewide-campus
Education,Additional options,USU Extension Rural Online Initiative Certified Remote Work Professional,"Keep as a further option after establishing the starting routes in Education: USU Extension Rural Online Initiative Certified Remote Work Professional course teaching remote-work, digital communication, online job-search, and virtual-team skills for Utah residents, with reduced Washington County pricing.",,res-usu-rural-online-remote-work-certificate
Education,Important specialized help,Utah State University Native American Student Scholarship,"Review for this particular program or eligibility pathway: USU last-dollar scholarship for eligible Native American undergraduate or first-time technical education certificate students, including members of federally recognized tribes in and around Utah.",,res-usu-native-american-student-scholarship
Education,Important specialized help,Utah System of Higher Education Technical Education Scholarship,"Review for this particular program or eligibility pathway: State Technical Education Scholarship for students pursuing designated high-demand technical education programs at eligible public technical colleges, including Dixie Technical College.",,res-ushe-technical-education-scholarship
Education,Start here,Utah Promise Grant / Utah Tech Trailblazer Promise,Review income-linked college grant access early so an education plan includes its actual affordability.,,res-ushe-utah-promise-trailblazer-promise
Education,Important specialized help,Utah System of Higher Education Adult Learner Grant Program,"Review for this particular program or eligibility pathway: USHE Adult Learner Grant financial assistance for Utah adult residents enrolled in eligible online programs in designated fields of industry need at participating institutions, including Utah Tech University.",,res-ushe-adult-learner-grant
Education,Important specialized help,Utah System of Higher Education Opportunity Scholarship,"Review for this particular program or eligibility pathway: Statewide achievement-based scholarship for Utah high-school graduates who complete advanced high-school coursework, FAFSA, and GPA requirements and use the award at eligible Utah colleges including Utah Tech University.",,res-ushe-opportunity-scholarship
Education,Start here,Utah System of Higher Education Utah FAFSA Help,Establish FAFSA application help and deadlines before searching through individual scholarships.,,res-ushe-utah-fafsa-help
Education,Additional options,Utah Tech University KidSpace Afterschool,"Keep as a further option after establishing the starting routes in Education: Utah Tech KidSpace grant-funded afterschool program at St. George and Hurricane elementary sites with literacy, STEM, social skills, nutrition, career-readiness, and supervised enrichment activities.",,res-utah-tech-kidspace-afterschool
Education,Additional options,Utah Tech University Southern Utah AHEC / Utah Health Scholars,"Keep as a further option after establishing the starting routes in Education: Southern Utah Area Health Education Center and Utah Health Scholars pathway at Utah Tech, offering health-career exposure, virtual job shadowing, community health talks, and health-professions training navigation.",,res-utah-tech-southern-utah-ahec-health-scholars
Education,Additional options,Utah Tech University Academic Performance Center tutoring,"Keep as a further option after establishing the starting routes in Education: Utah Tech Academic Performance Center offering free study-hall, one-on-one and online tutoring for Utah Tech students.",,res-utah-tech-academic-performance-center-tutoring
Education,Start here,Utah Tech University Adult Learner Admissions,Establish the local university adult-learner admissions route and discuss transferable credit and practical attendance options.,,res-utah-tech-adult-learner-admissions
Education,Additional options,Utah Tech University Atwood Innovation Plaza STEM Outreach Center and Makerspace,"Keep as a further option after establishing the starting routes in Education: Utah Tech Atwood Innovation Plaza community education access point with STEM Outreach Center programs, educator resources, STEM lending library, field trips, Makerspace machine trainings and community prototyping resources.",,res-utah-tech-atwood-innovation-plaza-stem-makerspace
Education,Additional options,Utah Tech University Business Resource Center / FutureReady Utah,"Keep as a further option after establishing the starting routes in Education: Utah Tech Business Resource Center / FutureReady Utah program offering no-cost business-leader education, workforce-development workshops, innovation guidance and personalized business support in Washington County and southwest….",,res-utah-tech-business-resource-center-futureready
Education,Important specialized help,Utah Tech University Career Services,"Review for this particular program or eligibility pathway: Utah Tech Career Services advising and Career Lab support for career exploration, major choice, resumes, Handshake/LinkedIn, assessments, internships, job shadowing, and job-search preparation for Utah Tech students, alumni, and….",,res-utah-tech-career-services
Education,Additional options,Utah Tech University Community Education and Certificate Programs,"Keep as a further option after establishing the starting routes in Education: Utah Tech Community Education public noncredit classes, certificate programs and motorcycle safety courses for personal enrichment, job skills and career advancement.",,res-utah-tech-community-education
Education,Important specialized help,Utah Tech University Concurrent Enrollment,"Review for this particular program or eligibility pathway: Utah Tech Concurrent Enrollment college-credit pathway for prepared high-school students taking courses at high schools, Utah Tech main campus, online/virtual or education-center locations.",,res-utah-tech-concurrent-enrollment
Education,Additional options,Utah Tech University Certified Nursing Assistant certificate,Keep as a further option after establishing the starting routes in Education: Utah Tech Health Sciences one-semester Certified Nursing Assistant certificate and clinical coursework preparing students age 16+ for Utah CNA certification and health-care employment pathways.,,res-utah-tech-cna-certificate
Education,Important specialized help,Utah Tech University Hurricane Education Center,"Review for this particular program or eligibility pathway: Utah Tech Hurricane Education Center satellite access point for southern Utah learners, offering academic courses, community education, concurrent enrollment, CNA, POST Academy, and testing services.",,res-utah-tech-hurricane-education-center
Education,Additional options,Utah Tech University Institute for Continued Learning,"Keep as a further option after establishing the starting routes in Education: Utah Tech Institute for Continued Learning membership-based lifelong-learning program with fall/spring noncredit classes, clubs, lectures, and registration support for adult community learners, especially retired and semi-retired….",,res-utah-tech-institute-for-continued-learning
Education,Additional options,Utah Tech University POST Academy at Hurricane Education Center,Keep as a further option after establishing the starting routes in Education: Utah Tech Peace Officer Standards and Training satellite academy offering Special Function Officer and Law Enforcement Officer training at the Hurricane Education Center.,,res-utah-tech-post-academy
Education,Important specialized help,Utah Tech University HB 144 affidavit for nonresident tuition waiver,Review for this particular program or eligibility pathway: Utah Tech HB 144 affidavit pathway for eligible undocumented/nonresident-alien students seeking waiver of nonresident tuition at Utah Tech.,,res-utah-tech-hb144-resident-tuition-affidavit
Education,Additional options,Utah Tech University T.H. Bell Education Scholarship,"Keep as a further option after establishing the starting routes in Education: Utah Tech-listed T.H. Bell Education Scholarship for students entering approved Utah teacher-preparation, speech-language pathology, or other licensed public-school disability-services programs.",,res-utah-tech-th-bell-education-scholarship
Education,Important specialized help,Utah Tech University Testing Center GED and professional exam access,"Review for this particular program or eligibility pathway: Local Utah Tech Testing Center access for GED testing and other education or credential exams, including placement, CLEP, BYU FLATS, POST, Praxis, Prometric and selected professional tests.",,res-utah-tech-testing-center-ged-professional-exams
Education,Important specialized help,Utah Tech University TRIO Educational Talent Search,"Review for this particular program or eligibility pathway: Federally funded TRIO Educational Talent Search program serving qualifying Washington County 8th-12th graders with free pre-college and trade-school advising, workshops, college tours, ACT support and financial-aid guidance.",,res-utah-tech-trio-educational-talent-search
Education,Important specialized help,Utah Tech University TRIO Student Support Services,"Review for this particular program or eligibility pathway: Federally funded TRIO Student Support Services program providing free academic advising, tutoring, academic skills, financial-aid planning, priority-registration support and transfer/degree-completion help for eligible Utah Tech….",,res-utah-tech-trio-student-support-services
Education,Important specialized help,Utah Tech University TRIO Upward Bound,"Review for this particular program or eligibility pathway: No-cost federally funded TRIO Upward Bound college-access program for eligible high-school students, with school-year advising, academic support, financial-aid help, college tours, and a summer campus program.",,res-utah-tech-trio-upward-bound
Education,Additional options,Utah Tech University Bridge Scholarship for Dixie Technical College alumni,Keep as a further option after establishing the starting routes in Education: One-time Utah Tech Bridge Scholarship for Dixie Technical College graduates transferring to Utah Tech and not receiving other institutional scholarships.,,res-utah-tech-bridge-scholarship-dixie-tech
Education,Start here,Utah Tech University Financial Aid and Scholarships Office,"Establish the university aid office as the starting point for coverage, applications and deadlines before individual awards.",,res-utah-tech-financial-aid-scholarships-office
Education,Important specialized help,Utah Tech University Higher Education for Incarcerated Youth (HEIY),Review for this particular program or eligibility pathway: Utah Tech Higher Education for Incarcerated Youth program delivering university courses and degree pathways to eligible youth in Utah juvenile justice facilities.,,res-utah-tech-heiy-incarcerated-youth
Education,Additional options,Utah Tech University Prior Learning Assessment,"Keep as a further option after establishing the starting routes in Education: Utah Tech Prior Learning Assessment pathway for matriculated students seeking college credit for qualifying transfer learning, military/ACE training, examinations or documented experiential learning.",,res-utah-tech-prior-learning-assessment
Education,Important specialized help,Utah Tech University Veteran and Military Services education-benefit certification and support,"Review for this particular program or eligibility pathway: Campus office helping Utah Tech veterans, service members, and military-connected family students use VA, DoD, and State of Utah education benefits and related enrollment supports.",,res-utah-tech-veteran-military-services-education-benefits
Education,Important specialized help,Utah Tech University English as a Second Language academic program,"Review for this particular program or eligibility pathway: Utah Tech academic English as a Second Language program preparing international students for U.S. university study through reading, listening, speaking, writing, academic-awareness instruction, and English proficiency certificate….",,res-utah-tech-esl-academic-english
Education,Additional options,Washington County Council on Aging St. George computer access and instruction,"Keep as a further option after establishing the starting routes in Education: Senior-center computer lab offering no-cost computer access, low-cost printing, and low-cost one-on-one computer or device instruction at the St. George Active Life Center.",,res-washington-county-coa-st-george-computer-access-instruction
Education,Start here,"Washington County Library St. George branch computer, learning, and MakerSpace access",Confirm local public computer/internet access and its charges; online applications depend on practical access to a device.,,res-washington-county-library-st-george-makerspace-learning-access
Education,Start here,Washington County School District Southwest Adult High School ESL classes,Establish public adult ESL enrollment and scheduling before narrower language programs.,,res-wcsd-southwest-adult-high-school-esl
Education,Start here,"Washington County School District Southwest Adult High School adult education, diploma, and GED preparation","Establish adult diploma/GED intake, age rules and current classes before additional training pathways.",,res-wcsd-southwest-adult-high-school-adult-education
Education,Additional options,Washington County School District Foundation Chelsi Petersen Memorial Scholarship,Keep as a further option after establishing the starting routes in Education: WCSD Foundation scholarship access for the Chelsi Petersen Memorial Scholarship for eligible graduating seniors from listed Washington County high schools.,,res-wcsd-foundation-chelsi-petersen-scholarship
Education,Start here,Washington County School District Special Education Department and transition services,Establish the district special-education and transition contact before separate school-linked programs.,,res-wcsd-special-education-department-transition-services
Education,Additional options,Washington County School District Career and Technical Education pathways,"Keep as a further option after establishing the starting routes in Education: Washington County School District secondary CTE system offering career clusters, sequenced pathways, internships/apprenticeships/capstones toward pathway completion, and transition to postsecondary education or employment.",,res-wcsd-career-technical-education-pathways
Education,Additional options,Washington County School District Dual Language Immersion,"Keep as a further option after establishing the starting routes in Education: WCSD Dual Language Immersion pathway for students learning academic content in English and a target language, with Chinese, Portuguese, and Spanish school tracks and lottery/waitlist entry.",,res-wcsd-dual-language-immersion
Education,Start here,Washington County School District Millcreek High School alternative completion pathway,Review the local alternative high-school completion route and referral rules for students poorly served by the standard path.,,res-wcsd-millcreek-high-school-alternative-completion
Education,Additional options,Washington County School District Career Tech High School,"Keep as a further option after establishing the starting routes in Education: Washington County School District public Career and Technical High School in St. George offering pathway-based grades 9-12 education in business, construction, culinary, education, engineering, graphic design, health science, and….",,res-wcsd-career-tech-high-school
Education,Important specialized help,Washington County School District Title VI Indian Education and Family Nights,Review for this particular program or eligibility pathway: WCSD Title VI / Indian Education contact and family-night access point for American Indian and Alaska Native students and families in the district.,,res-wcsd-title-vi-indian-education
Education,Important specialized help,Southwest Adult High School at Purgatory Correctional Facility,"Review for this particular program or eligibility pathway: Limited-access Southwest Adult High School education site at Washington County's Purgatory Correctional Facility, offering in-custody diploma, GED, ESL, online GED testing, video-based learning, and college-preparatory classes….",,res-swah-purgatory-correctional-facility-education
Education,Additional options,Zion Massage College massage therapy certificate programs,"Keep as a further option after establishing the starting routes in Education: Accredited St. George massage therapy career school offering 600-hour and 900-hour programs leading toward Utah massage therapy licensure, with admissions advising and financial-aid options.",,res-zion-massage-college-massage-therapy
Education,Additional options,Utah Department of Veterans and Military Affairs Accelerated Credentialing to Employment (ACE) Program,"Keep as a further option after establishing the starting routes in Education: Utah ACE pathway helping eligible veterans, military members, Guard/Reserve members, and spouses obtain civilian certificates, licenses, or short-term training connected to employment.",,res-udvma-ace-grant
Education,Additional options,John Volken Academy Utah residential vocational recovery school,"Keep as a further option after establishing the starting routes in Education: Long-term men's residential vocational recovery school in North Salt Lake with a multi-year therapeutic community, education, work, and recovery environment.",,res-john-volken-academy-utah
Education,Additional options,The Other Side Academy Utah residential reentry and therapeutic community,"Keep as a further option after establishing the starting routes in Education: Free long-term residential therapeutic community in Salt Lake City for people seeking major behavior change after incarceration, addiction, homelessness, or related instability, with work, life-skills, and vocational structure.",,res-other-side-academy-utah-reentry
Education,Important specialized help,Utah JJYS Adult Living for Transitional Achievement (ALTA),"Review for this particular program or eligibility pathway: Utah Juvenile Justice and Youth Services ALTA program providing temporary housing, reentry support, skills development, education, vocational training, clinical support, and transition planning for eligible youth returning from….",,res-jjys-alta
Education,Additional options,USU Extension Healthy Relationships Utah Fatherhood Education for Justice-Involved Fathers,Keep as a further option after establishing the starting routes in Education: USU Extension Healthy Relationships Utah fatherhood education course using InsideOut Dad curriculum for justice-involved Utah fathers preparing for release or involved with AP&P or community justice systems.,,res-usu-hru-justice-involved-fatherhood
Education,Additional options,Purgatory Correctional Facility Programming Unit / volunteer-assisted inmate programs,"Keep as a further option after establishing the starting routes in Education: In-custody Purgatory Correctional Facility programming access point using volunteer-assisted inmate programs such as mental-health, medical, religious, legal-assistance, library, tutoring, recreation, exercise, and treatment….",,res-purgatory-correctional-facility-programming-unit
Education,Additional options,Washington County Council on Aging St. George Active Life Center senior lunch and computer access,"Keep as a further option after establishing the starting routes in Education: St. George Active Life Center senior-center access point providing congregate lunch, daytime activities, health/wellness programming links, computer access, low-cost printing, computer instruction, and social connection for older….",,res-washington-county-coa-st-george-nutrition-program
Education,Important specialized help,English Skills Learning Center free citizenship preparation classes,Review for this particular program or eligibility pathway: Free USCIS-grant-supported citizenship-preparation classes for permanent residents preparing for the naturalization interview and exam.,,res-english-skills-learning-center-citizenship
Education,Important specialized help,USCIS Citizenship Resource Center and naturalization test study resources,Review for this particular program or eligibility pathway: Official USCIS and USAGov naturalization study and application resources for lawful permanent residents preparing for citizenship.,,res-uscis-citizenship-resource-center-study-test
Education,Important specialized help,Utah Citizenship Initiative / Utah Citizenship Hub,"Review for this particular program or eligibility pathway: Statewide Utah Citizenship Initiative hub connecting lawful permanent residents to naturalization information, eligibility screening, information sessions, classes, and legal-service partner resources.",,res-utah-goed-citizenship-hub
Education,Important specialized help,Utah Tech University Office of International Programs immigration guidance,"Review for this particular program or eligibility pathway: Local Utah Tech office providing immigration-status guidance and related student support for international students, including mandatory check-in, maintaining F-1/J-1 status, CPT/OPT employment guidance, and international-student….",,res-utah-tech-international-programs-immigration-guidance
Education,Important specialized help,Washington County School District K-12 ESL and Title III language-access support,"Review for this particular program or eligibility pathway: Washington County School District K-12 English learner and immigrant-student language-access pathway using Home Language Survey screening, WIDA assessment, ESL placement, parent notification, and primary-language support.",,res-wcsd-k12-esl-title-iii-language-access
Education,Important specialized help,Utah State Board of Education Special Education Dispute Resolution,"Review for this particular program or eligibility pathway: Official Utah State Board of Education special-education dispute-resolution pathway for IEP facilitation, mediation, IDEA state complaints, and due process hearings.",,res-usbe-special-education-dispute-resolution
Education,Additional options,Utah Tech University Office of International Programs arrival transportation and airport pickup,Keep as a further option after establishing the starting routes in Education: Utah Tech Office of International Programs arrival-transportation pathway that may provide airport pickup for newly arriving international students with advance notice.,,res-utah-tech-international-airport-pickup
Education,Additional options,Utah Tech University SunTran Partnership - free local transit with Utah Tech ID,"Keep as a further option after establishing the starting routes in Education: Utah Tech University partnership allowing students, faculty, and staff to ride City of St. George SunTran free with a Utah Tech ID card.",,res-utah-tech-suntran-partnership
Education,Additional options,T-Mobile Project 10Million student hotspot internet,"Keep as a further option after establishing the starting routes in Education: T-Mobile Project 10Million provides free hotspot internet access for eligible K-12 student households, subject to coverage, program rules, and annual data limits.",,res-t-mobile-project-10million
Education,Important specialized help,Dixie Technical College VA education-benefit certification and GI Bill / VR&E intake,"Review for this particular program or eligibility pathway: Dixie Technical College access point helping veterans, service members, and eligible dependents use GI Bill, VR&E, and related VA education benefits for local technical training.",,res-dixie-tech-veterans-benefits
Education,Additional options,Southern Utah University Veterans Resource and Support Center with hosted VSO access,"Keep as a further option after establishing the starting routes in Education: Southern Utah University veterans center supporting military-connected students and hosting VA-accredited Veteran Service Officer access for benefits, claims, appeals, and related veteran navigation.",,res-suu-veterans-resource-support-center
Education,Important specialized help,Utah Purple Heart Tuition Waiver,"Review for this particular program or eligibility pathway: State education benefit waiving tuition at Utah public higher-learning institutions for Purple Heart recipients, usable toward degrees up to and including a master's degree.",,res-utah-purple-heart-tuition-waiver
Education,Important specialized help,Scott Lundell Military Survivors Tuition Waiver,"Review for this particular program or eligibility pathway: Utah state-school tuition waiver for surviving dependents of service members killed in action on or after September 11, 2001.",,res-utah-scott-lundell-survivors-tuition-waiver
Education,Important specialized help,Utah Veterans Tuition Gap Program,Review for this particular program or eligibility pathway: State supplemental grant for qualifying Veterans attending Utah higher-education institutions after federal education benefits are exhausted or unavailable.,,res-utah-veterans-tuition-gap-program
Education,Important specialized help,Utah Veteran Business Resource Center military-connected entrepreneur advising and STRIVE,"Review for this particular program or eligibility pathway: State-backed business-resource center offering one-to-one advising, mentorship, business registry support, and STRIVE entrepreneurship training for Utah military-connected entrepreneurs.",,res-utah-vbrc-military-entrepreneurship
Employment,Additional options,"Chrysalis Utah St. George disability, behavioral-health, residential, and employment supports","Keep as a further option after establishing the starting routes in Employment: St. George intellectual-disability, autism, behavioral-health, residential, supported-living, employment, and authorized psychotherapy/support provider.",,res-chrysalis-st-george
Employment,Additional options,"RISE Services St. George child, adult, and aging-adult disability supports","Keep as a further option after establishing the starting routes in Employment: St. George disability services including youth after-school/summer programs, respite, supported living, host homes, professional parenting, employment, and behavior support.",,res-rise-services-st-george-child-youth-disability-supports
Employment,Additional options,"TURN Community Services St. George disability services, residential supports, educational day supports, supported employment, and embedded transportation","Keep as a further option after establishing the starting routes in Employment: TURN Community Services St. George disability-services provider for adults with intellectual/developmental disabilities, related conditions, or acquired brain injury, including day, residential, semi-independent living….",,res-turn-community-services-st-george-family-support-respite
Employment,Important specialized help,Utah DWS Family Employment Program (FEP) cash assistance and employment counseling,"Review for this particular program or eligibility pathway: Utah TANF-funded Family Employment Program cash assistance and employment-counselor support for eligible families with children, including St. George DWS application access, work/life-skills planning, and a child-support….",,res-utah-dws-family-employment-program
Employment,Important specialized help,"Futures Through Training Utah Farmworker Program employment, training, and basic-needs support","Review for this particular program or eligibility pathway: Statewide Utah Farmworker Program offering eligible farmworkers and family members training, job readiness, job placement, career services, and related assistance such as emergency clothes, shoes, toiletries, transportation, and….",,res-futures-through-training-farmworker-basic-needs
Employment,Start here,"Utah DWS St. George career, education, and supportive services",Establish the public workforce intake and eligibility for training/supportive services before individual job-training alternatives.,,res-utah-dws-st-george-work-clothing-supportive-services
Employment,Start here,"Utah State Office of Rehabilitation Vocational Rehabilitation - St. George employment, training, restoration, and transportation supports",Establish vocational rehabilitation intake before selecting disability employment providers or requesting funded supports.,,res-usor-vr-st-george-employment-supports
Employment,Additional options,"Danville Services of Utah St. George disability residential, employment, and community supports","Keep as a further option after establishing the starting routes in Employment: Utah disability-services provider with a St. George regional office serving Iron and Washington Counties, offering individualized residential programs plus employment and community-integration services.",,res-danville-services-utah-st-george
Employment,Start here,Deseret Industries St. George job training and development program,"Clarify the local job-training entry point and referral requirements, including how participation connects to employment.",,res-deseret-industries-st-george-job-training
Employment,Start here,Easterseals-Goodwill Northern Rocky Mountain SCSEP - St. George,Review the older-worker employment pathway separately from general job placement; age and income rules matter.,,res-easterseals-goodwill-scsep-st-george
Employment,Additional options,Jeanetta's Job Coaching USOR-approved Community Rehabilitation Program,Keep as a further option after establishing the starting routes in Employment: USOR-approved Community Rehabilitation Program provider listed for Washington County supported-employment services.,,res-jeanettas-job-coaching-crp
Employment,Additional options,North Eastern Services Utah St. George developmental-disability supports,"Keep as a further option after establishing the starting routes in Employment: St. George developmental-disability services provider offering residential services, day services, host home/professional parent, supported living, behavior consultation, and vocational rehabilitation supports.",,res-north-eastern-services-st-george
Employment,Additional options,OPPO / ALLIES Supported Employment - Washington County CRP coverage,"Keep as a further option after establishing the starting routes in Employment: OPPO/ALLIES supported-employment provider offering job exploration, applications/interview help, job coaching, on-shift support, and ongoing employment support for people with disabilities, with USOR CRP coverage that includes….",,res-oppo-allies-supported-employment
Employment,Start here,"Southwest Behavioral Health Center Elev8 Clubhouse, adult skills, education support, and supported employment",Review the mental-health-linked employment/skills pathway for people who need support beyond ordinary job placement.,,res-sbhc-elev8-clubhouse-adult-skills-supported-employment
Employment,Additional options,TechieForLife / NeuroDev Mentoring Belong to Become program,"Keep as a further option after establishing the starting routes in Employment: Private St. George mentoring, vocational-school, and college-living program for autistic and neurodivergent young adults working toward independent living, education, and career goals.",,res-techieforlife-neurodev-mentoring-st-george
Employment,Important specialized help,Utah Center for Assistive Technology (UCAT) evaluations and device trials,"Review for this particular program or eligibility pathway: Statewide Utah Center for Assistive Technology program offering free assistive-technology consultations/evaluations, custom device design and modification, seating/positioning help, accessibility assessments, referrals, and….",,res-ucat-assistive-technology-evaluations
Employment,Important specialized help,Utah DSPD Acquired Brain Injury Waiver,Review for this particular program or eligibility pathway: Utah DSPD Medicaid HCBS waiver for adults with qualifying acquired brain injury who need nursing-facility level of care and community-based supports.,,res-utah-dspd-acquired-brain-injury-waiver
Employment,Important specialized help,Utah Medicaid Employment-related Personal Assistant Services (EPAS),Review for this particular program or eligibility pathway: Utah Medicaid Employment-related Personal Assistant Services for working Medicaid members with disabilities who need self-directed personal assistance to maintain integrated competitive employment.,,res-utah-medicaid-epas
Employment,Important specialized help,Utah Medicaid Work Incentive Program (MWI),Review for this particular program or eligibility pathway: Utah Medicaid Work Incentive buy-in coverage for working people who meet Social Security disability criteria and have earned income within program limits.,,res-utah-medicaid-work-incentive-program
Employment,Start here,"Utah DSBVI St. George vocational rehabilitation, blind services, and skills training",Establish the local blind/low-vision employment and rehabilitation access route separately from general vocational services.,,res-utah-dsbvi-st-george-vocational-rehabilitation
Employment,Additional options,"Utah DSDHH Southern Utah Program / Southern Center case management, benefits access, classes, and senior events","Keep as a further option after establishing the starting routes in Employment: State Division of Services of the Deaf and Hard of Hearing Southern Utah Program/Southern Center offering free St. George case management, benefits navigation, housing-application help, employment support, classes….",,res-utah-dsdhh-southern-center-case-management
Employment,Important specialized help,Utah Labor Commission UALD employment and fair-housing discrimination complaints,"Review for this particular program or eligibility pathway: Utah Labor Commission Antidiscrimination and Labor Division administrative complaint process for covered employment discrimination and fair-housing discrimination, including online intake questionnaires, investigation routing….",,res-utah-labor-commission-uald-disability-discrimination
Employment,Important specialized help,Utah State Office of Rehabilitation Ticket to Work and Choose to Work,"Review for this particular program or eligibility pathway: USOR Ticket to Work and Choose to Work pathway helping SSI/SSDI beneficiaries and VR clients with disabilities test work, prepare for job search, connect with placement help, and receive job-retention supports.",,res-usor-ticket-to-work-choose-to-work
Employment,Start here,Utah State Office of Rehabilitation Pre-Employment Transition Services,Review school-to-work transition supports early because eligibility and referral timing are age-sensitive.,,res-usor-pre-employment-transition-services
Employment,Important specialized help,Utah State Office of Rehabilitation Supported Employment Services,"Review for this particular program or eligibility pathway: USOR supported-employment pathway for people with the most significant disabilities who need support to find, learn and keep competitive integrated employment.",,res-usor-supported-employment-services
Employment,Start here,Utah Work Incentive Planning Services (UWIPS),Establish benefits counseling before a person changes work or earnings and unintentionally disrupts needed benefits.,,res-usor-utah-work-incentive-planning-services
Employment,Additional options,Utah DSBVI Business Enterprise Program,Keep as a further option after establishing the starting routes in Employment: DSBVI Randolph-Sheppard Business Enterprise Program training and licensing pathway for legally blind Utahns to operate food-service businesses in government facilities.,,res-utah-dsbvi-business-enterprise-program
Employment,Additional options,AgrAbility of Utah,"Keep as a further option after establishing the starting routes in Employment: USU Extension and Roads to Independence program helping Utah farmers, ranchers, and farm family members with disabilities, injury, illness, aging-related limitations, or chronic conditions remain active in agriculture.",,res-usu-extension-agrability-utah
Employment,Important specialized help,Utah Tech University UT Elevated,"Review for this particular program or eligibility pathway: Inclusive Utah Tech postsecondary program for admitted students ages 18-28 with mild to moderate intellectual and/or developmental disabilities, combining college participation, support staff, campus life and career readiness.",,res-utah-tech-ut-elevated
Employment,Additional options,Vista Care Utah DSPD-funded home and community disability supports,"Keep as a further option after establishing the starting routes in Employment: DSPD-contracted Utah provider offering home- and community-based disability supports such as host home/shared living, day services, supportive home care, supported employment, supported living, respite, companion, and personal….",,res-vista-care-utah-dspd-supports
Employment,Important specialized help,Washington County School District Post High Transition Program,"Review for this particular program or eligibility pathway: WCSD community-based transition program providing special education services for eligible students with disabilities as they prepare for independence, employment, community participation, and adult living.",,res-wcsd-post-high-transition-program
Employment,Additional options,"AGC of Utah St. George contractor pre-licensure, flagger, and traffic-control training","Keep as a further option after establishing the starting routes in Employment: AGC of Utah Southern Utah training center offering St. George contractor pre-licensure, business-law test preparation, flagger certification, and traffic-control technician/supervisor classes relevant to construction employment….",,res-agc-utah-contractor-prelicensure-ce-stgeorge
Employment,Additional options,City of St. George Firefighter Recruit Academy,Keep as a further option after establishing the starting routes in Employment: City fire department reserve/part-time recruit academy pathway that provides required firefighter and hazardous-materials certifications to selected applicants.,,res-stgeorge-firefighter-recruit-academy
Employment,Additional options,City of St. George Recreation First Aid / CPR / AED certification course,Keep as a further option after establishing the starting routes in Employment: City recreation American Red Cross Adult and Pediatric First Aid/CPR/AED blended certification course.,,res-stgeorge-rec-first-aid-cpr-aed
Employment,Start here,Dixie Technical College accredited career training programs,"Establish the local technical-college training intake and how to explore costs, aid and suitable programs.",,res-dixie-tech-career-training
Employment,Additional options,Dixie Technical College Custom Fit employer training,"Keep as a further option after establishing the starting routes in Employment: State-funded employer-mediated workforce training program housed at Dixie Tech, helping qualifying Washington County businesses train current employees with partial reimbursement.",,res-dixie-tech-custom-fit
Employment,Start here,Job Corps MyJobCorps admissions and Clearfield Job Corps Center,Review the residential youth job-training application route and its age/eligibility rules; it differs from local short courses.,,res-job-corps-utah-clearfield-admissions
Employment,Additional options,SCORE Utah free small-business mentoring and workshops,"Keep as a further option after establishing the starting routes in Employment: SBA resource partner providing free confidential small-business mentoring plus free or low-cost workshops, webinars, on-demand courses, and business templates for Utah entrepreneurs, including St. George-area users.",,res-score-utah-business-mentoring-workshops
Employment,Additional options,Southern Utah University Community and Workforce Development professional development,"Keep as a further option after establishing the starting routes in Employment: SUU Community and Workforce Development offers flexible adult professional-development courses, industry-recognized certificates, microcredentials, and workforce skill-building programs, many available online for St. George….",,res-suu-community-workforce-development
Employment,Additional options,Suazo Business Center St. George bilingual business education and advising,"Keep as a further option after establishing the starting routes in Employment: Culturally responsive nonprofit business center offering bilingual entrepreneurship education, one-on-one advising, workshops, registration/licensing help, business planning, marketing, HR, financial health, and capital-readiness….",,res-suazo-business-center-st-george
Employment,Additional options,Switchpoint Thrift Store and Switchpoint Industries workforce training,"Keep as a further option after establishing the starting routes in Employment: Switchpoint social-enterprise workforce pathway anchored by the St. George thrift store's 8-week job-training program and Switchpoint Industries partnerships for certified workforce training, job placement, and employer….",,res-switchpoint-thrift-store-job-training
Employment,Additional options,"Tech-Moms St. George technology skills, foundational cohort, and career transition","Keep as a further option after establishing the starting routes in Employment: Tech-Moms technology-skills and career-transition pathway including a nine-week St. George foundational cohort at Utah Tech, online/rural options, alumni technical training, career relaunch content, and a coming Digital Literacy….",,res-tech-moms-st-george-technology-skills
Employment,Additional options,The Church of Jesus Christ of Latter-day Saints Self-Reliance Courses,"Keep as a further option after establishing the starting routes in Employment: Free Church of Jesus Christ self-reliance courses in small-group or individual format, including Education for Better Work, Find a Better Job, Starting and Growing My Business, and Personal Finances.",,res-lds-self-reliance-courses
Employment,Important specialized help,Utah DCFS Education Training Voucher and foster-youth education/employment transition support,"Review for this particular program or eligibility pathway: Utah DCFS Education Training Voucher and transition-to-adult-living education/employment supports for qualifying youth transitioning out of foster care, including tuition, books, mentoring, support services, skill development….",,res-utah-dcfs-education-training-voucher
Employment,Start here,Utah DWS SNAP Employment and Training (E&T),"Establish employment/training help connected to SNAP, while confirming participation and benefit rules.",,res-utah-dws-snap-employment-training
Employment,Start here,Utah DWS WIOA Youth Program,Establish the youth workforce-program intake and age/eligibility boundaries before narrower training options.,,res-utah-dws-wioa-youth-program
Employment,Additional options,Utah Electrical Training Alliance Inside Wireman Apprenticeship,"Keep as a further option after establishing the starting routes in Employment: IBEW Local 354 / NECA Utah Electrical Training Alliance Inside Wireman registered apprenticeship with paid on-the-job training, classroom instruction, labs, benefits, and a path to Utah journeyman electrician certification.",,res-utah-electrical-training-alliance-inside-wireman
Employment,Additional options,UPHCA Academy online plumbing and mechanical trades training,"Keep as a further option after establishing the starting routes in Employment: Utah Plumbing and Heating Contractors Association Academy statewide trade-training pathway with mostly online plumbing apprenticeship coursework, HVACR/mechanical training, hydronics, backflow, journeyman exam preparation and….",,res-uphca-apprenticeship-academy
Employment,Start here,Utah SBDC St. George business counseling and entrepreneur training,Establish the local small-business counseling entry point before fee-based or narrower entrepreneurial courses.,,res-utah-sbdc-st-george-business-training
Employment,Additional options,USU Extension Rural Online Initiative Certified Remote Work Professional,"Keep as a further option after establishing the starting routes in Employment: USU Extension Rural Online Initiative Certified Remote Work Professional course teaching remote-work, digital communication, online job-search, and virtual-team skills for Utah residents, with reduced Washington County pricing.",,res-usu-rural-online-remote-work-certificate
Employment,Additional options,Utah Tech University Career Services,"Keep as a further option after establishing the starting routes in Employment: Utah Tech Career Services advising and Career Lab support for career exploration, major choice, resumes, Handshake/LinkedIn, assessments, internships, job shadowing, and job-search preparation for Utah Tech students, alumni, and….",,res-utah-tech-career-services
Employment,Additional options,Washington County School District Southwest Adult High School ESL classes,"Keep as a further option after establishing the starting routes in Employment: Evening English as a Second Language classes at Southwest Adult High School with walk-in registration, forms, pre-class assessment, and level placement for adults improving English skills for work, daily life, and immigrant….",,res-wcsd-southwest-adult-high-school-esl
Employment,Start here,"Washington County School District Southwest Adult High School adult education, diploma, and GED preparation","Establish adult diploma/GED intake, age rules and current classes before additional training pathways.",,res-wcsd-southwest-adult-high-school-adult-education
Employment,Additional options,Washington County School District Career and Technical Education pathways,"Keep as a further option after establishing the starting routes in Employment: Washington County School District secondary CTE system offering career clusters, sequenced pathways, internships/apprenticeships/capstones toward pathway completion, and transition to postsecondary education or employment.",,res-wcsd-career-technical-education-pathways
Employment,Additional options,Ascend Staffing St. George temporary and temp-to-hire staffing,"Keep as a further option after establishing the starting routes in Employment: Local commercial staffing branch connecting St. George job seekers with temporary, temp-to-hire, and skilled workforce assignments through recruiter contact, Quick Apply, and job search.",,res-ascend-st-george-staffing
Employment,Additional options,Elwood Staffing St. George staffing and job-seeker intake,"Keep as a further option after establishing the starting routes in Employment: Local Elwood Staffing branch providing job-search, apply-now, recruiter call/text, and staffing intake for St. George job seekers.",,res-elwood-st-george-staffing
Employment,Additional options,Express Employment Professionals Saint George job placement,"Keep as a further option after establishing the starting routes in Employment: Local Express Employment Professionals office offering no-fee job-seeker application, job search, recruiter matching, and placement support for temporary, part-time, and full-time work.",,res-express-employment-st-george
Employment,Start here,"Five County AOG Community Action Partnership Employment Support, bus passes, vouchers, and document assistance","Establish practical employment barriers support—documents, fare and vouchers—alongside job search and training.",,res-five-county-cap-employment-support
Employment,Additional options,"Nexeo HR St. George temp, temp-to-hire, and direct-hire staffing","Keep as a further option after establishing the starting routes in Employment: Commercial staffing and recruiting pathway for St. George-area job seekers, with online application, recruiter interview, onboarding, job search, weekly pay, and eligible employee benefits.",,res-nexeo-hr-st-george-staffing
Employment,Additional options,PeopleReady St. George temporary and shift-work staffing,"Keep as a further option after establishing the starting routes in Employment: PeopleReady temporary and on-demand staffing access for St. George job seekers through the JobStack app, online jobs, and local branch contact.",,res-peopleready-st-george-staffing
Employment,Additional options,Southwest Behavioral Health Center Southwest Employment Services,"Keep as a further option after establishing the starting routes in Employment: Southwest Behavioral Health Center employment-services team providing supported employment, rapid job search, resume/interview help, benefits navigation, work-incentive planning, and long-term employment support for people with….",,res-sbhc-southwest-employment-services
Employment,Start here,The Church of Jesus Christ of Latter-day Saints St. George Employment Services,Clarify the local church employment-service connection and what help a job seeker can access directly.,,res-lds-employment-services-st-george
Employment,Important specialized help,U.S. Department of Veterans Affairs Veteran Readiness and Employment (VR&E / Chapter 31),"Review for this particular program or eligibility pathway: Federal VA Veteran Readiness and Employment Chapter 31 pathway for eligible veterans and service members with service-connected disabilities, including counselor assessment, rehabilitation planning, job placement, training….",,res-va-vre-chapter31
Employment,Additional options,UCP Staffing St. George construction and skilled-trades staffing,"Keep as a further option after establishing the starting routes in Employment: Local UCP Staffing office placing job seekers in construction, skilled-trades, industrial, warehouse, and related temporary or temp-to-hire work through online application, job search, phone, or office contact.",,res-ucp-staffing-st-george
Employment,Start here,Utah DWS Federal Bonding Program,Review the bonding pathway for job seekers facing background-related barriers; this adds a distinct employer-facing tool.,,res-utah-dws-federal-bonding-program
Employment,Start here,Utah DWS Veteran and Military Employment Services,Establish the veteran-specific workforce contact and how it connects to the ordinary DWS employment services.,,res-utah-dws-veteran-military-employment-services
Employment,Additional options,Utah Department of Veterans and Military Affairs Accelerated Credentialing to Employment (ACE) Program,"Keep as a further option after establishing the starting routes in Employment: Utah ACE pathway helping eligible veterans, military members, Guard/Reserve members, and spouses obtain civilian certificates, licenses, or short-term training connected to employment.",,res-udvma-ace-grant
Employment,Start here,Utah DWS Unemployment Insurance,Establish unemployment claim access and deadlines early; benefit claims and job placement are separate tasks.,,res-utah-dws-unemployment-insurance
Employment,Additional options,John Volken Academy Utah residential vocational recovery school,"Keep as a further option after establishing the starting routes in Employment: Long-term men's residential vocational recovery school in North Salt Lake with a multi-year therapeutic community, education, work, and recovery environment.",,res-john-volken-academy-utah
Employment,Additional options,The Other Side Academy Utah residential reentry and therapeutic community,"Keep as a further option after establishing the starting routes in Employment: Free long-term residential therapeutic community in Salt Lake City for people seeking major behavior change after incarceration, addiction, homelessness, or related instability, with work, life-skills, and vocational structure.",,res-other-side-academy-utah-reentry
Employment,Important specialized help,Utah Department of Corrections Workforce Development / The Hive,"Review for this particular program or eligibility pathway: Utah Department of Corrections workforce-development and The Hive pathway connecting justice-involved talent, AP&P, DWS, employers, educators, chambers, and community partners for fair-chance hiring and career support.",,res-udc-workforce-development-hive
Employment,Important specialized help,Utah DOPL Application for Criminal History Determination,Review for this particular program or eligibility pathway: State occupational-licensing pathway allowing non-licensed applicants with criminal history to request a written determination before applying for a specific DOPL license.,,res-dopl-criminal-history-determination
Employment,Important specialized help,Utah JJYS Adult Living for Transitional Achievement (ALTA),"Review for this particular program or eligibility pathway: Utah Juvenile Justice and Youth Services ALTA program providing temporary housing, reentry support, skills development, education, vocational training, clinical support, and transition planning for eligible youth returning from….",,res-jjys-alta
Employment,Important specialized help,Pathway for Immigrant Workers Pathways to Permanence,Review for this particular program or eligibility pathway: National nonprofit helping low-wage immigrant workers and employers explore lawful permanent residency through employer sponsorship and PERM labor certification.,,res-pathway-immigrant-workers
Employment,Important specialized help,Utah Tech University Office of International Programs immigration guidance,"Review for this particular program or eligibility pathway: Local Utah Tech office providing immigration-status guidance and related student support for international students, including mandatory check-in, maintaining F-1/J-1 status, CPT/OPT employment guidance, and international-student….",,res-utah-tech-international-programs-immigration-guidance
Employment,Important specialized help,Utah Department of Workforce Services Division of Adjudication and Appeals,"Review for this particular program or eligibility pathway: Utah Department of Workforce Services Division of Adjudication and Appeals process for unemployment insurance, public assistance, and training-service appeals, with impartial administrative-law-judge hearings and further appeal….",,res-utah-dws-adjudication-appeals
Employment,Additional options,Utah Tech University SunTran Partnership - free local transit with Utah Tech ID,"Keep as a further option after establishing the starting routes in Employment: Utah Tech University partnership allowing students, faculty, and staff to ride City of St. George SunTran free with a Utah Tech ID card.",,res-utah-tech-suntran-partnership
Employment,Additional options,Utah Veteran Business Resource Center military-connected entrepreneur advising and STRIVE,"Keep as a further option after establishing the starting routes in Employment: State-backed business-resource center offering one-to-one advising, mentorship, business registry support, and STRIVE entrepreneurship training for Utah military-connected entrepreneurs.",,res-utah-vbrc-military-entrepreneurship
Financial Assistance,Important specialized help,Paiute Indian Tribe of Utah Family Services and FourPoints family support,"Review for this particular program or eligibility pathway: Paiute Indian Tribe of Utah Family Services and FourPoints Health pathway for eligible Tribal families and community patients, including domestic-violence advocacy/support, Indian child welfare coordination, vulnerable….",,res-pitu-family-services-child-care-crisis
Financial Assistance,Additional options,"Switchpoint Community Resource Center shelter, meals, case management, transportation assistance, mental-health support, coordinated entry, ID-recovery help, and veteran homeless-service linkage","Keep as a further option after establishing the starting routes in Financial Assistance: Switchpoint St. George Community Resource Center emergency shelter and case-management campus with meals, individualized case management, coordinated-entry access, housing-stability support, mental-health/support-service….",,res-switchpoint-family-emergency-shelter
Financial Assistance,Additional options,"The Salvation Army St. George Outpost food, fuel-voucher, transportation, and family assistance","Keep as a further option after establishing the starting routes in Financial Assistance: Local Salvation Army outpost serving the St. George/Washington area with food boxes, emergency fuel vouchers, one-time safe-destination transportation help, school-supply assistance, and limited transportation-related assistance….",,res-salvation-army-st-george-outpost-family-food-child-assistance
Financial Assistance,Start here,Utah DWS Family Employment Program (FEP) cash assistance and employment counseling,"Establish the family cash-assistance and employment-support route, with its household and participation rules.",,res-utah-dws-family-employment-program
Financial Assistance,Important specialized help,Utah DWS Child Care Assistance Program with Care About Childcare - Five County navigation,"Review for this particular program or eligibility pathway: Utah child care subsidy program helping eligible parents pay approved child care providers while parents work or meet qualifying activities, with Care About Childcare - Five County as a local provider-search and….",,res-utah-dws-child-care-assistance
Financial Assistance,Start here,Utah Legal Services St. George civil legal aid and limited immigration citizenship help,Establish the local civil legal-aid screening route before specialist or fee-based alternatives.,,res-utah-legal-services-st-george-family-benefits
Financial Assistance,Important specialized help,Utah Office of Recovery Services Child Support Services - St. George office,"Review for this particular program or eligibility pathway: Utah Office of Recovery Services child-support program with St. George office access, including child-support application, paternity establishment, support and medical-support orders, enforcement, payment processing, and….",,res-utah-ors-child-support-services
Financial Assistance,Start here,"Five County AOG Community Action Partnership coordinated entry, rapid rehousing, diversion, utility deposits, and housing assistance",Establish coordinated entry and community-action screening early; several housing and basic-needs pathways depend on that intake.,"What is the current coordinated-entry process, and which assistance funds or placements are accepting referrals?",res-five-county-cap-rapid-rehousing-toolkits
Financial Assistance,Additional options,Five County AOG Weatherization Assistance Program,"Keep as a further option after establishing the starting routes in Financial Assistance: Federally funded Weatherization Assistance Program administered by Five County AOG for Washington County homes, providing energy-efficiency and safety improvements such as insulation, air sealing, heating-system work, minor….",,res-five-county-aog-weatherization-assistance
Financial Assistance,Important specialized help,"Holding Out HELP Southern Utah transition, housing-resource, therapy, and basic-needs support","Review for this particular program or eligibility pathway: Population-specific transition, case-management, therapy, housing-resource, emergency-support, and basic-needs pathway for individuals and families from polygamous or high-control community backgrounds, including Southern Utah….",,res-holding-out-help-southern-utah-basic-needs
Financial Assistance,Important specialized help,Manos Amigas Utah Southern Utah immigrant detention/deportation support and emergency aid,"Review for this particular program or eligibility pathway: Southern Utah volunteer mutual-aid program helping detained/deported immigrants and separated families with detention phone funds, deportation-system navigation, emergency aid, groceries, baby supplies, household essentials….",,res-manos-amigas-utah-emergency-basic-needs
Financial Assistance,Important specialized help,American Legion Temporary Financial Assistance for children's basic needs - Post 90 access,"Review for this particular program or eligibility pathway: American Legion Temporary Financial Assistance access through Lester Keate Post 90/Department of Utah for eligible military or Legion-member households with minor children, including utilities and children's basic needs after….",,res-american-legion-tfa-children-basic-needs
Financial Assistance,Start here,The Church of Jesus Christ bishop-referred fast-offering and storehouse assistance,Establish the bishop-referral and authorization route so assistance is not presented as unrestricted walk-in aid.,,res-lds-bishops-storehouse-st-george-basic-goods
Financial Assistance,Important specialized help,Utah Office for Victims of Crime victim compensation for crime-related expenses,"Review for this particular program or eligibility pathway: Statewide Utah crime-victim compensation pathway that can reimburse or pay approved crime-related expenses, including medical care, counseling, lost wages, funeral costs, relocation, and essential personal property in qualifying….",,res-uovc-crime-victim-compensation-property-relocation
Financial Assistance,Start here,"Five County Area Agency on Aging Benefits Access, SHIP, and SMP",Establish the local benefits/Medicare counseling route before reviewing individual coverage and bill-assistance programs.,,res-five-county-aaa-benefits-access-ship-smp
Financial Assistance,Start here,"Social Security benefits, retirement, SSI, Medicare, Extra Help, appeals, and Saint George office access",Establish Social Security/SSI benefits and office/document access early; many other applications depend on this connection.,,res-social-security-disability-benefits-st-george-access
Financial Assistance,Important specialized help,"St. George Housing Authority housing, rental-assistance inquiry, and homeless document-verification access","Review for this particular program or eligibility pathway: Local public housing authority administering St. George/Washington County Housing Choice Vouchers, low-income rental information, Dixie Sun Manor age-62+ public housing, limited emergency rental/mortgage assistance, HUD-covered….",,res-st-george-housing-authority-section-8-public-housing
Financial Assistance,Additional options,Tender Mercies disability grants and assistance,"Keep as a further option after establishing the starting routes in Financial Assistance: St. George-based nonprofit describing interim assistance, grants, and provider-partnership support for disabled individuals and families in Southern Utah/Southern Nevada.",,res-tender-mercies-disability-grants
Financial Assistance,Important specialized help,AbilityIS Work Activity Center Pooled Trust,Review for this particular program or eligibility pathway: Ability Inclusion Services nonprofit pooled special-needs trust for Utah residents with diagnosed intellectual or developmental disabilities.,,res-abilityis-work-activity-center-pooled-trust
Financial Assistance,Important specialized help,TURN Community Services Utah Pooled Trust,Review for this particular program or eligibility pathway: TURN Community Services statewide Utah Pooled Trust for people with disabilities who need to preserve public-benefit eligibility while using assets for supplemental needs.,,res-turn-utah-pooled-trust
Financial Assistance,Important specialized help,USDA Section 504 Home Repair Loans and Grants - Utah rural access,"Review for this particular program or eligibility pathway: USDA Rural Development Section 504 Home Repair loans and grants for eligible rural homeowners, usable for health, safety, accessibility, and home-repair needs, including grants for homeowners age 62+ who cannot repay a loan.",,res-usda-section-504-home-repair-loans-grants-utah
Financial Assistance,Important specialized help,VA adapted-housing and HISA home-modification grants,"Review for this particular program or eligibility pathway: VA disability-related home-modification benefits for eligible veterans and service members, including SAH/SHA adapted-housing grants and HISA medically necessary structural alterations.",,res-va-disability-housing-hisa-sah-sha-grants
Financial Assistance,Important specialized help,Utah Medicaid Work Incentive Program (MWI),Review for this particular program or eligibility pathway: Utah Medicaid Work Incentive buy-in coverage for working people who meet Social Security disability criteria and have earned income within program limits.,,res-utah-medicaid-work-incentive-program
Financial Assistance,Important specialized help,Utah Brain Injury and Spinal Cord Injury Fund,"Review for this particular program or eligibility pathway: Utah DHHS Violence and Injury Prevention Program fund and coaching pathway for brain injury, spinal cord injury, and non-progressive neurological condition resource facilitation, neuropsychological testing, rehabilitation….",,res-utah-brain-injury-spinal-cord-injury-fund
Financial Assistance,Start here,Utah Department of Veterans and Military Affairs Southern Utah VSOs and DD-214 archive access,Establish a Southern Utah veterans service officer connection to help navigate multiple benefits and documentation programs.,,res-udvma-southern-utah-vso-claims
Financial Assistance,Important specialized help,"Utah DSDHH Southern Utah Program / Southern Center case management, benefits access, classes, and senior events","Review for this particular program or eligibility pathway: State Division of Services of the Deaf and Hard of Hearing Southern Utah Program/Southern Center offering free St. George case management, benefits navigation, housing-application help, employment support, classes….",,res-utah-dsdhh-southern-center-case-management
Financial Assistance,Important specialized help,Utah Work Incentive Planning Services (UWIPS),"Review for this particular program or eligibility pathway: Free USOR benefits-planning service explaining how work affects Social Security disability, Medicaid, Medicare, SNAP, housing and other benefits for current SSI/SSDI beneficiaries.",,res-usor-utah-work-incentive-planning-services
Financial Assistance,Important specialized help,Washington County property tax relief programs,"Review for this particular program or eligibility pathway: Washington County Auditor property-tax relief programs for qualifying primary-property owners, including blind, disabled-veteran, deployed-military, senior/widow, disability, extreme-hardship, abatement, credit, exemption, and….",,res-washington-county-property-tax-relief-disability
Financial Assistance,Important specialized help,Fight Against Domestic Violence Flex Fund,"Review for this particular program or eligibility pathway: Statewide Utah survivor financial-assistance program providing up to $1,000 in flexible stabilization help for domestic-violence survivors working through advocates or case managers.",,res-fadv-flex-fund
Financial Assistance,Important specialized help,Fight Against Domestic Violence Housing First,"Review for this particular program or eligibility pathway: Statewide Utah domestic-violence survivor housing fund covering security deposits, application and background-check fees, rental and utility assistance, home repairs, mortgage assistance, and related housing barriers through….",,res-fadv-housing-first
Financial Assistance,Important specialized help,FreeFrom survivor financial safety programs,"Review for this particular program or eligibility pathway: National survivor-led financial-safety programs for survivors of gender-based violence, including flexible cash assistance, savings matching, financial coaching, and online survivor financial resources when cohorts are open.",,res-freefrom-survivor-financial-safety
Financial Assistance,Important specialized help,AARP Foundation Tax-Aide free tax preparation,"Review for this particular program or eligibility pathway: Free seasonal tax preparation and filing help from IRS-certified AARP Foundation Tax-Aide volunteers, with special focus on taxpayers over 50 and people with low to moderate income.",,res-aarp-foundation-tax-aide
Financial Assistance,Important specialized help,Enbridge Gas Utah Energy Assistance Credit,Review for this particular program or eligibility pathway: One-time Enbridge Gas Utah Energy Assistance Credit for HEAT-qualified gas customers whose HEAT benefit is applied to Enbridge Gas.,,res-enbridge-energy-assistance-credit
Financial Assistance,Important specialized help,Enbridge Gas Utah REACH Residential Energy Assistance through Community Help,Review for this particular program or eligibility pathway: Supplemental Enbridge Gas Utah REACH credit administered by The Salvation Army for eligible HEAT-approved customers with a past-due gas account.,,res-enbridge-reach
Financial Assistance,Start here,Family Healthcare sliding fee scale and prescription discounts,Clarify the local clinic's income-based discounts and prescription assistance before assuming care is affordable.,,res-family-healthcare-sliding-fee-discounts
Financial Assistance,Start here,Five County Association of Governments HEAT energy assistance and shutoff protection,Establish local HEAT application and shutoff-related assistance timing before individual utility credits or rebates.,,res-five-county-heat
Financial Assistance,Start here,Homeless Veterans Fellowship Supportive Services for Veteran Families (SSVF),Establish the veteran-family homelessness prevention/rehousing route and local referral connection.,,res-homeless-veterans-fellowship-ssvf
Financial Assistance,Start here,"Intermountain Health financial assistance for Utah, Idaho, and Nevada patients",Review the hospital financial-assistance application early; unpaid medical bills may have a formal assistance route.,,res-intermountain-financial-assistance-ut-id-nv
Financial Assistance,Additional options,Jewish Family Service of Utah Financial Assistance / Safety Net Program,"Keep as a further option after establishing the starting routes in Financial Assistance: Jewish Family Service of Utah emergency financial assistance/Safety Net Program for eligible Utah residents facing urgent needs such as rent, utilities, healthcare, transportation, or other crisis expenses.",,res-jfs-utah-financial-assistance
Financial Assistance,Start here,Money Fit nonprofit credit counseling and debt management counseling,"Establish a nonprofit debt/credit counseling entry point, including fees and limits, before considering financing products.",,res-money-fit-credit-debt-counseling
Financial Assistance,Additional options,Money Management International free foreclosure-prevention counseling,"Keep as a further option after establishing the starting routes in Financial Assistance: Free foreclosure-prevention counseling from Money Management International for homeowners worried about current or future mortgage delinquency, plus related nonprofit financial counseling options.",,res-money-management-international-foreclosure-counseling
Financial Assistance,Important specialized help,Social Security Extra Help for Medicare Part D prescription costs,"Review for this particular program or eligibility pathway: Federal Extra Help/Low-Income Subsidy application pathway lowering Medicare Part D prescription-drug premiums, deductibles, and copays for eligible Medicare beneficiaries with limited income and resources.",,res-ssa-extra-help-part-d
Financial Assistance,Important specialized help,Social Security Lump-Sum Death Payment,Review for this particular program or eligibility pathway: One-time Social Security lump-sum death payment for qualifying surviving spouses or certain children after a worker's death.,,res-ssa-lump-sum-death-payment
Financial Assistance,Important specialized help,Social Security Survivors Benefits application and Saint George office access,"Review for this particular program or eligibility pathway: Federal Social Security monthly survivor-benefit application pathway for eligible spouses, divorced spouses, children, and dependent parents after a worker's death, with online, phone, and Saint George field-office access.",,res-ssa-survivors-benefits-st-george-access
Financial Assistance,Important specialized help,The Salvation Army Lend A Hand Rocky Mountain Power energy assistance,"Review for this particular program or eligibility pathway: Statewide charitable electric-bill assistance for Rocky Mountain Power customers, funded through Lend A Hand donations and administered by The Salvation Army.",,res-salvation-army-lend-a-hand-rmp
Financial Assistance,Additional options,The Single Parent Project single-parent support grants and 6 Month Program,"Keep as a further option after establishing the starting routes in Financial Assistance: Utah nonprofit support pathway for qualifying single parents with financial need, combining tailored grants/support with required support-group/event participation, mentoring, coaching, and budget counseling.",,res-single-parent-project-support-grants
Financial Assistance,Important specialized help,U.S. Department of Veterans Affairs Veterans Burial Allowance and Transportation Benefits,"Review for this particular program or eligibility pathway: Federal VA burial, funeral, plot/interment, and transportation allowance claim for eligible people or organizations who paid qualifying veteran death expenses.",,res-va-burial-allowance-transportation
Financial Assistance,Important specialized help,U.S. Department of Veterans Affairs Veterans Pension,Review for this particular program or eligibility pathway: Needs-based federal monthly income benefit for eligible wartime veterans with limited income and net worth who meet age or disability requirements.,,res-va-veterans-pension
Financial Assistance,Important specialized help,"Utah Medicaid Medicare Savings Programs (QMB, SLMB, QI)","Review for this particular program or eligibility pathway: Utah Medicare Savings Programs, including QMB, SLMB, and QI, that pay some Medicare premiums and, for QMB, Medicare deductibles and copayments for eligible Medicare beneficiaries.",,res-utah-medicaid-medicare-savings-programs
Financial Assistance,Important specialized help,Utah Department of Veterans and Military Affairs Accelerated Credentialing to Employment (ACE) Program,"Review for this particular program or eligibility pathway: Utah ACE pathway helping eligible veterans, military members, Guard/Reserve members, and spouses obtain civilian certificates, licenses, or short-term training connected to employment.",,res-udvma-ace-grant
Financial Assistance,Important specialized help,Utah Department of Veterans and Military Affairs Utah Veteran First-Time Homebuyer Grant,"Review for this particular program or eligibility pathway: Utah veterans first-time homebuyer grant pathway described by UDVMA as a $2,500 grant for eligible military members buying a first home in Utah.",,res-udvma-veteran-first-time-homebuyer-grant
Financial Assistance,Important specialized help,Utah Home Electric Lifeline Program (HELP) Rocky Mountain Power bill credit,"Review for this particular program or eligibility pathway: Monthly Rocky Mountain Power bill-credit program for income-qualified Utah customers, generally connected to HEAT eligibility and local HEAT agency enrollment.",,res-utah-dws-help-electric-lifeline
Financial Assistance,Important specialized help,Utah DWS Refugee Cash Assistance and Refugee Medical Assistance eligibility,"Review for this particular program or eligibility pathway: State-administered Refugee Cash Assistance and Refugee Medical Assistance eligibility pathway for refugees, asylees, certified trafficking victims, SIV holders, and other ORR-eligible entrants who meet status, income/resource….",,res-utah-dws-refugee-cash-assistance
Financial Assistance,Important specialized help,Utah DWS Adoption Assistance Program for birth parents,Review for this particular program or eligibility pathway: Utah DWS cash-assistance and employment-support program for qualifying birth parents after a child has been legally placed for adoption through a public/private agency or licensed attorney.,,res-utah-dws-adoption-assistance-birth-parents
Financial Assistance,Start here,Utah DWS Emergency Assistance / Homeless Prevention,"Establish the DWS emergency-assistance screening route and its narrow eligibility, timing and funding limits.",,res-utah-dws-emergency-assistance-homeless-prevention
Financial Assistance,Start here,Utah DWS General Assistance,"Review assistance for adults with qualifying barriers to work, separately from family-with-children cash aid.",,res-utah-dws-general-assistance
Financial Assistance,Important specialized help,Utah DWS Specified Relative Program,Review for this particular program or eligibility pathway: Utah DWS cash-assistance pathway for qualifying relatives caring for children whose parents are absent from the home.,,res-utah-dws-specified-relative-program
Financial Assistance,Start here,Utah DWS Unemployment Insurance,Establish unemployment claim access and deadlines early; benefit claims and job placement are separate tasks.,,res-utah-dws-unemployment-insurance
Financial Assistance,Important specialized help,Utah DCFS Transition to Adult Living Aftercare Support and foster-youth document access,"Review for this particular program or eligibility pathway: Utah DCFS Transition to Adult Living aftercare support for qualifying youth who aged out of foster care or left custody/guardianship/adoption after age 16, including crisis support, vehicle purchase/maintenance help, housing….",,res-utah-dcfs-tal-aftercare-support
Financial Assistance,Important specialized help,Utah Housing Corporation First-Time Homebuyer Assistance and Down Payment Assistance,"Review for this particular program or eligibility pathway: State housing-finance homebuyer pathway offering Utah Housing Corporation first mortgages and down-payment/closing-cost assistance through participating lenders, including first-time-homebuyer new-construction assistance when….",,res-utah-housing-corp-homebuyer-dpa
Financial Assistance,Important specialized help,Utah Medicaid Housing Related Services and Supports (HRSS),"Review for this particular program or eligibility pathway: Utah Medicaid Housing Related Services and Supports benefit providing tenancy support, community-transition expenses, supported-living services, and non-medical transportation for eligible Medicaid members through provider plans.",,res-utah-medicaid-hrss
Financial Assistance,Important specialized help,Utah Paiute Tribal Housing Authority Rental Assistance Program,Review for this particular program or eligibility pathway: Utah Paiute Tribal Housing Authority rental-assistance program providing rent subsidies to qualified applicants in its southern Utah tribal housing service area.,,res-uptha-rental-assistance
Financial Assistance,Important specialized help,Utah State Tax Commission Circuit Breaker Renter's Credit,Review for this particular program or eligibility pathway: Utah State Tax Commission renter credit/refund for eligible older renters or unmarried surviving spouses with low household income.,,res-utah-tax-commission-circuit-breaker-renter-credit
Financial Assistance,Start here,Utah Tech University VITA Free Tax Prep,Review the local free tax-preparation intake and seasonal scheduling before paid alternatives.,,res-utah-tech-vita-free-tax-prep
Financial Assistance,Additional options,Washington County Board of REALTORS REACH Foundation Grant Program,Keep as a further option after establishing the starting routes in Financial Assistance: Local REALTORS REACH Foundation grant program providing down-payment or closing-cost grants for qualifying Washington County homebuyers and grants to qualifying housing nonprofits.,,res-washington-county-realtors-reach-grant
Financial Assistance,Start here,Washington County indigent cremation assistance,Clarify county indigent cremation assistance early because families may face immediate decisions and strict eligibility.,,res-washington-county-indigent-cremation-assistance
Financial Assistance,Important specialized help,Utah Targeted Adult Medicaid (TAM) homelessness and justice-involved eligibility pathway,"Review for this particular program or eligibility pathway: Utah Targeted Adult Medicaid eligibility pathway for narrowly eligible low-income adults, including chronically homeless adults, certain justice-involved adults needing treatment, and other specified TAM subgroups, with local….",,res-utah-medicaid-targeted-adult-medicaid-tam
Financial Assistance,Important specialized help,USDA Section 502 Direct Home Loan - Southern Utah rural access,"Review for this particular program or eligibility pathway: USDA Rural Development direct home loan for low- and very-low-income applicants buying or improving homes in eligible rural areas, with southern Utah field-office access and address-by-address property eligibility checks.",,res-usda-section-502-direct-home-loan
Financial Assistance,Important specialized help,Utah Department of Workforce Services Division of Adjudication and Appeals,"Review for this particular program or eligibility pathway: Utah Department of Workforce Services Division of Adjudication and Appeals process for unemployment insurance, public assistance, and training-service appeals, with impartial administrative-law-judge hearings and further appeal….",,res-utah-dws-adjudication-appeals
Financial Assistance,Important specialized help,Operation Homefront Critical Financial Assistance,"Review for this particular program or eligibility pathway: Operation Homefront national Critical Financial Assistance program providing temporary help with overdue essential bills, including utilities, for eligible active-duty military families and post-9/11 wounded, ill, or injured….",,res-operation-homefront-critical-financial-assistance
Financial Assistance,Additional options,The Cost of Courage Foundation Military and Veteran Emergency Support Program,"Keep as a further option after establishing the starting routes in Financial Assistance: National emergency-support program offering limited mailed aid or small gift-card support for eligible active duty, veteran, and Gold Star family applicants when funding and criteria allow.",,res-cost-of-courage-emergency-support
Financial Assistance,Important specialized help,Utah Purple Heart Tuition Waiver,"Review for this particular program or eligibility pathway: State education benefit waiving tuition at Utah public higher-learning institutions for Purple Heart recipients, usable toward degrees up to and including a master's degree.",,res-utah-purple-heart-tuition-waiver
Financial Assistance,Important specialized help,Scott Lundell Military Survivors Tuition Waiver,"Review for this particular program or eligibility pathway: Utah state-school tuition waiver for surviving dependents of service members killed in action on or after September 11, 2001.",,res-utah-scott-lundell-survivors-tuition-waiver
Financial Assistance,Important specialized help,Utah Military Retirement Credit,"Review for this particular program or eligibility pathway: Utah nonrefundable income-tax credit for qualifying taxable military retirement pay, including certain survivor retirement pay, claimed on Utah TC-40A using code AJ.",,res-utah-military-retirement-credit
Financial Assistance,Important specialized help,Utah Veterans Tuition Gap Program,Review for this particular program or eligibility pathway: State supplemental grant for qualifying Veterans attending Utah higher-education institutions after federal education benefits are exhausted or unavailable.,,res-utah-veterans-tuition-gap-program
Financial Assistance,Additional options,Utah Veterans Alliance Helping Hands for Utah's Heroes,"Keep as a further option after establishing the starting routes in Financial Assistance: Utah Veterans Alliance program providing case-by-case financial assistance, service projects, and community-resource connection for Utah Veterans and families facing practical stabilization needs.",,res-utah-veterans-alliance-helping-hands
Financial Assistance,Important specialized help,VFW Department of Utah VA Claim Support / National Veterans Service,"Review for this particular program or eligibility pathway: VFW Department of Utah/National Veterans Service no-charge VA claim-support pathway for veterans, service members, and families seeking help with VA benefits claims, appeals, hearings, and related earned benefits.",,res-vfw-utah-va-claims
Reentry Support,Additional options,Access Foundation recovery housing,"Keep as a further option after establishing the starting routes in Reentry Support: Southern Utah recovery housing network serving people in recovery, including people transitioning from incarceration or homelessness, with peer support, case management, employment support, life-skills development, and resident….",,res-access-foundation
Reentry Support,Additional options,Addict II Athlete Washington County chapter,"Keep as a further option after establishing the starting routes in Reentry Support: Free Washington County peer recovery support meeting combining a recovery lesson, discussion, and physical activity for people affected by addiction, mental illness, trauma, or loss.",,res-addict-ii-athlete
Reentry Support,Additional options,Dixie Alano Club recovery meeting facility,"Keep as a further option after establishing the starting routes in Reentry Support: Recovery clubhouse in St. George hosting many weekly AA, NA, Al-Anon, CMA, and other 12-step or recovery meetings.",,res-dixie-alano
Reentry Support,Start here,Family Healthcare medication-assisted treatment,Establish a local medication-treatment pathway linked to primary care; it adds an access option beyond counseling-only programs.,,res-family-healthcare-mat
Reentry Support,Additional options,FourPoints Health St. George behavioral health and substance-use services,"Keep as a further option after establishing the starting routes in Reentry Support: Tribal/community health center providing mental-health and substance-use assessments, outpatient/IOP counseling, recovery classes, 12-step/Red Road supports, and sliding-fee behavioral health in St. George.",,res-fourpoints
Reentry Support,Additional options,"High Desert Counseling outpatient addiction, co-occurring mental-health, and harm-reduction treatment","Keep as a further option after establishing the starting routes in Reentry Support: St. George outpatient addiction and co-occurring behavioral-health provider offering assessments, PHP/day treatment, IOP, general outpatient counseling, continuing care, DUI school, MAT access, peer support, and….",,res-high-desert
Reentry Support,Additional options,Hope Rising Detox & Rehabilitation Southern Utah continuum,"Keep as a further option after establishing the starting routes in Reentry Support: Southern Utah addiction continuum with St. George outpatient/MAT, nearby Hurricane detox, and New Harmony residential/inpatient admissions that can provide temporary clinically indicated treatment lodging.",,res-hope-rising
Reentry Support,Additional options,Lions Gate Recovery St. George dual-diagnosis addiction and mental-health treatment campus,"Keep as a further option after establishing the starting routes in Reentry Support: Southern Utah addiction and dual-diagnosis treatment continuum with St. George PHP/IOP, Toquerville residential care, and integrated mental-health treatment for co-occurring conditions.",,res-lions-gate
Reentry Support,Start here,New Season St. George Metro Treatment Center,Establish the local opioid treatment program intake and medication access route; this differs from general outpatient counseling.,,res-new-season
Reentry Support,Additional options,"Premier Counseling Services outpatient mental-health, substance-use, and court-approved programs","Keep as a further option after establishing the starting routes in Reentry Support: State-licensed, court-approved St. George provider offering outpatient substance-use treatment, domestic-violence programming, assessments, case-management elements, and mental-health services.",,res-premier
Reentry Support,Additional options,Renaissance Ranch St. George men's drug and alcohol rehab,"Keep as a further option after establishing the starting routes in Reentry Support: Men's residential and outpatient/IOP drug and alcohol treatment in St. George, with Medicaid and insurance verification and treatment-linked residential care.",,res-renaissance-ranch
Reentry Support,Start here,"Southwest Behavioral Health Center crisis support, MCOT, and Crisis Stabilization Center","Establish the crisis, mobile-response and stabilization entry points before reviewing routine treatment options.",,res-sbhc-crisis
Reentry Support,Additional options,Southwest Behavioral Health Center Desert Haven,"Keep as a further option after establishing the starting routes in Reentry Support: Residential support facility for adult women in substance-use treatment and their young children, linked to SBHC St. George day treatment.",,res-sbhc-desert-haven
Reentry Support,Additional options,"Steps Recovery Centers St. George residential, outpatient, veteran-focused substance-use, and integrated mental-health rehab","Keep as a further option after establishing the starting routes in Reentry Support: St. George addiction recovery continuum with residential and outpatient/IOP levels of care, veteran-focused substance-use programming, and integrated mental-health work for co-occurring trauma, anxiety, depression, grief, and….",,res-steps
Reentry Support,Additional options,"True North Recovery and Wellness Center St. George OTP, MAT, IOP, and court-related assessments","Keep as a further option after establishing the starting routes in Reentry Support: CARF-accredited St. George outpatient opioid treatment program with methadone, buprenorphine/Suboxone/Sublocade, naltrexone/Vivitrol, counseling, IOP, outpatient treatment, drug/alcohol assessments, and support for people….",,res-true-north
Reentry Support,Important specialized help,"Saint George Vet Center confidential counseling, transition, referral support, and veteran document navigation","Review for this particular program or eligibility pathway: Free confidential Vet Center counseling, transition support, substance-use referral, crisis same-day response, career/education linkage, VA/community-resource connection, and limited eligibility/document navigation for veterans….",,res-vet-center
Reentry Support,Start here,USARA St. George Recovery Community Center,Establish the local recovery community center as an initial peer-support and navigation connection.,,res-usara-stgeorge
Reentry Support,Start here,Utah Department of Corrections Region 5 Treatment Resource Center,Clarify the local corrections treatment and supervision-linked referral route early; access is not general public intake.,,res-udc-trc
Reentry Support,Important specialized help,Utah State Courts Fifth District St. George recovery and family dependency drug courts,Review for this particular program or eligibility pathway: Fifth District Court St. George adult drug/recovery court and juvenile family dependency drug court locations integrating substance-use treatment with court supervision.,,res-utah-courts-drug-family
Reentry Support,Start here,Washington County Court Support Services,"Review the local court-support intake early so supervision, eligibility and referral restrictions are understood.",,res-court-support
Reentry Support,Additional options,Wellbriety Southern Utah Sacred Fire Meeting,Keep as a further option after establishing the starting routes in Reentry Support: Culturally rooted Wellbriety / White Bison peer recovery meeting hosted at USARA St. George and listed as open to all.,,res-wellbriety
Reentry Support,Additional options,"Southwest Behavioral Health Center Washington County behavioral health, case management, Medicaid coordination, transportation help, and ID fee-waiver verification access","Keep as a further option after establishing the starting routes in Reentry Support: Public community behavioral-health outpatient access point for adults, youth, and families in southwest Utah, including mental-health treatment, psychiatry/medical services, case management, Medicaid behavioral-health….",,res-sbhc-children-family-outpatient
Reentry Support,Start here,"Switchpoint Community Resource Center shelter, meals, case management, transportation assistance, mental-health support, coordinated entry, ID-recovery help, and veteran homeless-service linkage",Establish the local homelessness intake and case-management connection first; confirm which assistance is direct and which requires another program.,"Which family, adult and veteran pathways can you initiate here, and which require a separate intake or referral?",res-switchpoint-family-emergency-shelter
Reentry Support,Start here,Utah Department of Workforce Services Eligibility Services - St. George/myCase benefits access,"Establish the benefits eligibility/application entry point, including how to get help with a stalled application.",,res-utah-dws-eligibility-services-st-george
Reentry Support,Start here,Utah Legal Services St. George civil legal aid and limited immigration citizenship help,Establish the local civil legal-aid screening route before specialist or fee-based alternatives.,,res-utah-legal-services-st-george-family-benefits
Reentry Support,Important specialized help,"Youth Futures St. George emergency youth shelter, drop-in services, computer access, and transportation support","Review for this particular program or eligibility pathway: Youth Futures St. George emergency shelter and drop-in services for runaway, homeless, unaccompanied and vulnerable youth ages 12-18, including safe shelter, meals, clothing, hygiene, laundry, case management, therapy, computer….",,res-youth-futures-st-george-youth-shelter-drop-in
Reentry Support,Start here,"Five County AOG Community Action Partnership coordinated entry, rapid rehousing, diversion, utility deposits, and housing assistance",Establish coordinated entry and community-action screening early; several housing and basic-needs pathways depend on that intake.,"What is the current coordinated-entry process, and which assistance funds or placements are accepting referrals?",res-five-county-cap-rapid-rehousing-toolkits
Reentry Support,Start here,"Utah DWS St. George career, education, and supportive services",Establish the public workforce intake and eligibility for training/supportive services before individual job-training alternatives.,,res-utah-dws-st-george-work-clothing-supportive-services
Reentry Support,Important specialized help,"Utah State Office of Rehabilitation Vocational Rehabilitation - St. George employment, training, restoration, and transportation supports","Review for this particular program or eligibility pathway: Utah State Office of Rehabilitation vocational rehabilitation access in St. George for eligible people with disabilities whose employment plan may require counseling, training, college or vocational education, job placement….",,res-usor-vr-st-george-employment-supports
Reentry Support,Start here,Deseret Industries St. George job training and development program,"Clarify the local job-training entry point and referral requirements, including how participation connects to employment.",,res-deseret-industries-st-george-job-training
Reentry Support,Important specialized help,"Social Security benefits, retirement, SSI, Medicare, Extra Help, appeals, and Saint George office access","Review for this particular program or eligibility pathway: Official Social Security access pathway for Social Security retirement, SSI, survivors, SSDI, Medicare enrollment, Extra Help, Social Security cards, benefit verification, appeals, homeless mailing-address options, and….",,res-social-security-disability-benefits-st-george-access
Reentry Support,Important specialized help,"St. George Housing Authority housing, rental-assistance inquiry, and homeless document-verification access","Review for this particular program or eligibility pathway: Local public housing authority administering St. George/Washington County Housing Choice Vouchers, low-income rental information, Dixie Sun Manor age-62+ public housing, limited emergency rental/mortgage assistance, HUD-covered….",,res-st-george-housing-authority-section-8-public-housing
Reentry Support,Important specialized help,"Utah DSDHH Southern Utah Program / Southern Center case management, benefits access, classes, and senior events","Review for this particular program or eligibility pathway: State Division of Services of the Deaf and Hard of Hearing Southern Utah Program/Southern Center offering free St. George case management, benefits navigation, housing-application help, employment support, classes….",,res-utah-dsdhh-southern-center-case-management
Reentry Support,Important specialized help,"Washington County School District Southwest Adult High School adult education, diploma, and GED preparation","Review for this particular program or eligibility pathway: WCSD adult education program in St. George offering adult high-school diploma planning, GED preparation, assessment, blended online/in-class coursework, tutoring support, and credential completion for employment and….",,res-wcsd-southwest-adult-high-school-adult-education
Reentry Support,Start here,"Five County AOG Community Action Partnership Employment Support, bus passes, vouchers, and document assistance","Establish practical employment barriers support—documents, fare and vouchers—alongside job search and training.",,res-five-county-cap-employment-support
Reentry Support,Additional options,Southwest Behavioral Health Center Southwest Employment Services,"Keep as a further option after establishing the starting routes in Reentry Support: Southwest Behavioral Health Center employment-services team providing supported employment, rapid job search, resume/interview help, benefits navigation, work-incentive planning, and long-term employment support for people with….",,res-sbhc-southwest-employment-services
Reentry Support,Additional options,The Church of Jesus Christ of Latter-day Saints St. George Employment Services,"Keep as a further option after establishing the starting routes in Reentry Support: Local Church of Jesus Christ Employment Services center offering free resume help, job leads, networking, interview practice, coaching, computers, printers, phones, active job-search groups, online workshops, and remote coaching.",,res-lds-employment-services-st-george
Reentry Support,Start here,Utah DWS Federal Bonding Program,Review the bonding pathway for job seekers facing background-related barriers; this adds a distinct employer-facing tool.,,res-utah-dws-federal-bonding-program
Reentry Support,Important specialized help,Utah Medicaid Housing Related Services and Supports (HRSS),"Review for this particular program or eligibility pathway: Utah Medicaid Housing Related Services and Supports benefit providing tenancy support, community-transition expenses, supported-living services, and non-medical transportation for eligible Medicaid members through provider plans.",,res-utah-medicaid-hrss
Reentry Support,Important specialized help,Arrow Point Associates approved sex-offense treatment - Washington County,"Review for this particular program or eligibility pathway: Washington County provider listed by Utah Department of Corrections as an approved sex-offense treatment provider, with Robert Banta, LCSW named for counseling/evaluation.",,res-arrow-point-sotp-washington-county
Reentry Support,Start here,Clean Slate Utah Fresh Start expungement and pardon assistance,Establish nonprofit record-clearance screening before paid expungement alternatives.,,res-clean-slate-utah-fresh-start
Reentry Support,Important specialized help,Federal Public Defender District of Utah - St. George Branch Office,"Review for this particular program or eligibility pathway: St. George branch office of the Federal Public Defender for the District of Utah, providing court-appointed federal criminal defense for financially eligible people in federal cases.",,res-federal-public-defender-utah-st-george
Reentry Support,Important specialized help,Fifth District Court Washington County Adult Mental Health Court,Review for this particular program or eligibility pathway: Fifth District Court St. George Adult Mental Health Court problem-solving court location for justice-involved people whose mental illness is tied to criminal cases.,,res-washington-county-mental-health-court
Reentry Support,Important specialized help,Hope and Healing Place approved sex-offense treatment - Washington County,"Review for this particular program or eligibility pathway: Washington County provider listed by Utah Department of Corrections as an approved sex-offense treatment provider, with Laura Carter, CMHC and supervised affiliates named.",,res-hope-healing-place-sotp-washington-county
Reentry Support,Important specialized help,John Volken Academy Utah residential vocational recovery school,"Review for this particular program or eligibility pathway: Long-term men's residential vocational recovery school in North Salt Lake with a multi-year therapeutic community, education, work, and recovery environment.",,res-john-volken-academy-utah
Reentry Support,Additional options,"Rasa Legal Utah record clearance, expungement, and 402 reduction services","Keep as a further option after establishing the starting routes in Reentry Support: Statewide online legal service for Utah criminal-record clearance, including eligibility screening, expungement legal representation, and 402 reduction services.",,res-rasa-legal-utah-record-clearance
Reentry Support,Important specialized help,Southwest Utah Public Health Washington County Vital Records and Utah birth-certificate fee waiver access,"Review for this particular program or eligibility pathway: Washington County local-health-department vital-records office issuing Utah birth and death certificates and some marriage/divorce records, with Utah birth-certificate fee-waiver access for eligible people who are homeless or….",,res-swuhealth-vital-records-washington-county
Reentry Support,Important specialized help,The Other Side Academy Utah residential reentry and therapeutic community,"Review for this particular program or eligibility pathway: Free long-term residential therapeutic community in Salt Lake City for people seeking major behavior change after incarceration, addiction, homelessness, or related instability, with work, life-skills, and vocational structure.",,res-other-side-academy-utah-reentry
Reentry Support,Start here,U.S. Department of Veterans Affairs Veterans Justice Outreach - St. George contact,"Establish the justice-involved veteran connection to coordinate court, treatment and VA services.",,res-va-veterans-justice-outreach-st-george
Reentry Support,Important specialized help,United States Probation and Pretrial Services District of Utah - St. George reentry access,"Review for this particular program or eligibility pathway: Federal probation and pretrial-services access point for federal defendants, persons under federal supervision, and federal reentry clients in the St. George area.",,res-us-probation-utah-st-george-reentry
Reentry Support,Important specialized help,Lifeline and Utah telecommunication assistance phone or internet discount,"Review for this particular program or eligibility pathway: Statewide Utah and federal Lifeline pathway providing eligible low-income households a monthly phone, internet, or bundled-service discount, with National Verifier application support and provider-selection steps, including….",,res-utah-lifeline-phone-internet-discount
Reentry Support,Start here,Utah Department of Corrections Workforce Development / The Hive,Review corrections workforce/release planning early so assistance can connect before or immediately after release.,,res-udc-workforce-development-hive
Reentry Support,Start here,Utah BCI Expungement Certificate of Eligibility and expungement status access,Establish the official expungement eligibility/certificate process alongside legal-help screening.,,res-bci-expungement-certificate
Reentry Support,Start here,Utah DOPL Application for Criminal History Determination,Review occupational-licensing criminal-history screening before someone commits time and money to training.,,res-dopl-criminal-history-determination
Reentry Support,Start here,"Utah Driver License Division Dixie Office ID, Driving Privilege Card, reinstatement, and DUI hearing access","Establish the actual licensing/ID issuing office, required documents and appointment process before assistance referrals.",,res-utah-dld-dixie-license-reinstatement
Reentry Support,Important specialized help,Utah JJYS Adult Living for Transitional Achievement (ALTA),"Review for this particular program or eligibility pathway: Utah Juvenile Justice and Youth Services ALTA program providing temporary housing, reentry support, skills development, education, vocational training, clinical support, and transition planning for eligible youth returning from….",,res-jjys-alta
Reentry Support,Start here,Utah Medicaid Justice-Involved Program,Review justice-involved Medicaid enrollment/transition timing early; continuity of treatment can depend on release planning.,,res-utah-medicaid-justice-involved-program
Reentry Support,Important specialized help,USU Extension Healthy Relationships Utah Fatherhood Education for Justice-Involved Fathers,Review for this particular program or eligibility pathway: USU Extension Healthy Relationships Utah fatherhood education course using InsideOut Dad curriculum for justice-involved Utah fathers preparing for release or involved with AP&P or community justice systems.,,res-usu-hru-justice-involved-fatherhood
Reentry Support,Start here,"Washington County Justice Court case, warrant, public-defender, fine, and license access","Clarify the local court route for case, warrant, fine and license issues; avoid assuming an unrelated office can resolve them.",,res-washington-county-justice-court-access
Reentry Support,Important specialized help,Purgatory Correctional Facility Programming Unit / volunteer-assisted inmate programs,"Review for this particular program or eligibility pathway: In-custody Purgatory Correctional Facility programming access point using volunteer-assisted inmate programs such as mental-health, medical, religious, legal-assistance, library, tutoring, recreation, exercise, and treatment….",,res-purgatory-correctional-facility-programming-unit
Reentry Support,Important specialized help,United States Probation and Pretrial Services District of Utah Federal Veterans Court,"Review for this particular program or eligibility pathway: District of Utah federal Veterans Court program connecting eligible justice-involved Veterans in federal cases with VA Veterans Justice Outreach, treatment appointments, benefits, and service linkage in a court-supervised model.",,res-utah-federal-veterans-court
Reentry Support,Important specialized help,VA Health Care for Re-entry Veterans (HCRV),"Review for this particular program or eligibility pathway: VA Health Care for Re-entry Veterans program providing outreach, pre-release assessment, service linkage, and short-term post-release case-management help for incarcerated Veterans returning to the community.",,res-va-hcrv-reentry
Food,Important specialized help,Boys & Girls Clubs of Utah County/Southern Utah Washington County school-site programs,"Review for this particular program or eligibility pathway: Boys & Girls Clubs of Utah County/Southern Utah school-site afterschool and summer programs at Washington County elementary schools, with homework support, enrichment, financial assistance, and snacks/meals at enrolled sites.",,res-bgcutah-washington-county
Food,Additional options,BREATHE CARE Food and Essential Supplies Intake,"Keep as a further option after establishing the starting routes in Food: Santa Clara resource center offering food, diapers, toiletries, cleaning supplies, paper goods, and other essential household supplies for Washington County households, including people experiencing homelessness who can complete….",,res-breathe-care-essential-supplies
Food,Important specialized help,Cherish Families wraparound support for families from polygamous and high-control backgrounds,"Review for this particular program or eligibility pathway: Free, confidential wraparound support for individuals and families from polygamous or high-control backgrounds, including crisis, counseling, safety planning, protective-order help, basic needs, rental assistance, housing….",,res-cherish-families-wraparound
Food,Important specialized help,DOVE Center domestic-violence and sexual-assault services,"Review for this particular program or eligibility pathway: Washington and Kane County domestic-violence and sexual-assault agency providing a 24/7 helpline, confidential shelter or safe-housing access, advocacy, counseling, protective-order and court support, medical advocacy….",,res-dove-center-family-services
Food,Important specialized help,Neighborhood Connection Pantry Packs,Review for this particular program or eligibility pathway: Washington County school-based Pantry Packs program sending weekend food home with children identified by school staff as needing food assistance.,,res-neighborhood-connection-pantry-packs
Food,Important specialized help,Paiute Indian Tribe of Utah Family Services and FourPoints family support,"Review for this particular program or eligibility pathway: Paiute Indian Tribe of Utah Family Services and FourPoints Health pathway for eligible Tribal families and community patients, including domestic-violence advocacy/support, Indian child welfare coordination, vulnerable….",,res-pitu-family-services-child-care-crisis
Food,Important specialized help,Washington County School District high school Teen Centers,"Review for this particular program or eligibility pathway: School-based Teen Centers for enrolled Washington County high-school students, providing snacks, food pantry access, kitchens, showers, laundry, toiletry kits, study space, wellness rooms, and trusted-adult resource connection.",,res-pine-view-high-teen-center
Food,Additional options,Root for Kids Early Head Start,"Keep as a further option after establishing the starting routes in Food: Root for Kids Early Head Start home-visiting and family-development program serving pregnant women and children birth to age 3 in Washington County, with school-readiness support, health screenings/care coordination, monthly food….",,res-root-for-kids-early-head-start
Food,Start here,Saint George Catholic Church Our Mother's Food Pantry,"Confirm a practical local pantry intake, distribution schedule and repeat-visit rules early.",,res-saint-george-catholic-our-mothers-food-pantry
Food,Start here,Southwest Utah Public Health Department Washington County WIC,"Establish the local WIC intake for pregnancy and young children, including enrollment and breastfeeding support.",,res-swuhealth-wic-washington-county
Food,Start here,"Switchpoint Community Resource Center shelter, meals, case management, transportation assistance, mental-health support, coordinated entry, ID-recovery help, and veteran homeless-service linkage",Establish the local homelessness intake and case-management connection first; confirm which assistance is direct and which requires another program.,"Which family, adult and veteran pathways can you initiate here, and which require a separate intake or referral?",res-switchpoint-family-emergency-shelter
Food,Important specialized help,Tan's Treats school-based backpack meals for children,"Review for this particular program or eligibility pathway: Washington County school-based backpack/weekend meal program for children facing food insecurity, coordinated through participating elementary schools.",,res-tans-treats-school-backpack-meals
Food,Additional options,"The Salvation Army St. George Outpost food, fuel-voucher, transportation, and family assistance","Keep as a further option after establishing the starting routes in Food: Local Salvation Army outpost serving the St. George/Washington area with food boxes, emergency fuel vouchers, one-time safe-destination transportation help, school-supply assistance, and limited transportation-related assistance….",,res-salvation-army-st-george-outpost-family-food-child-assistance
Food,Start here,Utah Supplemental Nutrition Assistance Program (SNAP) and St. George DWS access,Establish the SNAP application route and how to ask about urgent food needs while an application is pending.,,res-utah-snap
Food,Start here,Utah Food Bank Southern Distribution Center and local pantry/mobile food access,Establish the food-bank partner and distribution navigation route; distinguish warehouse functions from client pickup sites.,,res-utah-food-bank-southern-child-family-food-diaper
Food,Additional options,USU Extension Create Better Health nutrition education - Washington County access,"Keep as a further option after establishing the starting routes in Food: Free USU Extension Create Better Health nutrition education hub and online/Zoom classes teaching budget-friendly healthy eating, menu planning, recipe demos, and food-resource connection for Utah families and adult learners.",,res-usu-extension-create-better-health
Food,Important specialized help,"Utah Tech University Student Resource Center student support, basic-needs, advocacy, and student legal clinic","Review for this particular program or eligibility pathway: Utah Tech Student Resource Center student-support hub offering academic coaching, mentoring, case management/resource navigation, student-family supports, Blazer Food Pantry groceries and essentials, Come & Get It free-food….",,res-utah-tech-student-resource-center-student-parents
Food,Start here,Washington County School District Child Nutrition school meals and summer lunch,Review school-meal enrollment and seasonal access early; school-term and summer routes differ.,,res-wcsd-child-nutrition-school-meals
Food,Important specialized help,"Youth Futures St. George emergency youth shelter, drop-in services, computer access, and transportation support","Review for this particular program or eligibility pathway: Youth Futures St. George emergency shelter and drop-in services for runaway, homeless, unaccompanied and vulnerable youth ages 12-18, including safe shelter, meals, clothing, hygiene, laundry, case management, therapy, computer….",,res-youth-futures-st-george-youth-shelter-drop-in
Food,Important specialized help,Manos Amigas Utah Southern Utah immigrant detention/deportation support and emergency aid,"Review for this particular program or eligibility pathway: Southern Utah volunteer mutual-aid program helping detained/deported immigrants and separated families with detention phone funds, deportation-system navigation, emergency aid, groceries, baby supplies, household essentials….",,res-manos-amigas-utah-emergency-basic-needs
Food,Start here,The Church of Jesus Christ bishop-referred fast-offering and storehouse assistance,Establish the bishop-referral and authorization route so assistance is not presented as unrestricted walk-in aid.,,res-lds-bishops-storehouse-st-george-basic-goods
Food,Important specialized help,"Five County Area Agency on Aging in-home services, Aging Waiver, Alternatives, Veteran Directed Care, and plan-authorized transportation","Review for this particular program or eligibility pathway: Five County Area Agency on Aging case-management access for in-home aging services, including Medicaid Aging Waiver, home-delivered supplemental meals when assessed and authorized, State Alternatives, Veteran Directed Care….",,res-five-county-aaa-in-home-services-aging-waiver
Food,Additional options,Utah DWS SNAP Employment and Training (E&T),"Keep as a further option after establishing the starting routes in Food: Utah SNAP Employment and Training pathway requiring or supporting many SNAP recipients with job readiness, workshops, counselor appointments, job search, and training activities.",,res-utah-dws-snap-employment-training
Food,Additional options,Utah DHHS Community Food Security produce benefits and Senior Farmers Market Nutrition,"Keep as a further option after establishing the starting routes in Food: Utah DHHS produce-access programs, including SNAP Double Up Food Bucks, Senior Farmers Market Nutrition, and Produce Rx, with senior farmers market coupons and St. George-area spend or enrollment access points requiring seasonal….",,res-utah-dhhs-community-food-security-produce-benefits
Food,Additional options,Dixie Technical College Student Food Pantry,Keep as a further option after establishing the starting routes in Food: On-campus Dixie Technical College student food pantry supported by donations to provide meals and snacks for students.,,res-dixie-tech-student-food-pantry
Food,Additional options,Encircle St. George Family Dinner Taco Tuesday,"Keep as a further option after establishing the starting routes in Food: Free weekly Taco Tuesday family dinner at Encircle St. George, connected to LGBTQ+ youth, young adult, family, ally, and community programming.",,res-encircle-st-george-family-dinner
Food,Start here,Grace Episcopal Church hosted soup kitchen and Utah Food Bank food boxes,Confirm the local meal/food-box access schedule and how a person receives assistance.,,res-grace-episcopal-stgeorge-food-access
Food,Start here,Solomon's Porch Sunday Feast and Friday food pantry,Review the weekend meal and pantry schedule early; timing adds a useful option beyond weekday services.,,res-solomons-porch-sunday-feast-friday-pantry
Food,Start here,Switchpoint Food Pantry,"Establish pantry eligibility, distribution times and current supplies separately from shelter enrollment.",,res-switchpoint-food-pantry
Food,Additional options,U.S. Hunger Full Cart virtual food bank waitlist,Keep as a further option after establishing the starting routes in Food: Nationwide virtual food-bank waitlist for possible home-delivered emergency food boxes when U.S. Hunger/Full Cart receives funding for a registrant.,,res-full-cart-virtual-food-bank
Food,Start here,Utah Food Bank Commodity Supplemental Food Program (CSFP),"Review the income- and age-specific monthly food-box enrollment, distinct from general pantry visits.",,res-utah-food-bank-csfp
Food,Start here,Washington County Council on Aging Meals on Wheels - St. George Active Life Center,Establish home-delivered meal screening for older adults who cannot reliably reach food services.,,res-washington-county-coa-meals-on-wheels-st-george
Food,Important specialized help,Washington County Council on Aging St. George Active Life Center senior lunch and computer access,"Review for this particular program or eligibility pathway: St. George Active Life Center senior-center access point providing congregate lunch, daytime activities, health/wellness programming links, computer access, low-cost printing, computer instruction, and social connection for older….",,res-washington-county-coa-st-george-nutrition-program
Food,Start here,Utah Food Bank UFB Food Box Program for homebound adults with disabilities,Establish homebound/disability food delivery and its distinction from the senior CSFP program.,,res-utah-food-bank-ufb-food-box-homebound
Food,Additional options,The Cost of Courage Foundation Military and Veteran Emergency Support Program,"Keep as a further option after establishing the starting routes in Food: National emergency-support program offering limited mailed aid or small gift-card support for eligible active duty, veteran, and Gold Star family applicants when funding and criteria allow.",,res-cost-of-courage-emergency-support
"Medical, Dental, Vision",Additional options,"Canyonlands Healthcare Beaver Dam integrated primary, dental, and behavioral health clinic","Keep as a further option after establishing the starting routes in Medical, Dental, Vision: Nearby Beaver Dam/Littlefield FQHC clinic offering primary/preventive care, dental care, behavioral health, family planning, lab/vaccines, sliding-fee discounts, and behavioral-health/opioid-recovery access near the Utah-Arizona….",,res-canyonlands-beaverdam
"Medical, Dental, Vision",Start here,"Creek Valley Health Clinic primary, dental, behavioral health, and MAT access",Review the border-community clinic access early for Short Creek-area clients; confirm payer and assistance rules before sending someone from St. George.,,res-creek-valley
"Medical, Dental, Vision",Start here,"St. George VA Clinic primary care, mental-health, social-work, enrollment, same-day minor care, and veteran support access",Establish the local VA entry point and its referral boundaries; several other veteran services depend on this connection.,,res-va-clinic
"Medical, Dental, Vision",Start here,"Doctors' Volunteer Clinic of St. George safety-net medical, dental, specialty, mental-health, and forensic-exam access","Establish the local volunteer safety-net clinic route and its income, coverage and appointment requirements.",,res-doctors-volunteer-clinic
"Medical, Dental, Vision",Start here,"Family Healthcare integrated medical, dental, vision, pharmacy, reproductive, behavioral-health, and forensic-exam access",Establish this local integrated care entry point and its payment/eligibility routes before reviewing narrower clinic alternatives.,,res-family-healthcare-women-children-integrated-care
"Medical, Dental, Vision",Start here,FourPoints Health St. George and Shivwits community clinics,"Clarify local clinic eligibility and payer access, including which services are available to tribal and nontribal patients.",,res-fourpoints-st-george-family-health
"Medical, Dental, Vision",Start here,Primary Children's Outpatient Services - St. George,Establish the local pediatric specialty access route before sending families to distant hospital services.,,res-intermountain-primary-childrens-stgeorge-outpatient
"Medical, Dental, Vision",Important specialized help,Nurse-Family Partnership Washington County service area,"Review for this particular program or eligibility pathway: Free Nurse-Family Partnership home-visiting program for income-eligible first-time pregnant mothers in Washington County/Southern Utah, with nurse home visiting from pregnancy until the child turns 2.",,res-nurse-family-partnership-washington-county
"Medical, Dental, Vision",Additional options,Petersen Home Medical breast-pump and lactation-equipment access,"Keep as a further option after establishing the starting routes in Medical, Dental, Vision: Local durable-medical-equipment access point listed by Southwest Utah Public Health for breast-pump rentals/equipment support for breastfeeding families.",,res-petersen-home-medical-breast-pump-equipment
"Medical, Dental, Vision",Important specialized help,Planned Parenthood Association of Utah Virtual Health Center,"Review for this particular program or eligibility pathway: Statewide Utah Planned Parenthood telehealth for birth control, emergency contraception, STI testing/treatment, PrEP, UTI care, and related family-planning services after closure of the St. George clinic.",,res-planned-parenthood-utah-virtual-health-center
"Medical, Dental, Vision",Important specialized help,Root for Kids Early Head Start,"Review for this particular program or eligibility pathway: Root for Kids Early Head Start home-visiting and family-development program serving pregnant women and children birth to age 3 in Washington County, with school-readiness support, health screenings/care coordination, monthly food….",,res-root-for-kids-early-head-start
"Medical, Dental, Vision",Important specialized help,Root for Kids Early Intervention / Baby Watch local provider,"Review for this particular program or eligibility pathway: Root for Kids early intervention provider for infants and toddlers birth to age 3 with developmental delays or disabilities in the St. George/Washington County area, including free evaluations, therapies, audiology/hearing….",,res-root-for-kids-early-intervention-baby-watch
"Medical, Dental, Vision",Important specialized help,"Red Rock Center for Independence independent living, disability supports, and limited activity transportation","Review for this particular program or eligibility pathway: Center for Independent Living in St. George serving all ages and disability types with no-cost core independent-living services, nursing-home transition/diversion, youth transition, peer support, advocacy, assistive technology….",,res-red-rock-center-independence-youth-disability-supports
"Medical, Dental, Vision",Important specialized help,Shriners Children's Salt Lake City pediatric specialty care,"Review for this particular program or eligibility pathway: Regional pediatric specialty care center for orthopedics, prosthetics/orthotics, motion analysis, pediatric rehabilitation and therapy, wheelchair seating and mobility, specialty clinics, and care management.",,res-shriners-childrens-salt-lake-city-specialty-care
"Medical, Dental, Vision",Start here,Baby Your Baby temporary prenatal Medicaid - Southwest Utah access,Review temporary prenatal coverage access early because timing can affect whether someone receives pregnancy care.,,res-swuhealth-baby-your-baby
"Medical, Dental, Vision",Start here,Southwest Utah Public Health Department Washington County clinic and child immunizations,"Establish local public-health clinic access, including child immunizations, costs and appointment requirements.",,res-swuhealth-clinic-child-immunizations
"Medical, Dental, Vision",Additional options,The Birth Sweet midwifery and freestanding birth center,"Keep as a further option after establishing the starting routes in Medical, Dental, Vision: St. George freestanding birth suite and midwifery practice offering prenatal, out-of-hospital birth, postpartum, well-woman, class, and newborn-hearing services.",,res-the-birth-sweet-midwifery-birth-center
"Medical, Dental, Vision",Additional options,The Well Pregnancy Resource Center St. George pregnancy support and material assistance,"Keep as a further option after establishing the starting routes in Medical, Dental, Vision: Cost-free St. George pregnancy resource center offering pregnancy testing, limited ultrasound, STI services, parenting education, fatherhood support, referrals, and maternity/infant supplies earned through education programs.",,res-the-well-pregnancy-resource-center-st-george
"Medical, Dental, Vision",Start here,University of Utah Health School of Dentistry St. George Dental Clinic,"Establish the local dental-clinic entry point, payer rules and reduced-cost options before additional dental listings.",,res-uofu-st-george-dental-clinic
"Medical, Dental, Vision",Start here,Utah Children's Health Insurance Program (CHIP),Establish child health-insurance enrollment early because it can open access to several downstream services.,,res-utah-chip
"Medical, Dental, Vision",Start here,Utah Medicaid Pregnant Woman Program,Review pregnancy Medicaid enrollment and timing early; coverage can determine access to prenatal services.,,res-utah-medicaid-pregnant-woman
"Medical, Dental, Vision",Important specialized help,Utah CSHCN Integrated Services Program care coordination,"Review for this particular program or eligibility pathway: No-cost statewide care coordination for Utah families with children and youth with special health care needs, including medical home support, Medicaid/CHIP connection, medical/dental/specialty resource navigation, birth-to-8….",,res-utah-cshcn-integrated-services-care-coordination
"Medical, Dental, Vision",Important specialized help,Utah Newborn Screening Program,Review for this particular program or eligibility pathway: Utah newborn blood-spot screening program requiring two newborn heel-stick screens and follow-up for abnormal or incomplete results.,,res-utah-newborn-screening-program
"Medical, Dental, Vision",Important specialized help,Utah Medicaid doula services benefit,"Review for this particular program or eligibility pathway: Utah Medicaid doula services benefit covering non-medical pregnancy, birth, and postpartum doula support when provided by enrolled Medicaid doulas.",,res-utah-medicaid-doula-services
"Medical, Dental, Vision",Start here,Utah Children’s Hearing Aid Program (CHAP),Review children's hearing-aid financial assistance early; this addresses a specific access gap beyond general medical referrals.,,res-utah-cshcn-chap-hearing-aids
"Medical, Dental, Vision",Important specialized help,Utah Early Hearing Detection and Intervention (EHDI) newborn hearing follow-up,"Review for this particular program or eligibility pathway: Utah Early Hearing Detection and Intervention pathway for newborn hearing screening follow-up, CMV testing guidance, pediatric audiology referral, early intervention, and parent-to-parent support through the state EHDI team and….",,res-utah-ehdi-newborn-hearing-followup
"Medical, Dental, Vision",Important specialized help,Utah Fostering Healthy Children Program,"Review for this particular program or eligibility pathway: State program coordinating medical, dental, mental-health, preventive, developmental, and specialty care tracking for children in Utah foster care in partnership with DCFS caseworkers.",,res-utah-cshcn-fostering-healthy-children
"Medical, Dental, Vision",Important specialized help,Utah Medicaid Dyadic Services,Review for this particular program or eligibility pathway: Utah Medicaid dyadic services benefit for preventive child-and-parent/caregiver services billed under the child's EPSDT benefit when directly benefiting the child.,,res-utah-medicaid-dyadic-services
"Medical, Dental, Vision",Important specialized help,"Utah Medicaid Early and Periodic Screening, Diagnostic and Treatment (EPSDT)","Review for this particular program or eligibility pathway: Utah Medicaid EPSDT child health benefit covering no-cost well-child screening, preventive care, dental, vision, hearing, mental health, immunizations and medically necessary services for Medicaid members through age 20….",,res-utah-medicaid-epsdt
"Medical, Dental, Vision",Important specialized help,Utah Medicaid Hospital Presumptive Eligibility for pregnant women and children,"Review for this particular program or eligibility pathway: Utah Medicaid Hospital Presumptive Eligibility pathway for temporary Medicaid coverage, including Child Medicaid and Pregnant Woman Medicaid categories, through hospitals that accept HPE applications.",,res-utah-medicaid-hospital-presumptive-eligibility
"Medical, Dental, Vision",Important specialized help,Utah Medicaid Medically Complex Children's Waiver,"Review for this particular program or eligibility pathway: State Medicaid waiver for children age 18 or younger with high medical complexity, offering traditional Medicaid benefits plus respite and related home/community supports when selected and financially eligible.",,res-utah-medicaid-medically-complex-childrens-waiver
"Medical, Dental, Vision",Important specialized help,Utah Tech Dental Hygiene Mobile Van Clinic,Review for this particular program or eligibility pathway: Utah Tech Dental Hygiene mobile van providing preventive dental hygiene outreach to children and uninsured patients at scheduled St. George area sites.,,res-utah-tech-dental-hygiene-mobile-clinic
"Medical, Dental, Vision",Start here,Utah Tech Public Dental Hygiene Clinic,Confirm a local dental-hygiene clinic option and its limits; preventive/student-clinic care does not replace all dental treatment.,,res-utah-tech-public-dental-hygiene-clinic
"Medical, Dental, Vision",Additional options,"Intermountain Health St. George Regional Hospital patient clothing, blankets, and hygiene supplies","Keep as a further option after establishing the starting routes in Medical, Dental, Vision: Hospital patient-only pathway for new clothing, blankets, hygiene kits, and comfort items supplied through Intermountain Health/St. George Regional Hospital staff and volunteer donation programs.",,res-intermountain-stgeorge-patient-supplies
"Medical, Dental, Vision",Important specialized help,"Utah State Office of Rehabilitation Vocational Rehabilitation - St. George employment, training, restoration, and transportation supports","Review for this particular program or eligibility pathway: Utah State Office of Rehabilitation vocational rehabilitation access in St. George for eligible people with disabilities whose employment plan may require counseling, training, college or vocational education, job placement….",,res-usor-vr-st-george-employment-supports
"Medical, Dental, Vision",Additional options,Creativity and Patience Center speech therapy and AAC support,"Keep as a further option after establishing the starting routes in Medical, Dental, Vision: St. George pediatric speech therapy provider focusing on language delays, social communication, and Augmentative and Alternative Communication needs.",,res-creativity-patience-speech-aac
"Medical, Dental, Vision",Start here,Dental Lifeline Network Utah Donated Dental Services,Review donated dental-care eligibility early because extensive treatment can be inaccessible through ordinary low-cost clinics.,,res-dental-lifeline-utah-dds
"Medical, Dental, Vision",Important specialized help,Intermountain Health St. George Neuro / Stroke Recovery Support Group,"Review for this particular program or eligibility pathway: Monthly St. George neuro/stroke recovery support group for survivors and caregivers, with education, discussion, social support, and virtual attendance by email request.",,res-intermountain-stgeorge-neuro-stroke-support-group
"Medical, Dental, Vision",Important specialized help,Intermountain Health St. George Regional Hospital Inpatient Rehabilitation Unit and RAMMP peer mentorship,"Review for this particular program or eligibility pathway: Hospital inpatient rehabilitation unit in St. George for people with significant functional changes after stroke, brain injury, spinal cord injury, amputation, trauma, or other major medical events, including hospital-based RAMMP….",,res-intermountain-stgeorge-inpatient-rehabilitation
"Medical, Dental, Vision",Additional options,Olive Osmond Hearing Fund Here 2 Hear hearing aid assistance,"Keep as a further option after establishing the starting routes in Medical, Dental, Vision: St. George-based hearing fund helping deaf and hard-of-hearing people acquire hearing aids when they lack other resources, and refurbishing donated hearing aids for reuse.",,res-olive-osmond-hearing-fund-here2hear
"Medical, Dental, Vision",Additional options,"Red Rock Pediatric Therapies pediatric speech, occupational, feeding, and AAC therapy","Keep as a further option after establishing the starting routes in Medical, Dental, Vision: Local pediatric therapy provider offering speech, language, feeding, occupational therapy, AAC, apraxia, sensory, fine-motor, handwriting, and daily-living therapy services.",,res-red-rock-pediatric-therapies
"Medical, Dental, Vision",Additional options,Sertoma Hearing Aid Project,"Keep as a further option after establishing the starting routes in Medical, Dental, Vision: National Sertoma Hearing Aid Project providing refurbished hearing aids, accessories, and select services to qualifying adults through an audiology-partner network, with local partner availability requiring confirmation.",,res-sertoma-hearing-aid-project
"Medical, Dental, Vision",Important specialized help,University of Utah Health Driving Rehabilitation Program at Sugar House,"Review for this particular program or eligibility pathway: University of Utah Health certified driving rehabilitation program providing clinical and on-road driving assessments, simulator work, and adaptive-equipment recommendations for people with physical, visual, cognitive….",,res-uofu-driving-rehabilitation-sugar-house
"Medical, Dental, Vision",Important specialized help,University of Utah Health St. George / Ivins MDA neuromuscular clinic,"Review for this particular program or eligibility pathway: University of Utah Health neurology specialty outreach clinic at Rocky Vista University in Ivins for muscular dystrophy, ALS, SMA, CMT, motor neuron disorders, and related neuromuscular conditions.",,res-uofu-st-george-mda-neurology-clinic
"Medical, Dental, Vision",Start here,Utah Medicaid dental benefits and University of Utah School of Dentistry associated provider network,Clarify Medicaid dental eligibility and the participating-provider route before assuming a listed dentist can provide covered care.,,res-utah-medicaid-dental-uusod-network
"Medical, Dental, Vision",Additional options,Utah Center for Assistive Technology (UCAT) evaluations and device trials,"Keep as a further option after establishing the starting routes in Medical, Dental, Vision: Statewide Utah Center for Assistive Technology program offering free assistive-technology consultations/evaluations, custom device design and modification, seating/positioning help, accessibility assessments, referrals, and….",,res-ucat-assistive-technology-evaluations
"Medical, Dental, Vision",Important specialized help,Utah Medicaid Technology Dependent Waiver,"Review for this particular program or eligibility pathway: Utah Medicaid Technology Dependent Waiver for medically fragile/technology-dependent children and young adults who would otherwise require nursing facility care, with home and community-based supports such as private-duty nursing….",,res-utah-medicaid-technology-dependent-waiver
"Medical, Dental, Vision",Important specialized help,Utah Brain Injury and Spinal Cord Injury Fund,"Review for this particular program or eligibility pathway: Utah DHHS Violence and Injury Prevention Program fund and coaching pathway for brain injury, spinal cord injury, and non-progressive neurological condition resource facilitation, neuropsychological testing, rehabilitation….",,res-utah-brain-injury-spinal-cord-injury-fund
"Medical, Dental, Vision",Important specialized help,Utah Medicaid Autism Spectrum Disorder (ASD) Related Services,Review for this particular program or eligibility pathway: Utah Medicaid ASD-related services benefit covering medically necessary autism services for eligible Medicaid members with an autism spectrum disorder diagnosis through Medicaid-enrolled providers and authorization rules.,,res-utah-medicaid-asd-related-services
"Medical, Dental, Vision",Important specialized help,Utah DSBVI Low Vision Services,"Review for this particular program or eligibility pathway: State DSBVI Low Vision Services program offering low-vision clinics, home visits when needed, vision training, assistive-technology advice, and at-cost visual aids for Utah residents with significant vision loss.",,res-utah-dsbvi-low-vision-services
"Medical, Dental, Vision",Start here,Take Care Utah Health Access Assisters,Establish an enrollment-assistance route for people who need help choosing or applying for coverage.,,res-take-care-utah-health-access-assisters
"Medical, Dental, Vision",Important specialized help,"Utah Medicaid Aged, Blind or Disabled Medicaid","Review for this particular program or eligibility pathway: Utah Medicaid Aged, Blind or Disabled medical-assistance eligibility pathway for people age 65 or older, blind, or disabled, including people receiving SSI or Social Security Disability and some applicants reviewed by Utah's….",,res-utah-medicaid-aged-blind-disabled
"Medical, Dental, Vision",Start here,Southwest Forensic Nursing medical-forensic exams at St. George and Hurricane emergency access points,"Clarify the local medical-forensic exam access route early, including timing and safe referral instructions.",,res-swfn-stgeorge-hurricane-forensic-access
"Medical, Dental, Vision",Start here,Family Healthcare sliding fee scale and prescription discounts,Clarify the local clinic's income-based discounts and prescription assistance before assuming care is affordable.,,res-family-healthcare-sliding-fee-discounts
"Medical, Dental, Vision",Start here,"Intermountain Health financial assistance for Utah, Idaho, and Nevada patients",Review the hospital financial-assistance application early; unpaid medical bills may have a formal assistance route.,,res-intermountain-financial-assistance-ut-id-nv
"Medical, Dental, Vision",Start here,Social Security Extra Help for Medicare Part D prescription costs,Review prescription-cost benefit access for Medicare users; this differs from an individual clinic discount.,,res-ssa-extra-help-part-d
"Medical, Dental, Vision",Start here,"Utah Medicaid Medicare Savings Programs (QMB, SLMB, QI)",Review Medicare cost-sharing assistance eligibility before assuming premiums and out-of-pocket costs must be paid in full.,,res-utah-medicaid-medicare-savings-programs
"Medical, Dental, Vision",Important specialized help,Utah DWS Refugee Cash Assistance and Refugee Medical Assistance eligibility,"Review for this particular program or eligibility pathway: State-administered Refugee Cash Assistance and Refugee Medical Assistance eligibility pathway for refugees, asylees, certified trafficking victims, SIV holders, and other ORR-eligible entrants who meet status, income/resource….",,res-utah-dws-refugee-cash-assistance
"Medical, Dental, Vision",Additional options,Utah Medicaid Housing Related Services and Supports (HRSS),"Keep as a further option after establishing the starting routes in Medical, Dental, Vision: Utah Medicaid Housing Related Services and Supports benefit providing tenancy support, community-transition expenses, supported-living services, and non-medical transportation for eligible Medicaid members through provider plans.",,res-utah-medicaid-hrss
"Medical, Dental, Vision",Important specialized help,Utah Medicaid Justice-Involved Program,"Review for this particular program or eligibility pathway: Utah Medicaid 1115 reentry benefit providing targeted Medicaid-covered services for eligible inmates in state prisons, county jails, or juvenile justice facilities for up to 90 days before release.",,res-utah-medicaid-justice-involved-program
"Medical, Dental, Vision",Additional options,Purgatory Correctional Facility Programming Unit / volunteer-assisted inmate programs,"Keep as a further option after establishing the starting routes in Medical, Dental, Vision: In-custody Purgatory Correctional Facility programming access point using volunteer-assisted inmate programs such as mental-health, medical, religious, legal-assistance, library, tutoring, recreation, exercise, and treatment….",,res-purgatory-correctional-facility-programming-unit
"Medical, Dental, Vision",Start here,Enterprise Valley Medical Clinic FQHC primary care and dental voucher access,Clarify the rural safety-net clinic and dental-voucher route for residents who cannot readily use central St. George services.,,res-enterprise-valley-medical-clinic
"Medical, Dental, Vision",Important specialized help,EyeCare4Kids Utah mobile vision clinic and charity eye care,"Review for this particular program or eligibility pathway: Utah charity vision-care provider offering low-cost or no-cost eye exams and glasses through Utah clinics and mobile visits to schools, shelters, community centers, and rural communities, including reported school-year outreach….",,res-eyecare4kids-utah-mobile-vision
"Medical, Dental, Vision",Important specialized help,Family Planning Elevated / University of Utah Health free emergency contraception,"Review for this particular program or eligibility pathway: Statewide no-cost emergency contraception pathway through Family Planning Elevated and University of Utah Health pharmacies, including mail order for non-urgent requests.",,res-family-planning-elevated-free-emergency-contraception
"Medical, Dental, Vision",Additional options,Focus Eye Center St. George Medicaid-accepting eye care and optical,"Keep as a further option after establishing the starting routes in Medical, Dental, Vision: Local St. George optometry and optical provider advertising comprehensive eye exams, medical eye care, eyeglasses/optical, Utah Medicaid acceptance for eligible patients, benefit verification, and self-pay packages.",,res-focus-eye-center-medicaid-eye-care
"Medical, Dental, Vision",Important specialized help,Friends for Sight SightFest and free glasses assistance,"Review for this particular program or eligibility pathway: Utah nonprofit vision pathway offering free exams and prescription glasses through Salt Lake clinics, free replacement-glasses applications for low-income households, and SightFest school events for eligible K-12 students when….",,res-friends-for-sight-sightfest-glasses
"Medical, Dental, Vision",Additional options,Integrated Medical Clinic and mobile primary care,"Keep as a further option after establishing the starting routes in Medical, Dental, Vision: St. George primary and family-care clinic offering clinic, telehealth, and mobile medical visits, with Medicare and Medicaid acceptance stated on its site.",,res-integrated-medical-clinic-mobile-care
"Medical, Dental, Vision",Important specialized help,Intermountain Health Downwinders Clinic / RESEP assistance,"Review for this particular program or eligibility pathway: St. George-based Intermountain Downwinders / RESEP clinic providing radiation-exposure education, health-care assistance, and no-charge help applying for Radiation Exposure Compensation Act benefits after federal reinstatement.",,res-intermountain-downwinders-clinic-resep
"Medical, Dental, Vision",Start here,Intermountain Health River Road Clinic InstaCare and financial-assistance access,Review a local walk-in/urgent-care access option and financial-assistance limits; it does not replace emergency care.,,res-intermountain-river-road-instacare
"Medical, Dental, Vision",Important specialized help,Intermountain Health St. George Endocrine and Diabetes Clinic,"Review for this particular program or eligibility pathway: Local Intermountain specialty clinic providing diabetes care, endocrinology, dietetics, and diabetes self-management education/support access.",,res-intermountain-st-george-endocrine-diabetes
"Medical, Dental, Vision",Additional options,Intermountain Health St. George Imaging Center,"Keep as a further option after establishing the starting routes in Medical, Dental, Vision: Local Intermountain outpatient imaging center offering MRI and CT scans with published flat-rate pricing, physician-order scheduling, insurance acceptance, and payment due at service.",,res-intermountain-st-george-imaging-center
"Medical, Dental, Vision",Additional options,New Eyes E-Voucher Program for prescription eyeglasses,"Keep as a further option after establishing the starting routes in Medical, Dental, Vision: National e-voucher program providing basic prescription eyeglasses to low-income U.S. applicants who already have a current prescription and pupillary-distance measurement.",,res-new-eyes-evoucher-program
"Medical, Dental, Vision",Important specialized help,Retina Associates of Southern Utah retina specialty care,"Review for this particular program or eligibility pathway: St. George retina specialty clinic for retinal exams, retinal diagnostics, laser and vitreoretinal surgery, diabetic eye disease, macular disease, retinal detachment, ocular trauma, uveitis, CMV retinitis, and related medical eye….",,res-retina-associates-southern-utah-retina-specialty-care
"Medical, Dental, Vision",Additional options,"Revere Health St. George Multi-Specialty Campus, Imaging, and Laboratory","Keep as a further option after establishing the starting routes in Medical, Dental, Vision: Revere Health St. George multi-specialty campus offering family medicine, urgent care, specialty care, outpatient imaging, radiology, and laboratory services with cash-pay discounts/payment-plan language for some ancillary….",,res-revere-health-st-george-campus-imaging-lab
"Medical, Dental, Vision",Additional options,"Smiles Restored St. George dental clinic, dentures, and restorative care","Keep as a further option after establishing the starting routes in Medical, Dental, Vision: St. George dental clinic advertising affordable restorative dentistry, dentures, same-day denture relines, implants, crowns, sedation, same-day appointments, and Medicaid/Medicare acceptance.",,res-smiles-restored-st-george-dental-clinic
"Medical, Dental, Vision",Important specialized help,Southern Utah Primary and Urgent Care in-home primary and urgent care,"Review for this particular program or eligibility pathway: Mobile direct-primary-care practice providing in-home primary and minor urgent care in St. George, Hurricane, and Southern Utah, plus telehealth in Utah, Arizona, and Nevada with posted cash pricing.",,res-southern-utah-primary-urgent-care-home
"Medical, Dental, Vision",Additional options,St. George Kids Dental pediatric dental care,"Keep as a further option after establishing the starting routes in Medical, Dental, Vision: Pediatric dental practice with St. George and Santa Clara locations offering dental care for children and teens, Medicaid acceptance, Spanish-speaking office support, and sedation options.",,res-st-george-kids-dental-pediatric-dental-care
"Medical, Dental, Vision",Start here,St. George Lions Club eyeglasses for people in need,Establish a local charitable eyeglasses application route before comparing optical retailers.,,res-st-george-lions-club-eyeglasses
"Medical, Dental, Vision",Important specialized help,University of Utah Health Moran Eye Center local outreach and Operation Sight,"Review for this particular program or eligibility pathway: University of Utah John A. Moran Eye Center donor-funded Utah outreach for people who are uninsured, low-income, unhoused, former refugees, or otherwise underserved, including low/no-cost eye exams, eyeglasses, community clinic….",,res-moran-eye-center-utah-outreach-operation-sight
"Medical, Dental, Vision",Start here,University of Utah Health Clinic 1A Ryan White HIV/AIDS care - Southwestern Utah access,Review the HIV-specific care access route early; general primary-care lists may miss this important specialty pathway.,,res-uofu-clinic-1a-ryan-white-hiv-care
"Medical, Dental, Vision",Important specialized help,Utah Medicaid Cancer Program for breast or cervical cancer,Review for this particular program or eligibility pathway: Utah Medicaid Cancer Program providing full Medicaid benefits to qualifying uninsured people under 65 who were screened through UCCP and need treatment for breast or cervical cancer or qualifying precancerous conditions.,,res-utah-medicaid-cancer-program-breast-cervical-cancer
"Medical, Dental, Vision",Start here,Utah Breast and Cervical Cancer Screening Program,Establish screening access and eligibility for breast/cervical cancer services before narrower treatment funding questions.,,res-utah-breast-cervical-cancer-screening-program
"Medical, Dental, Vision",Important specialized help,Utah Medicaid interpreter and language services,"Review for this particular program or eligibility pathway: Free interpreter and language-access pathway for Utah Medicaid members and applicants, including dental, health, and mental-health plans, sign-language help, relay service, and speech-assistance supports.",,res-utah-medicaid-interpreter-language-services
"Medical, Dental, Vision",Start here,Utah Targeted Adult Medicaid (TAM) homelessness and justice-involved eligibility pathway,"Review targeted adult Medicaid eligibility for homelessness/justice-related circumstances, distinct from ordinary enrollment routes.",,res-utah-medicaid-targeted-adult-medicaid-tam
"Medical, Dental, Vision",Important specialized help,THRIVE Center for Survivors of Torture case management and asylum legal representation,"Review for this particular program or eligibility pathway: Free statewide specialized support for refugees, immigrants, asylees, and asylum seekers who survived torture or severe war trauma, including case management, native-language care, medical navigation, mental-health services, and….",,res-thrive-survivors-torture-immigration-legal-referral
"Medical, Dental, Vision",Important specialized help,Utah DHHS Office of Administrative Hearings,"Review for this particular program or eligibility pathway: Utah DHHS Office of Administrative Hearings forum for Medicaid hearings, human-services fair hearings, GRAMA appeals, and related DHHS administrative appeal processes.",,res-utah-dhhs-office-administrative-hearings
"Medical, Dental, Vision",Important specialized help,VA Beneficiary Travel reimbursement and special-mode transportation - St. George VA access,"Review for this particular program or eligibility pathway: VA Beneficiary Travel and BTSSS reimbursement pathway for eligible veterans and caregivers traveling to VA or VA-approved health care, with St. George VA Clinic and VA Salt Lake City Health Care access.",,res-va-beneficiary-travel-st-george
"Medical, Dental, Vision",Important specialized help,Utah Medicaid Health Transportation Payment (HTP) for HCBS waiver medical trips,Review for this particular program or eligibility pathway: Utah Medicaid Health Transportation Payment for HCBS waiver members receiving residential or day support services who need transportation to non-emergency Medicaid State Plan medical appointments.,,res-utah-medicaid-health-transportation-payment
"Medical, Dental, Vision",Important specialized help,Southern Utah Hospice hospice care for veterans,"Review for this particular program or eligibility pathway: Washington County hospice provider offering veteran-aware hospice care, recognition, end-of-life planning, and help navigating veteran burial and funeral-honors topics for enrolled hospice patients and families.",,res-southern-utah-hospice-veterans
"Medical, Dental, Vision",Important specialized help,"CHAMPVA health coverage for eligible spouses, dependents, survivors, and some primary family caregivers","Review for this particular program or eligibility pathway: Federal CHAMPVA cost-sharing health-care benefit for qualifying spouses, dependent children, survivors, and some primary family caregivers of Veterans with qualifying service-connected disability circumstances.",,res-va-champva-family-caregiver-coverage
"Medical, Dental, Vision",Important specialized help,VA Salt Lake City Women Veteran Care,"Review for this particular program or eligibility pathway: VA Salt Lake City women veteran care pathway providing women veteran care coordination and comprehensive health services including primary care, gynecology, maternity/postpartum support, imaging, mental-health care, and….",,res-va-salt-lake-women-veteran-care
Homeless Services,Start here,"Southwest Behavioral Health Center crisis support, MCOT, and Crisis Stabilization Center","Establish the crisis, mobile-response and stabilization entry points before reviewing routine treatment options.",,res-sbhc-crisis
Homeless Services,Additional options,"St. George VA Clinic primary care, mental-health, social-work, enrollment, same-day minor care, and veteran support access","Keep as a further option after establishing the starting routes in Homeless Services: VA community clinic in St. George providing eligible veterans with local primary care, mental-health care, audiology, labs, telehealth, social work, enrollment/registration routing, same-day minor-condition access, and referrals….",,res-va-clinic
Homeless Services,Additional options,"Saint George Vet Center confidential counseling, transition, referral support, and veteran document navigation","Keep as a further option after establishing the starting routes in Homeless Services: Free confidential Vet Center counseling, transition support, substance-use referral, crisis same-day response, career/education linkage, VA/community-resource connection, and limited eligibility/document navigation for veterans….",,res-vet-center
Homeless Services,Additional options,Washington County Court Support Services,"Keep as a further option after establishing the starting routes in Homeless Services: Washington County court-linked criminal-justice support office providing pretrial monitoring/services and post-trial case management for barriers including treatment, housing, transportation, employment….",,res-court-support
Homeless Services,Additional options,BREATHE CARE Food and Essential Supplies Intake,"Keep as a further option after establishing the starting routes in Homeless Services: Santa Clara resource center offering food, diapers, toiletries, cleaning supplies, paper goods, and other essential household supplies for Washington County households, including people experiencing homelessness who can complete….",,res-breathe-care-essential-supplies
Homeless Services,Start here,"Doctors' Volunteer Clinic of St. George safety-net medical, dental, specialty, mental-health, and forensic-exam access","Establish the local volunteer safety-net clinic route and its income, coverage and appointment requirements.",,res-doctors-volunteer-clinic
Homeless Services,Start here,DOVE Center domestic-violence and sexual-assault services,"Establish the local survivor-support intake early, with safe contact procedures and the distinction between advocacy and clinical care.",,res-dove-center-family-services
Homeless Services,Start here,"Family Healthcare integrated medical, dental, vision, pharmacy, reproductive, behavioral-health, and forensic-exam access",Establish this local integrated care entry point and its payment/eligibility routes before reviewing narrower clinic alternatives.,,res-family-healthcare-women-children-integrated-care
Homeless Services,Important specialized help,Paiute Indian Tribe of Utah Family Services and FourPoints family support,"Review for this particular program or eligibility pathway: Paiute Indian Tribe of Utah Family Services and FourPoints Health pathway for eligible Tribal families and community patients, including domestic-violence advocacy/support, Indian child welfare coordination, vulnerable….",,res-pitu-family-services-child-care-crisis
Homeless Services,Important specialized help,Washington County School District high school Teen Centers,"Review for this particular program or eligibility pathway: School-based Teen Centers for enrolled Washington County high-school students, providing snacks, food pantry access, kitchens, showers, laundry, toiletry kits, study space, wellness rooms, and trusted-adult resource connection.",,res-pine-view-high-teen-center
Homeless Services,Additional options,Saint George Catholic Church Our Mother's Food Pantry,"Keep as a further option after establishing the starting routes in Homeless Services: Weekly parish pantry in St. George distributing shelf-stable food, personal-hygiene items, dental supplies, and kid-friendly snacks to local households.",,res-saint-george-catholic-our-mothers-food-pantry
Homeless Services,Additional options,Southwest Utah Public Health Department Washington County WIC,"Keep as a further option after establishing the starting routes in Homeless Services: Washington County WIC office providing food benefits, nutrition education, growth/iron checks, breastfeeding support, referrals, and a homeless-applicant pathway for eligible pregnant/postpartum women, infants, and children under….",,res-swuhealth-wic-washington-county
Homeless Services,Start here,"Switchpoint Community Resource Center shelter, meals, case management, transportation assistance, mental-health support, coordinated entry, ID-recovery help, and veteran homeless-service linkage",Establish the local homelessness intake and case-management connection first; confirm which assistance is direct and which requires another program.,"Which family, adult and veteran pathways can you initiate here, and which require a separate intake or referral?",res-switchpoint-family-emergency-shelter
Homeless Services,Additional options,"The Salvation Army St. George Outpost food, fuel-voucher, transportation, and family assistance","Keep as a further option after establishing the starting routes in Homeless Services: Local Salvation Army outpost serving the St. George/Washington area with food boxes, emergency fuel vouchers, one-time safe-destination transportation help, school-supply assistance, and limited transportation-related assistance….",,res-salvation-army-st-george-outpost-family-food-child-assistance
Homeless Services,Additional options,Utah Department of Workforce Services Eligibility Services - St. George/myCase benefits access,"Keep as a further option after establishing the starting routes in Homeless Services: Utah Department of Workforce Services eligibility access point for myCase applications, interviews, case questions, and reviews for Medicaid, SNAP, TANF/FEP, General Assistance, child care, ABD medical assistance, and other….",,res-utah-dws-eligibility-services-st-george
Homeless Services,Additional options,Utah Food Bank Southern Distribution Center and local pantry/mobile food access,"Keep as a further option after establishing the starting routes in Homeless Services: Utah Food Bank Southern Distribution Center and southwest Utah partner network supporting mobile pantries, school and family food programs, senior/homebound food-box delivery, Hurricane Valley pantry access, Valley View food….",,res-utah-food-bank-southern-child-family-food-diaper
Homeless Services,Start here,Washington County School District At-Risk Support Services / McKinney-Vento student supports and school transportation,Establish the school homelessness liaison route early; school access and transportation can be available even without stable housing.,,res-wcsd-at-risk-mckinney-vento
Homeless Services,Start here,"Youth Futures St. George emergency youth shelter, drop-in services, computer access, and transportation support",Establish the youth shelter/drop-in route early and keep its age limits distinct from adult/family shelter access.,"What ages and circumstances are eligible for shelter versus drop-in help, and how should staff arrange an intake?",res-youth-futures-st-george-youth-shelter-drop-in
Homeless Services,Start here,"Five County AOG Community Action Partnership coordinated entry, rapid rehousing, diversion, utility deposits, and housing assistance",Establish coordinated entry and community-action screening early; several housing and basic-needs pathways depend on that intake.,"What is the current coordinated-entry process, and which assistance funds or placements are accepting referrals?",res-five-county-cap-rapid-rehousing-toolkits
Homeless Services,Additional options,Saint George Catholic Church Thrift Store vouchers,"Keep as a further option after establishing the starting routes in Homeless Services: Parish thrift store in downtown St. George offering vouchers for clothing, shoes, and small goods for people in need, plus low-cost clothing, linens, housewares, kitchen items, and small furniture.",,res-saint-george-catholic-thrift-store-vouchers
Homeless Services,Additional options,Switchpoint Welcome Home move-in household kits,"Keep as a further option after establishing the starting routes in Homeless Services: Case-managed Switchpoint move-in and Welcome Home kit pathway for clients moving from homelessness or housing crisis into permanent housing, using donated household supplies and move-in essentials.",,res-switchpoint-welcome-home-move-in-kits
Homeless Services,Additional options,The Church of Jesus Christ bishop-referred fast-offering and storehouse assistance,"Keep as a further option after establishing the starting routes in Homeless Services: Church bishop-referred temporal-assistance pathway using fast offerings, bishops' orders, and the St. George bishops' storehouse when designated, for essential needs such as food, hygiene, household basics, housing, utilities….",,res-lds-bishops-storehouse-st-george-basic-goods
Homeless Services,Start here,The Salvation Army Mobile Outreach and Engagement Program - Washington County,Clarify the mobile outreach connection for people who may not reach office-based intake.,,res-salvation-army-mobile-outreach-washington-county
Homeless Services,Additional options,"Social Security benefits, retirement, SSI, Medicare, Extra Help, appeals, and Saint George office access","Keep as a further option after establishing the starting routes in Homeless Services: Official Social Security access pathway for Social Security retirement, SSI, survivors, SSDI, Medicare enrollment, Extra Help, Social Security cards, benefit verification, appeals, homeless mailing-address options, and….",,res-social-security-disability-benefits-st-george-access
Homeless Services,Start here,"Five County AOG Community Action Partnership Employment Support, bus passes, vouchers, and document assistance","Establish practical employment barriers support—documents, fare and vouchers—alongside job search and training.",,res-five-county-cap-employment-support
Homeless Services,Additional options,The Church of Jesus Christ of Latter-day Saints St. George Employment Services,"Keep as a further option after establishing the starting routes in Homeless Services: Local Church of Jesus Christ Employment Services center offering free resume help, job leads, networking, interview practice, coaching, computers, printers, phones, active job-search groups, online workshops, and remote coaching.",,res-lds-employment-services-st-george
Homeless Services,Important specialized help,Homeless Veterans Fellowship Supportive Services for Veteran Families (SSVF),"Review for this particular program or eligibility pathway: VA-funded Supportive Services for Veteran Families program providing case management, rapid rehousing, homelessness prevention, and temporary financial assistance such as utilities for eligible homeless or imminently homeless….",,res-homeless-veterans-fellowship-ssvf
Homeless Services,Additional options,"Intermountain Health financial assistance for Utah, Idaho, and Nevada patients","Keep as a further option after establishing the starting routes in Homeless Services: Intermountain Health financial assistance and discount program for eligible patients receiving medically necessary care at Intermountain hospitals, clinics, and certain employed-provider services, with emergency care not denied….",,res-intermountain-financial-assistance-ut-id-nv
Homeless Services,Important specialized help,Utah Medicaid Housing Related Services and Supports (HRSS),"Review for this particular program or eligibility pathway: Utah Medicaid Housing Related Services and Supports benefit providing tenancy support, community-transition expenses, supported-living services, and non-medical transportation for eligible Medicaid members through provider plans.",,res-utah-medicaid-hrss
Homeless Services,Start here,Southwest Utah Public Health Washington County Vital Records and Utah birth-certificate fee waiver access,Establish local vital-record issuance and birth-certificate fee-waiver rules before indirect document-help referrals.,"Which birth records and fee waivers can this office issue, and what verification must the applicant bring?",res-swuhealth-vital-records-washington-county
Homeless Services,Additional options,Grace Episcopal Church hosted soup kitchen and Utah Food Bank food boxes,Keep as a further option after establishing the starting routes in Homeless Services: Grace Episcopal Church food access site hosting Switchpoint soup-kitchen meals and Utah Food Bank food-box distributions according to Episcopal Asset Map evidence.,,res-grace-episcopal-stgeorge-food-access
Homeless Services,Additional options,Solomon's Porch Sunday Feast and Friday food pantry,"Keep as a further option after establishing the starting routes in Homeless Services: Weekend meal and pantry ministry in St. George providing a Sunday hot meal and Friday food pantry/box-lunch distribution for elderly, homeless, and otherwise hungry community members.",,res-solomons-porch-sunday-feast-friday-pantry
Homeless Services,Additional options,Switchpoint Food Pantry,Keep as a further option after establishing the starting routes in Homeless Services: Switchpoint's St. George community food pantry providing emergency food assistance to individuals and families facing economic hardship.,,res-switchpoint-food-pantry
Homeless Services,Additional options,Washington County Council on Aging St. George Active Life Center senior lunch and computer access,"Keep as a further option after establishing the starting routes in Homeless Services: St. George Active Life Center senior-center access point providing congregate lunch, daytime activities, health/wellness programming links, computer access, low-cost printing, computer instruction, and social connection for older….",,res-washington-county-coa-st-george-nutrition-program
Homeless Services,Important specialized help,DAV / Veterans Transportation Service van from St. George to VA appointments,Review for this particular program or eligibility pathway: Free DAV/Veterans Transportation Service van access for eligible veterans traveling from St. George or the I-15 corridor to scheduled VA health care appointments when no other transportation option is available.,,res-va-dav-vans-st-george
Homeless Services,Start here,USPS General Delivery and homeless mail access - St. George post office confirmation required,Verify the specific local post-office General Delivery arrangements early; an unreliable mailing address can block other assistance.,"Which St. George postal facility accepts General Delivery, with what ID, address format and holding period?",res-usps-general-delivery-st-george-mail-access
Homeless Services,Important specialized help,Utah Targeted Adult Medicaid (TAM) homelessness and justice-involved eligibility pathway,"Review for this particular program or eligibility pathway: Utah Targeted Adult Medicaid eligibility pathway for narrowly eligible low-income adults, including chronically homeless adults, certain justice-involved adults needing treatment, and other specified TAM subgroups, with local….",,res-utah-medicaid-targeted-adult-medicaid-tam
Homeless Services,Start here,Utah Driver License Division ID-card fee waivers - homeless and indigent applicants,Establish the ID fee-waiver eligibility and verification process alongside the issuing office.,,res-utah-dld-homeless-id-card-fee-waiver-dixie
Homeless Services,Important specialized help,HUD-Veterans Affairs Supportive Housing (HUD-VASH),Review for this particular program or eligibility pathway: Federal HUD-VASH program combining HUD Housing Choice Voucher rental assistance with VA case management and clinical/supportive services for eligible homeless veterans.,,res-hud-vash-federal-va-housing
Homeless Services,Important specialized help,VA Health Care for Re-entry Veterans (HCRV),"Review for this particular program or eligibility pathway: VA Health Care for Re-entry Veterans program providing outreach, pre-release assessment, service linkage, and short-term post-release case-management help for incarcerated Veterans returning to the community.",,res-va-hcrv-reentry
Housing,Important specialized help,Access Foundation recovery housing,"Review for this particular program or eligibility pathway: Southern Utah recovery housing network serving people in recovery, including people transitioning from incarceration or homelessness, with peer support, case management, employment support, life-skills development, and resident….",,res-access-foundation
Housing,Additional options,Hope Rising Detox & Rehabilitation Southern Utah continuum,"Keep as a further option after establishing the starting routes in Housing: Southern Utah addiction continuum with St. George outpatient/MAT, nearby Hurricane detox, and New Harmony residential/inpatient admissions that can provide temporary clinically indicated treatment lodging.",,res-hope-rising
Housing,Additional options,Lions Gate Recovery St. George dual-diagnosis addiction and mental-health treatment campus,"Keep as a further option after establishing the starting routes in Housing: Southern Utah addiction and dual-diagnosis treatment continuum with St. George PHP/IOP, Toquerville residential care, and integrated mental-health treatment for co-occurring conditions.",,res-lions-gate
Housing,Additional options,Renaissance Ranch St. George men's drug and alcohol rehab,"Keep as a further option after establishing the starting routes in Housing: Men's residential and outpatient/IOP drug and alcohol treatment in St. George, with Medicaid and insurance verification and treatment-linked residential care.",,res-renaissance-ranch
Housing,Additional options,"Steps Recovery Centers St. George residential, outpatient, veteran-focused substance-use, and integrated mental-health rehab","Keep as a further option after establishing the starting routes in Housing: St. George addiction recovery continuum with residential and outpatient/IOP levels of care, veteran-focused substance-use programming, and integrated mental-health work for co-occurring trauma, anxiety, depression, grief, and….",,res-steps
Housing,Additional options,"St. George VA Clinic primary care, mental-health, social-work, enrollment, same-day minor care, and veteran support access","Keep as a further option after establishing the starting routes in Housing: VA community clinic in St. George providing eligible veterans with local primary care, mental-health care, audiology, labs, telehealth, social work, enrollment/registration routing, same-day minor-condition access, and referrals….",,res-va-clinic
Housing,Additional options,Utah Department of Corrections Region 5 Treatment Resource Center,"Keep as a further option after establishing the starting routes in Housing: Adult Probation and Parole Region 5 Treatment Resource Center offering justice-system-specific programming, case management, employment class, counseling/evaluation access, re-entry programming, and housing-resource navigation….",,res-udc-trc
Housing,Additional options,Washington County Court Support Services,"Keep as a further option after establishing the starting routes in Housing: Washington County court-linked criminal-justice support office providing pretrial monitoring/services and post-trial case management for barriers including treatment, housing, transportation, employment….",,res-court-support
Housing,Important specialized help,Cherish Families wraparound support for families from polygamous and high-control backgrounds,"Review for this particular program or eligibility pathway: Free, confidential wraparound support for individuals and families from polygamous or high-control backgrounds, including crisis, counseling, safety planning, protective-order help, basic needs, rental assistance, housing….",,res-cherish-families-wraparound
Housing,Additional options,"Chrysalis Utah St. George disability, behavioral-health, residential, and employment supports","Keep as a further option after establishing the starting routes in Housing: St. George intellectual-disability, autism, behavioral-health, residential, supported-living, employment, and authorized psychotherapy/support provider.",,res-chrysalis-st-george
Housing,Important specialized help,"Disability Law Center Utah disability-rights, housing-access, CAP, and abuse/neglect legal advocacy","Review for this particular program or eligibility pathway: Utah's statewide Protection and Advocacy organization providing free disability-rights information, advocacy, intake, Client Assistance Program help, supported decision-making resources, housing-access advocacy, and….",,res-disability-law-center-utah
Housing,Start here,DOVE Center survivor shelter and housing pathway,Establish the survivor shelter and housing intake separately from general shelter referrals; safety and eligibility are consequential.,"What is the safe shelter screening route, including family composition, confidentiality and alternatives when full?",res-dove-center-transitional-housing
Housing,Important specialized help,"Family Support Center of Washington County crisis nursery, crisis shelter care, respite, and parenting education","Review for this particular program or eligibility pathway: No-cost crisis nursery, emergency nursery care, crisis shelter care, planned respite/stress-break care, parenting education, family-strengthening activities, and referrals for Washington County families with children newborn….",,res-family-support-center-washington-county-crisis-respite-parenting
Housing,Important specialized help,Mary's Hope House maternity home for single mothers,Review for this particular program or eligibility pathway: Southern Utah maternity home offering housing and support to single mothers in need.,,res-marys-hope-house-maternity-home
Housing,Important specialized help,"Red Rock Center for Independence independent living, disability supports, and limited activity transportation","Review for this particular program or eligibility pathway: Center for Independent Living in St. George serving all ages and disability types with no-cost core independent-living services, nursing-home transition/diversion, youth transition, peer support, advocacy, assistive technology….",,res-red-rock-center-independence-youth-disability-supports
Housing,Additional options,"RISE Services St. George child, adult, and aging-adult disability supports","Keep as a further option after establishing the starting routes in Housing: St. George disability services including youth after-school/summer programs, respite, supported living, host homes, professional parenting, employment, and behavior support.",,res-rise-services-st-george-child-youth-disability-supports
Housing,Start here,"Switchpoint Community Resource Center shelter, meals, case management, transportation assistance, mental-health support, coordinated entry, ID-recovery help, and veteran homeless-service linkage",Establish the local homelessness intake and case-management connection first; confirm which assistance is direct and which requires another program.,"Which family, adult and veteran pathways can you initiate here, and which require a separate intake or referral?",res-switchpoint-family-emergency-shelter
Housing,Additional options,"TURN Community Services St. George disability services, residential supports, educational day supports, supported employment, and embedded transportation","Keep as a further option after establishing the starting routes in Housing: TURN Community Services St. George disability-services provider for adults with intellectual/developmental disabilities, related conditions, or acquired brain injury, including day, residential, semi-independent living….",,res-turn-community-services-st-george-family-support-respite
Housing,Start here,Utah Legal Services St. George civil legal aid and limited immigration citizenship help,Establish the local civil legal-aid screening route before specialist or fee-based alternatives.,,res-utah-legal-services-st-george-family-benefits
Housing,Important specialized help,Washington County School District At-Risk Support Services / McKinney-Vento student supports and school transportation,"Review for this particular program or eligibility pathway: Washington County School District At-Risk Support Services and McKinney-Vento liaison pathway for vulnerable, homeless, or housing-unstable students and families, including school enrollment protections, free meals/fee waivers….",,res-wcsd-at-risk-mckinney-vento
Housing,Start here,"Youth Futures St. George emergency youth shelter, drop-in services, computer access, and transportation support",Establish the youth shelter/drop-in route early and keep its age limits distinct from adult/family shelter access.,"What ages and circumstances are eligible for shelter versus drop-in help, and how should staff arrange an intake?",res-youth-futures-st-george-youth-shelter-drop-in
Housing,Start here,"Five County AOG Community Action Partnership coordinated entry, rapid rehousing, diversion, utility deposits, and housing assistance",Establish coordinated entry and community-action screening early; several housing and basic-needs pathways depend on that intake.,"What is the current coordinated-entry process, and which assistance funds or placements are accepting referrals?",res-five-county-cap-rapid-rehousing-toolkits
Housing,Additional options,Five County AOG Weatherization Assistance Program,"Keep as a further option after establishing the starting routes in Housing: Federally funded Weatherization Assistance Program administered by Five County AOG for Washington County homes, providing energy-efficiency and safety improvements such as insulation, air sealing, heating-system work, minor….",,res-five-county-aog-weatherization-assistance
Housing,Additional options,"Holding Out HELP Southern Utah transition, housing-resource, therapy, and basic-needs support","Keep as a further option after establishing the starting routes in Housing: Population-specific transition, case-management, therapy, housing-resource, emergency-support, and basic-needs pathway for individuals and families from polygamous or high-control community backgrounds, including Southern Utah….",,res-holding-out-help-southern-utah-basic-needs
Housing,Additional options,Switchpoint Welcome Home move-in household kits,"Keep as a further option after establishing the starting routes in Housing: Case-managed Switchpoint move-in and Welcome Home kit pathway for clients moving from homelessness or housing crisis into permanent housing, using donated household supplies and move-in essentials.",,res-switchpoint-welcome-home-move-in-kits
Housing,Additional options,Abby Lou Services DSPD-funded host homes and community-based day program,"Keep as a further option after establishing the starting routes in Housing: St. George-headquartered DSPD-funded provider offering host-home residential services, a fully community-based day program, and related supports for people with intellectual and developmental disabilities or traumatic brain….",,res-abby-lou-services-dspd
Housing,Additional options,"Danville Services of Utah St. George disability residential, employment, and community supports","Keep as a further option after establishing the starting routes in Housing: Utah disability-services provider with a St. George regional office serving Iron and Washington Counties, offering individualized residential programs plus employment and community-integration services.",,res-danville-services-utah-st-george
Housing,Start here,Habitat for Humanity of Southwest Utah Home Preservation repair program,"Clarify local home-repair assistance eligibility, property rules and current project capacity.",,res-habitat-southwest-utah-home-preservation
Housing,Additional options,Redhead Supports DSPD-funded disability services with enrolled-program transportation,"Keep as a further option after establishing the starting routes in Housing: St. George disability-support provider offering DSPD-funded and private-pay residential group homes, host homes/professional parenting, supported living, day, after-school, summer, respite, behavioral services, and round-trip….",,res-redhead-supports-dspd-disability-services
Housing,Start here,"St. George Housing Authority housing, rental-assistance inquiry, and homeless document-verification access","Establish the housing-authority intake, voucher/waitlist status and available housing programs before property-by-property applications.",,res-st-george-housing-authority-section-8-public-housing
Housing,Important specialized help,USDA Section 504 Home Repair Loans and Grants - Utah rural access,"Review for this particular program or eligibility pathway: USDA Rural Development Section 504 Home Repair loans and grants for eligible rural homeowners, usable for health, safety, accessibility, and home-repair needs, including grants for homeowners age 62+ who cannot repay a loan.",,res-usda-section-504-home-repair-loans-grants-utah
Housing,Important specialized help,VA adapted-housing and HISA home-modification grants,"Review for this particular program or eligibility pathway: VA disability-related home-modification benefits for eligible veterans and service members, including SAH/SHA adapted-housing grants and HISA medically necessary structural alterations.",,res-va-disability-housing-hisa-sah-sha-grants
Housing,Important specialized help,Utah Medicaid New Choices Waiver,"Review for this particular program or eligibility pathway: Utah Medicaid New Choices Waiver helping eligible long-term nursing facility, assisted-living, small health care facility, or other licensed medical-institution residents move to integrated community-based settings with waiver….",,res-utah-medicaid-new-choices-waiver
Housing,Important specialized help,Southern Utah Veterans Home,"Review for this particular program or eligibility pathway: State veterans nursing home in Ivins providing long-term care, rehabilitation, and memory-care style nursing-home support for eligible veterans and some eligible family members.",,res-southern-utah-veterans-home
Housing,Important specialized help,Utah Labor Commission UALD employment and fair-housing discrimination complaints,"Review for this particular program or eligibility pathway: Utah Labor Commission Antidiscrimination and Labor Division administrative complaint process for covered employment discrimination and fair-housing discrimination, including online intake questionnaires, investigation routing….",,res-utah-labor-commission-uald-disability-discrimination
Housing,Important specialized help,Fight Against Domestic Violence Housing First,"Review for this particular program or eligibility pathway: Statewide Utah domestic-violence survivor housing fund covering security deposits, application and background-check fees, rental and utility assistance, home repairs, mortgage assistance, and related housing barriers through….",,res-fadv-housing-first
Housing,Start here,Homeless Veterans Fellowship Supportive Services for Veteran Families (SSVF),Establish the veteran-family homelessness prevention/rehousing route and local referral connection.,,res-homeless-veterans-fellowship-ssvf
Housing,Additional options,Jewish Family Service of Utah Financial Assistance / Safety Net Program,"Keep as a further option after establishing the starting routes in Housing: Jewish Family Service of Utah emergency financial assistance/Safety Net Program for eligible Utah residents facing urgent needs such as rent, utilities, healthcare, transportation, or other crisis expenses.",,res-jfs-utah-financial-assistance
Housing,Additional options,Money Management International free foreclosure-prevention counseling,"Keep as a further option after establishing the starting routes in Housing: Free foreclosure-prevention counseling from Money Management International for homeowners worried about current or future mortgage delinquency, plus related nonprofit financial counseling options.",,res-money-management-international-foreclosure-counseling
Housing,Additional options,Utah Department of Veterans and Military Affairs Utah Veteran First-Time Homebuyer Grant,"Keep as a further option after establishing the starting routes in Housing: Utah veterans first-time homebuyer grant pathway described by UDVMA as a $2,500 grant for eligible military members buying a first home in Utah.",,res-udvma-veteran-first-time-homebuyer-grant
Housing,Start here,Utah DWS Emergency Assistance / Homeless Prevention,"Establish the DWS emergency-assistance screening route and its narrow eligibility, timing and funding limits.",,res-utah-dws-emergency-assistance-homeless-prevention
Housing,Important specialized help,Utah DCFS Transition to Adult Living Aftercare Support and foster-youth document access,"Review for this particular program or eligibility pathway: Utah DCFS Transition to Adult Living aftercare support for qualifying youth who aged out of foster care or left custody/guardianship/adoption after age 16, including crisis support, vehicle purchase/maintenance help, housing….",,res-utah-dcfs-tal-aftercare-support
Housing,Additional options,Utah Housing Corporation First-Time Homebuyer Assistance and Down Payment Assistance,"Keep as a further option after establishing the starting routes in Housing: State housing-finance homebuyer pathway offering Utah Housing Corporation first mortgages and down-payment/closing-cost assistance through participating lenders, including first-time-homebuyer new-construction assistance when….",,res-utah-housing-corp-homebuyer-dpa
Housing,Important specialized help,Utah Medicaid Housing Related Services and Supports (HRSS),"Review for this particular program or eligibility pathway: Utah Medicaid Housing Related Services and Supports benefit providing tenancy support, community-transition expenses, supported-living services, and non-medical transportation for eligible Medicaid members through provider plans.",,res-utah-medicaid-hrss
Housing,Important specialized help,Utah Paiute Tribal Housing Authority Rental Assistance Program,Review for this particular program or eligibility pathway: Utah Paiute Tribal Housing Authority rental-assistance program providing rent subsidies to qualified applicants in its southern Utah tribal housing service area.,,res-uptha-rental-assistance
Housing,Additional options,Washington County Board of REALTORS REACH Foundation Grant Program,Keep as a further option after establishing the starting routes in Housing: Local REALTORS REACH Foundation grant program providing down-payment or closing-cost grants for qualifying Washington County homebuyers and grants to qualifying housing nonprofits.,,res-washington-county-realtors-reach-grant
Housing,Important specialized help,Utah JJYS Adult Living for Transitional Achievement (ALTA),"Review for this particular program or eligibility pathway: Utah Juvenile Justice and Youth Services ALTA program providing temporary housing, reentry support, skills development, education, vocational training, clinical support, and transition planning for eligible youth returning from….",,res-jjys-alta
Housing,Important specialized help,Utah Medicaid Justice-Involved Program,"Review for this particular program or eligibility pathway: Utah Medicaid 1115 reentry benefit providing targeted Medicaid-covered services for eligible inmates in state prisons, county jails, or juvenile justice facilities for up to 90 days before release.",,res-utah-medicaid-justice-involved-program
Housing,Additional options,At The Crossroads young adult residential transitional living and therapeutic support,"Keep as a further option after establishing the starting routes in Housing: Private residential transitional living program in St. George for young adults ages 18-26 building independence through housing, life skills, mental-health support, education/vocation, and real-world practice.",,res-at-the-crossroads-transitional-living
Housing,Additional options,Canyon Pointe Apartments affordable rental application route,"Keep as a further option after establishing the starting routes in Housing: St. George affordable apartment property listed by St. George Housing Authority, with property website application and leasing contact route.",,res-canyon-pointe-apartments
Housing,Additional options,Community Housing Services Black Hills and Snow Canyon affordable apartments,Keep as a further option after establishing the starting routes in Housing: Community Housing Services nonprofit affordable-housing properties in St. George: Black Hills HUD/USDA/LIHTC income-based apartments and Snow Canyon affordable apartment homes.,,res-community-housing-services-black-hills-snow-canyon
Housing,Additional options,Crown at Ash Creek CROWN rent-to-own affordable homes,Keep as a further option after establishing the starting routes in Housing: Washington County CROWN rent-to-own LIHTC property offering income-restricted below-market rentals with a future right of first refusal to purchase after the tax-credit compliance period.,,res-crown-at-ash-creek-crown-rent-to-own
Housing,Additional options,Desert Rose Apartments affordable rental application route,"Keep as a further option after establishing the starting routes in Housing: St. George affordable apartment property listed by St. George Housing Authority, offering 2-, 3-, and 4-bedroom apartments with a current property website and leasing office.",,res-desert-rose-apartments
Housing,Additional options,Fountain Heights Apartments affordable rental application route,"Keep as a further option after establishing the starting routes in Housing: Small St. George apartment property listed by St. George Housing Authority as an affordable rental, with current property website and Apply Now/contact route.",,res-fountain-heights-apartments
Housing,Important specialized help,Habitat for Humanity of Southwest Utah Homeowner Program,Review for this particular program or eligibility pathway: Washington and Iron County Habitat for Humanity affordable homeownership pathway for qualifying partner families willing to complete sweat equity and purchase a Habitat home with an affordable mortgage.,,res-habitat-southwest-utah-homeowner-program
Housing,Additional options,Hurricane Hills Townhomes affordable housing,"Keep as a further option after establishing the starting routes in Housing: Hurricane affordable townhome community near St. George, with income restrictions, availability/prequalification access, and family and senior-phase housing evidence.",,res-hurricane-hills-townhomes
Housing,Additional options,Jefferson Park Apartments low-income rental application route,"Keep as a further option after establishing the starting routes in Housing: St. George low-income apartment property listed by St. George Housing Authority under calculated-rent rentals, with 50 units and individual property application/contact required.",,res-jefferson-park-apartments
Housing,Additional options,St. George Villa Apartments income-based affordable rentals,Keep as a further option after establishing the starting routes in Housing: St. George family affordable apartment property with rent based on 30% of gross annual income and income qualification required.,,res-st-george-villa-apartments
Housing,Additional options,The Village at Heritage Court Apartments 55+ income-restricted rentals,"Keep as a further option after establishing the starting routes in Housing: 55+ income-restricted St. George apartment community with accessible homes available, pet policy information, and direct leasing contact.",,res-village-heritage-court-apartments
Housing,Additional options,Mesa Manor Apartments senior low-income rentals,Keep as a further option after establishing the starting routes in Housing: St. George senior low-income apartment property listed by the St. George Housing Authority as an age 62+ affordable rental option.,,res-mesa-manor-apartments
Housing,Start here,Navicore Solutions St. George HUD-approved housing counseling,Establish a local housing-counseling entry point for foreclosure/homeownership questions as well as immediate rental needs.,"Which counseling services are currently available remotely or locally, and are there fees or lender-related limits?",res-navicore-st-george-housing-counseling
Housing,Additional options,Renee Ann Apartments affordable rental application route,Keep as a further option after establishing the starting routes in Housing: Hurricane affordable apartment community in Washington County with rental application and direct leasing contact through Northwest Real Estate Capital/RentCafe.,,res-renee-ann-apartments
Housing,Additional options,Pine Valley Townhomes income-restricted affordable housing,"Keep as a further option after establishing the starting routes in Housing: Washington City affordable family townhome community with income restrictions, prequalification, and direct management contact.",,res-pine-valley-townhomes
Housing,Additional options,Red Cliff Manor senior tax-credit affordable rentals,Keep as a further option after establishing the starting routes in Housing: St. George senior tax-credit affordable rental property with prequalification and contact-list process for future openings.,,res-red-cliff-manor
Housing,Additional options,Redhawk Apartments Springdale income-restricted rentals,"Keep as a further option after establishing the starting routes in Housing: Springdale income-restricted affordable apartment property in Washington County with 1-, 2-, and 3-bedroom floor plans and direct leasing contact.",,res-redhawk-apartments-springdale
Housing,Additional options,Red Rock at Sienna Hills income-restricted apartments,"Keep as a further option after establishing the starting routes in Housing: Washington City income-restricted apartment community with 2- and 3-bedroom units, published 50%-80% AMI limits, and online application links.",,res-red-rock-at-sienna-hills
Housing,Additional options,Riverwalk Village LIHTC affordable apartments,Keep as a further option after establishing the starting routes in Housing: St. George LIHTC/affordable apartment community with 55+ and affordable-housing listing evidence and direct property phone route.,,res-riverwalk-village
Housing,Additional options,Riviera Palms Townhomes tax-credit affordable rentals contact list,Keep as a further option after establishing the starting routes in Housing: St. George tax-credit affordable townhome community using a prequalification and contact-list process for future unit openings.,,res-riviera-palms-townhomes
Housing,Important specialized help,Self-Help Homes Mutual Self-Help Housing pre-application,"Review for this particular program or eligibility pathway: USDA Rural Development mutual self-help homeownership pathway with prequalification, pre-application, and waiting-list process for active Utah building areas including Southern Utah.",,res-self-help-homes-mutual-self-help
Housing,Additional options,Hurricane Apartments 62+ income-restricted senior rentals,Keep as a further option after establishing the starting routes in Housing: Hurricane senior income-restricted apartment property for residents 62+ with rental assistance available to qualifying households.,,res-hurricane-apartments
Housing,Additional options,Sierra Pointe Apartments affordable rental application route,"Keep as a further option after establishing the starting routes in Housing: St. George affordable apartment property listed by SGHA with current property website, availability check, and online application/contact routes.",,res-sierra-pointe-apartments
Housing,Additional options,Sky at Brio 62+ senior apartments application and waitlist route,"Keep as a further option after establishing the starting routes in Housing: Washington City 62+ senior apartment community with online application, available-units, waitlist, and leasing contact routes.",,res-sky-at-brio
Housing,Additional options,Sober Living Properties At Sober Living - St. George sober living house,Keep as a further option after establishing the starting routes in Housing: Male transitional sober-living provider with public evidence of a St. George house and recovery-supportive furnished housing.,,res-sober-living-properties-st-george
Housing,Start here,Southwest Behavioral Health Center residential and housing support services,Review supported housing connected to public behavioral health; this is not a general apartment application route.,,res-sbhc-residential-housing-support
Housing,Additional options,Stone Ridge Townhomes affordable rental application route,"Keep as a further option after establishing the starting routes in Housing: Hurricane affordable three-bedroom townhome community near St. George with direct application, availability, and leasing contact routes.",,res-stone-ridge-townhomes
Housing,Additional options,Summerhill Apartments affordable family rentals,Keep as a further option after establishing the starting routes in Housing: St. George affordable family apartment community with online application/applicant access and low-income/USDA-funded rental listing corroboration.,,res-summerhill-apartments
Housing,Additional options,Summit Pointe Senior Apartments rental application route,Keep as a further option after establishing the starting routes in Housing: St. George senior apartment property with direct property contact route and public senior-community evidence.,,res-summit-pointe-senior-apartments
Housing,Additional options,Sunset Springs Apartments below-market and income-limited unit application route,Keep as a further option after establishing the starting routes in Housing: St. George apartment property with affordable-rental listing evidence and indication of below-market or income-limited units that require direct confirmation.,,res-sunset-springs-apartments
Housing,Start here,Switchpoint Red Hills / The Point at Red Hills supportive housing for seniors and veterans,Review the local supportive-housing application for seniors/veterans and its actual placement/waitlist rules.,"Who can apply, what income/age/veteran criteria apply, and is the waitlist or placement process currently open?",res-switchpoint-red-hills-point
Housing,Important specialized help,USDA Section 502 Direct Home Loan - Southern Utah rural access,"Review for this particular program or eligibility pathway: USDA Rural Development direct home loan for low- and very-low-income applicants buying or improving homes in eligible rural areas, with southern Utah field-office access and address-by-address property eligibility checks.",,res-usda-section-502-direct-home-loan
Housing,Important specialized help,Utah Paiute Tribal Housing Authority Low Rent Program,"Review for this particular program or eligibility pathway: Utah Paiute Tribal Housing Authority NAHASDA-funded owned low-rent housing program serving eligible Tribal/Native households in southern Utah, with units reported in St. George and nearby Washington County communities.",,res-uptha-low-rent-program
Housing,Additional options,Sun Country Home Solutions St. George housing counseling,"Keep as a further option after establishing the starting routes in Housing: Local HUD-listed housing-counseling branch offering budget and credit education, homebuyer counseling, and reverse-mortgage counseling.",,res-sun-country-home-solutions-housing-counseling
Housing,Important specialized help,HUD Office of Fair Housing and Equal Opportunity complaint intake,"Review for this particular program or eligibility pathway: Federal HUD Office of Fair Housing and Equal Opportunity intake for housing-discrimination, HUD-program civil-rights, and VAWA housing-rights complaints.",,res-hud-fheo-housing-discrimination-complaints
Housing,Important specialized help,Utah Community Action Landlord-Tenant Mediation Program,"Review for this particular program or eligibility pathway: Statewide Utah Community Action neutral landlord-tenant mediation program for tenants, landlords, property managers, and owners trying to resolve housing conflicts or avoid eviction.",,res-utah-community-action-landlord-tenant-mediation
Housing,Additional options,Utah Office of the Homeowners' Association Ombudsman,"Keep as a further option after establishing the starting routes in Housing: Utah Office of the Homeowners' Association Ombudsman education, registry, training, and advisory-opinion pathway for Utah homeowners, condominium associations, and community associations.",,res-utah-hoa-ombudsman
Housing,Additional options,Utah Office of the Property Rights Ombudsman,"Keep as a further option after establishing the starting routes in Housing: State Office of the Property Rights Ombudsman providing education, information requests, advisory opinions, and free mediation/arbitration in qualifying land-use, takings, eminent-domain, relocation, and government-related….",,res-utah-property-rights-ombudsman
Housing,Start here,HUD-Veterans Affairs Supportive Housing (HUD-VASH),Review the joint VA/housing-authority supportive-housing pathway and referral eligibility; it is not an ordinary rental application.,,res-hud-vash-federal-va-housing
Housing,Important specialized help,VA Salt Lake City Fisher House temporary lodging for veteran family members and caregivers,Review for this particular program or eligibility pathway: No-cost temporary lodging at Salt Lake City Fisher House for eligible family members and caregivers of veterans receiving inpatient care at the Salt Lake City VA Medical Center.,,res-va-salt-lake-fisher-house
Housing,Important specialized help,VA Salt Lake City Transfer and Lodging Center for VA care travel,Review for this particular program or eligibility pathway: VA Salt Lake City Transfer and Lodging Center phone route for veterans who may need VA-arranged transfer or lodging coordination connected to VA care away from St. George.,,res-va-salt-lake-transfer-lodging-center
ID Recovery,Additional options,"Saint George Vet Center confidential counseling, transition, referral support, and veteran document navigation","Keep as a further option after establishing the starting routes in ID Recovery: Free confidential Vet Center counseling, transition support, substance-use referral, crisis same-day response, career/education linkage, VA/community-resource connection, and limited eligibility/document navigation for veterans….",,res-vet-center
ID Recovery,Important specialized help,Washington County Court Support Services,"Review for this particular program or eligibility pathway: Washington County court-linked criminal-justice support office providing pretrial monitoring/services and post-trial case management for barriers including treatment, housing, transportation, employment….",,res-court-support
ID Recovery,Additional options,"Southwest Behavioral Health Center Washington County behavioral health, case management, Medicaid coordination, transportation help, and ID fee-waiver verification access","Keep as a further option after establishing the starting routes in ID Recovery: Public community behavioral-health outpatient access point for adults, youth, and families in southwest Utah, including mental-health treatment, psychiatry/medical services, case management, Medicaid behavioral-health….",,res-sbhc-children-family-outpatient
ID Recovery,Start here,"Switchpoint Community Resource Center shelter, meals, case management, transportation assistance, mental-health support, coordinated entry, ID-recovery help, and veteran homeless-service linkage",Establish the local homelessness intake and case-management connection first; confirm which assistance is direct and which requires another program.,"Which family, adult and veteran pathways can you initiate here, and which require a separate intake or referral?",res-switchpoint-family-emergency-shelter
ID Recovery,Start here,Utah Legal Services St. George civil legal aid and limited immigration citizenship help,Establish the local civil legal-aid screening route before specialist or fee-based alternatives.,,res-utah-legal-services-st-george-family-benefits
ID Recovery,Important specialized help,Washington County School District At-Risk Support Services / McKinney-Vento student supports and school transportation,"Review for this particular program or eligibility pathway: Washington County School District At-Risk Support Services and McKinney-Vento liaison pathway for vulnerable, homeless, or housing-unstable students and families, including school enrollment protections, free meals/fee waivers….",,res-wcsd-at-risk-mckinney-vento
ID Recovery,Important specialized help,American Red Cross of Utah home-fire and disaster immediate assistance and recovery support,"Review for this particular program or eligibility pathway: American Red Cross of Utah incident-triggered home-fire and disaster relief for people affected by disasters, including emergency clothing, recovery support, and guidance for replacing documents lost in a disaster.",,res-red-cross-utah-disaster-assistance
ID Recovery,Start here,"Social Security benefits, retirement, SSI, Medicare, Extra Help, appeals, and Saint George office access",Establish Social Security/SSI benefits and office/document access early; many other applications depend on this connection.,,res-social-security-disability-benefits-st-george-access
ID Recovery,Additional options,"St. George Housing Authority housing, rental-assistance inquiry, and homeless document-verification access","Keep as a further option after establishing the starting routes in ID Recovery: Local public housing authority administering St. George/Washington County Housing Choice Vouchers, low-income rental information, Dixie Sun Manor age-62+ public housing, limited emergency rental/mortgage assistance, HUD-covered….",,res-st-george-housing-authority-section-8-public-housing
ID Recovery,Additional options,Utah Department of Veterans and Military Affairs Southern Utah VSOs and DD-214 archive access,"Keep as a further option after establishing the starting routes in ID Recovery: Utah Department of Veterans and Military Affairs Southern Utah Veteran Service Officers provide free accredited benefits help, DD-214 archive routing for Utah home-of-record cases, and military-record navigation for veterans and….",,res-udvma-southern-utah-vso-claims
ID Recovery,Additional options,Utah State Courts Self-Help Center court forms and process help,"Keep as a further option after establishing the starting routes in ID Recovery: Free statewide Utah State Courts Self-Help Center for people without lawyers, including court-process, form, referral, and records-process help for name changes, fact-of-birth petitions, protective orders….",,res-utah-courts-self-help-guardianship-conservatorship
ID Recovery,Important specialized help,Utah Safe at Home Address Confidentiality Program,"Review for this particular program or eligibility pathway: Free Utah address-confidentiality program providing a legal substitute address and mail forwarding for eligible survivors, with DOVE Center and other Washington County certified assistants helping applicants enroll.",,res-utah-safe-at-home-address-confidentiality
ID Recovery,Start here,"Five County AOG Community Action Partnership Employment Support, bus passes, vouchers, and document assistance","Establish practical employment barriers support—documents, fare and vouchers—alongside job search and training.",,res-five-county-cap-employment-support
ID Recovery,Important specialized help,Utah DCFS Transition to Adult Living Aftercare Support and foster-youth document access,"Review for this particular program or eligibility pathway: Utah DCFS Transition to Adult Living aftercare support for qualifying youth who aged out of foster care or left custody/guardianship/adoption after age 16, including crisis support, vehicle purchase/maintenance help, housing….",,res-utah-dcfs-tal-aftercare-support
ID Recovery,Start here,Southwest Utah Public Health Washington County Vital Records and Utah birth-certificate fee waiver access,Establish local vital-record issuance and birth-certificate fee-waiver rules before indirect document-help referrals.,"Which birth records and fee waivers can this office issue, and what verification must the applicant bring?",res-swuhealth-vital-records-washington-county
ID Recovery,Start here,"Utah Driver License Division Dixie Office ID, Driving Privilege Card, reinstatement, and DUI hearing access","Establish the actual licensing/ID issuing office, required documents and appointment process before assistance referrals.",,res-utah-dld-dixie-license-reinstatement
ID Recovery,Important specialized help,"Washington County Justice Court case, warrant, public-defender, fine, and license access","Review for this particular program or eligibility pathway: Washington County Justice Court access point for misdemeanor and traffic case issues that can affect reentry and driving access, including public-defender requests, fine extensions, payments, warrants, fingerprint appointments….",,res-washington-county-justice-court-access
ID Recovery,Start here,USPS General Delivery and homeless mail access - St. George post office confirmation required,Verify the specific local post-office General Delivery arrangements early; an unreliable mailing address can block other assistance.,"Which St. George postal facility accepts General Delivery, with what ID, address format and holding period?",res-usps-general-delivery-st-george-mail-access
ID Recovery,Start here,Utah Driver License Division ID-card fee waivers - homeless and indigent applicants,Establish the ID fee-waiver eligibility and verification process alongside the issuing office.,,res-utah-dld-homeless-id-card-fee-waiver-dixie
ID Recovery,Important specialized help,Consulate of Mexico in Salt Lake City Mexican identity documents and certified birth records,"Review for this particular program or eligibility pathway: Mexican consular identity-document access for Utah residents, including Mexican passports, matrícula consular cards, voter credentials, and certified Mexican birth records, with St. George served through Utah-wide consular….",,res-consulate-mexico-slc-id-documents
ID Recovery,Important specialized help,Federal Trade Commission IdentityTheft.gov Identity Theft Report and recovery plan,"Review for this particular program or eligibility pathway: Federal Trade Commission online and phone pathway to report identity theft, create an FTC Identity Theft Report, and generate a personal recovery plan and letters for correcting identity misuse.",,res-ftc-identitytheft-recovery-plan
ID Recovery,Important specialized help,IRS Individual Taxpayer Identification Number (Form W-7) application,"Review for this particular program or eligibility pathway: Official IRS Form W-7 pathway to apply for or renew an Individual Taxpayer Identification Number, which Utah DLD accepts as Social Security number/ITIN evidence for Driving Privilege Card applications.",,res-irs-itin-form-w7
ID Recovery,Important specialized help,National Archives NPRC military service records and DD Form 214 replacement,"Review for this particular program or eligibility pathway: Official National Archives/NPRC route for veterans and next of kin to request military service records, including DD Form 214 replacement and Official Military Personnel File records.",,res-nara-nprc-dd214-replacement
ID Recovery,Important specialized help,I Am Here Vital Document Legal Hotline for Youth,"Review for this particular program or eligibility pathway: Free national call/text hotline offering state-specific legal information to youth who need help obtaining vital documents such as birth certificates, state IDs, and Social Security cards.",,res-nn4y-vital-document-hotline-youth
ID Recovery,Important specialized help,No More A Stranger Foundation free immigration legal representation,"Review for this particular program or eligibility pathway: Utah nonprofit offering free immigration legal consultations and start-to-finish representation on immigration cases, including work permits, asylum, T visas, green-card renewals, VAWA, naturalization, DACA, family visas, U….",,res-nomas-legal-immigration-documents
ID Recovery,Additional options,Office of the Utah Lieutenant Governor Apostille and document authentication,Keep as a further option after establishing the starting routes in ID Recovery: Official Utah Lieutenant Governor pathway for apostilles and authentications of Utah public or properly notarized documents needed for foreign governments or international processes.,,res-utah-lieutenant-governor-apostille
ID Recovery,Important specialized help,Paiute Indian Tribe of Utah Enrollment Services and Shivwits Band documentation access,"Review for this particular program or eligibility pathway: Official Paiute Indian Tribe of Utah enrollment pathway, with Shivwits Band local office contact, for eligible Tribal members or applicants needing enrollment verification and related official documentation guidance.",,res-pitu-enrollment-shivwits-documentation
ID Recovery,Important specialized help,Rainbow Law Legal Site name and gender-marker legal clinic,Review for this particular program or eligibility pathway: Free brief LGBTQ legal clinic with statewide online appointments for name and gender-marker-change questions and related legal paperwork planning.,,res-rainbow-law-legal-site-name-gender-marker
ID Recovery,Important specialized help,SixFifty Identity 650 Utah name-change and gender-marker paperwork tool,"Review for this particular program or eligibility pathway: Free online Utah paperwork-preparation tool for legal name-change, gender-marker correction, or combined name and gender-marker court paperwork.",,res-sixfifty-identity-650
ID Recovery,Important specialized help,St. George Police Department online report and records starting point for stolen or misused IDs,"Review for this particular program or eligibility pathway: Official St. George Police online report screener and reporting route that can produce an incident/case number and printable report for eligible theft, fraud, or lost-property situations affecting identity documents.",,res-st-george-police-online-report-id-theft
ID Recovery,Important specialized help,"USCIS Contact Center, Salt Lake City field office/ASC, accommodations, and fee-waiver pathways","Review for this particular program or eligibility pathway: Official USCIS pathway for immigration benefit questions, field-office or biometrics appointments, disability accommodations, fee waivers/reduced naturalization fees, and replacement or correction of immigration status and….",,res-uscis-immigration-document-replacement-fee-waiver
ID Recovery,Important specialized help,U.S. Department of State lost or stolen U.S. passport replacement,Review for this particular program or eligibility pathway: Official U.S. Department of State process to report a valid U.S. passport lost or stolen and replace it with a new passport application.,,res-state-dept-lost-stolen-passport
ID Recovery,Important specialized help,U.S. Department of State Consular Report of Birth Abroad replacement or amendment,"Review for this particular program or eligibility pathway: Official U.S. Department of State mail-in pathway to replace or amend a Consular Report of Birth Abroad, Form FS-240, for U.S. citizens born abroad.",,res-state-dept-crba-replacement
ID Recovery,Important specialized help,USPS St. George Red Rocks Station passport acceptance,"Review for this particular program or eligibility pathway: USPS Red Rocks Station passport acceptance facility for in-person DS-11 execution, with passport photo service and USPS appointment scheduling.",,res-usps-red-rocks-passport-acceptance
ID Recovery,Start here,Utah Department of Corrections reentry vital documents assistance,Review pre-release document assistance early; missing documents can obstruct nearly every other reentry referral.,,res-udc-reentry-vital-documents-assistance
ID Recovery,Important specialized help,Utah Adoption Registry original birth record access,"Review for this particular program or eligibility pathway: Utah DHHS Adoption Registry pathway allowing adult Utah-born adoptees to obtain a non-certified copy of their original birth record and, by mutual consent, contact information for birth parents or blood-related siblings.",,res-utah-adoption-registry-original-birth-record
ID Recovery,Additional options,Utah Division of Archives and Records Service reference services for historical vital and public records,"Keep as a further option after establishing the starting routes in ID Recovery: Utah State Archives reference service for older Utah public records, historical vital records, public-record indexes, copies, and certifications when records are in Archives holdings.",,res-utah-archives-reference-services-historical-records
ID Recovery,Important specialized help,Utah State Courts Petition for Order Establishing Fact of Birth / delayed birth certificate,Review for this particular program or eligibility pathway: Utah State Courts self-help pathway for a Petition for Order Establishing Fact of Birth when a Utah birth was not timely registered and delayed-birth-certificate administrative remedies require a court order.,,res-utah-courts-fact-of-birth-delayed-certificate
ID Recovery,Additional options,Utah State Courts Fifth District St. George court records and certified-copy access,"Keep as a further option after establishing the starting routes in ID Recovery: Local Fifth District Court access point for Washington County court filings and certified court records or orders used as supporting documents for name changes, divorce, guardianship, probate, criminal/civil case history, or….",,res-utah-state-courts-fifth-district-st-george-records
ID Recovery,Important specialized help,Utah Tech University Police Department Driving Privilege Card fingerprint/photo packet and notary services,"Review for this particular program or eligibility pathway: Utah Tech University Police Department public fingerprinting, Driving Privilege Card fingerprint/photo packet, Utah criminal-history, wet-ink fingerprint, and notary access point in St. George.",,res-utah-tech-police-dpc-fingerprint-notary
ID Recovery,Additional options,VoteRiders Helpline voter ID and supporting-document assistance,"Keep as a further option after establishing the starting routes in ID Recovery: Free national VoteRiders helpline providing voter-ID assistance, document-cost help, appointment setup, and rides to DMV or Social Security offices when connected to voting readiness.",,res-voteriders-voter-id-assistance
ID Recovery,Start here,"Washington County Clerk/Auditor marriage certified copies, notary, passport photos, and passport acceptance",Establish the county's actual certified-copy/passport services and distinguish them from state birth-record issuance.,,res-washington-county-clerk-passport-marriage-notary
ID Recovery,Additional options,Washington County Recorder/Surveyor recorded military discharges and certified copies,Keep as a further option after establishing the starting routes in ID Recovery: Washington County Recorder/Surveyor pathway for recorded military discharges and certified copies when a veteran previously recorded discharge paperwork with the county.,,res-washington-county-recorder-military-discharge
ID Recovery,Additional options,Washington County Sheriff's Office Records / GRAMA Request,"Keep as a further option after establishing the starting routes in ID Recovery: Washington County Sheriff's Office Records/GRAMA request route for sheriff-handled reports and records that may support identity-theft, stolen-document, lost-property, release, protective-order, or other document-recovery packets.",,res-washington-county-sheriff-records-grama
ID Recovery,Additional options,Utah Division of Consumer Protection complaint intake,"Keep as a further option after establishing the starting routes in ID Recovery: Official Utah Division of Consumer Protection complaint process for consumer fraud, scams, immigration-consultant issues, telemarketing, identity-theft-related consumer issues, charities, lemon-law categories, and other covered….",,res-utah-dcp-consumer-protection-complaints
ID Recovery,Additional options,Utah State Courts MyPaperwork / Online Court Assistance Program transition,Keep as a further option after establishing the starting routes in ID Recovery: Utah Courts MyPaperwork and remaining OCAP/self-help form pathway for self-represented litigants preparing selected Utah court documents.,,res-utah-courts-mypaperwork-ocap
Immigration,Additional options,Utah Department of Workforce Services Eligibility Services - St. George/myCase benefits access,"Keep as a further option after establishing the starting routes in Immigration: Utah Department of Workforce Services eligibility access point for myCase applications, interviews, case questions, and reviews for Medicaid, SNAP, TANF/FEP, General Assistance, child care, ABD medical assistance, and other….",,res-utah-dws-eligibility-services-st-george
Immigration,Start here,Utah Legal Services St. George civil legal aid and limited immigration citizenship help,Establish the local civil legal-aid screening route before specialist or fee-based alternatives.,,res-utah-legal-services-st-george-family-benefits
Immigration,Start here,Manos Amigas Utah Southern Utah immigrant detention/deportation support and emergency aid,"Clarify local support for families affected by detention/deportation early, including how emergency assistance is requested.",,res-manos-amigas-utah-emergency-basic-needs
Immigration,Important specialized help,Alliance Community Services low-cost immigration services and survivor support,"Review for this particular program or eligibility pathway: Utah bilingual nonprofit offering low-cost DOJ-accredited immigration services and confidential survivor support, including immigration relief for crime and domestic-violence survivors.",,res-alliance-community-violence-recovery
Immigration,Important specialized help,Catholic Community Services of Utah immigration legal services,"Review for this particular program or eligibility pathway: Catholic Community Services of Utah immigration legal services for refugees and migrants, including USCIS filings, immigration-court representation, asylum, removal, family reunification, permanent residence, citizenship, and….",,res-catholic-community-services-immigration-victim-legal
Immigration,Start here,Consulate of Mexico in Salt Lake City consular protection and detained-migrant assistance,Establish the consular protection contact and its limits for Mexican nationals needing urgent documentation or detention support.,,res-consulate-mexico-slc-protection-domestic-violence
Immigration,Important specialized help,Holy Cross Ministries Legal Immigration Program,"Review for this particular program or eligibility pathway: Utah nonprofit legal immigration program offering low-cost or no-cost consultations and representation, including humanitarian relief, family reunification, citizenship, and immigrant-survivor matters, with phone/virtual….",,res-holy-cross-immigrant-survivor-legal
Immigration,Important specialized help,Immigrant Legal Services immigration representation,"Review for this particular program or eligibility pathway: Utah nonprofit immigration legal-services provider offering low-bono/pro-bono representation and immigration-rights support for asylum, SIJS, family, citizenship, DACA, and victim/humanitarian cases.",,res-immigrant-legal-services-victim-immigration
Immigration,Start here,"Timpanogos Legal Center free hotline, online clinics, St. George clinic, and limited immigration legal advice","Review the hotline and local/online clinic entry points, including which case types each can actually handle.",,res-timpanogos-legal-center-hotline-clinics
Immigration,Additional options,Washington County School District Southwest Adult High School ESL classes,"Keep as a further option after establishing the starting routes in Immigration: Evening English as a Second Language classes at Southwest Adult High School with walk-in registration, forms, pre-class assessment, and level placement for adults improving English skills for work, daily life, and immigrant….",,res-wcsd-southwest-adult-high-school-esl
Immigration,Additional options,Utah DWS Refugee Cash Assistance and Refugee Medical Assistance eligibility,"Keep as a further option after establishing the starting routes in Immigration: State-administered Refugee Cash Assistance and Refugee Medical Assistance eligibility pathway for refugees, asylees, certified trafficking victims, SIV holders, and other ORR-eligible entrants who meet status, income/resource….",,res-utah-dws-refugee-cash-assistance
Immigration,Start here,"Utah Driver License Division Dixie Office ID, Driving Privilege Card, reinstatement, and DUI hearing access","Establish the actual licensing/ID issuing office, required documents and appointment process before assistance referrals.",,res-utah-dld-dixie-license-reinstatement
Immigration,Start here,No More A Stranger Foundation free immigration legal representation,"Review nonprofit immigration case screening early, while confirming Washington County/remote access and accepted case types.","Do you currently accept Washington County clients remotely, for which case types, with what wait and fees?",res-nomas-legal-immigration-documents
Immigration,Start here,"USCIS Contact Center, Salt Lake City field office/ASC, accommodations, and fee-waiver pathways","Establish official immigration appointment, accommodation and document-contact routes, distinct from legal representation.",,res-uscis-immigration-document-replacement-fee-waiver
Immigration,Start here,ACLU of Utah immigrants' rights and 287(g) resources,Review rights information early so staff can recognize when legal help is needed; it is not individual representation.,,res-aclu-utah-immigrants-rights
Immigration,Important specialized help,ABA Commission on Immigration Detention Information Hotline,Review for this particular program or eligibility pathway: National ABA Commission on Immigration hotline providing legal information and referrals for people detained in immigration detention facilities.,,res-aba-detention-information-hotline
Immigration,Important specialized help,ABA Federal Free Legal Answers immigration questions,Review for this particular program or eligibility pathway: Free online brief-advice clinic where financially eligible users can submit federal immigration questions to volunteer attorneys.,,res-aba-federal-free-legal-answers
Immigration,Important specialized help,BYU Community Legal Clinic free civil and immigration help,"Review for this particular program or eligibility pathway: Free BYU Law student clinic, supervised by faculty, representing clients in immigration, housing, contracts, and other civil matters with English and Spanish assistance.",,res-byu-community-legal-clinic
Immigration,Important specialized help,Consulado General de El Salvador en Salt Lake City consular assistance and Consulado Virtual,"Review for this particular program or eligibility pathway: Consular access point and virtual orientation line for Salvadoran nationals in Utah needing consular services, procedure guidance, and legal-advice routing.",,res-el-salvador-consulate-slc-consular-assistance
Immigration,Start here,Elevate Utah Immigration Legal Program,Review the nonprofit immigration intake and current local/remote service boundaries before fee-based alternatives.,"Which immigration matters and Washington County clients can you currently accept, and can intake be completed remotely?",res-elevate-utah-immigration-legal-program
Immigration,Important specialized help,English Skills Learning Center free citizenship preparation classes,Review for this particular program or eligibility pathway: Free USCIS-grant-supported citizenship-preparation classes for permanent residents preparing for the naturalization interview and exam.,,res-english-skills-learning-center-citizenship
Immigration,Additional options,Immigration Law Offices of Reza Athari St. George immigration law office,"Keep as a further option after establishing the starting routes in Immigration: Private St. George immigration law office handling family, citizenship, asylum, removal/deportation, bond, work visa, and business immigration matters.",,res-reza-athari-st-george-immigration-law
Immigration,Important specialized help,International Rescue Committee in Utah immigration services,"Review for this particular program or eligibility pathway: DOJ-recognized low-cost IRC immigration services program in Utah, serving former refugees, asylees, SIV recipients, and other immigrants, with direct phone/text/email appointment access and virtual citizenship tutoring.",,res-irc-utah-immigration-services
Immigration,Important specialized help,Lutheran Family Services Rocky Mountains Salt Lake City Immigration Legal Services,Review for this particular program or eligibility pathway: Lutheran Family Services Rocky Mountains' Salt Lake City immigration legal services program for lawfully present immigrants.,,res-lfsrm-utah-immigration-legal-services
Immigration,Important specialized help,Military OneSource citizenship and immigration services for military families,"Review for this particular program or eligibility pathway: Military OneSource citizenship and immigration routing for eligible service members and military families, including military legal assistance offices, USCIS Military Help Line information, AILA MAP referrals, and….",,res-military-onesource-citizenship-immigration
Immigration,Important specialized help,Consulate General of Guatemala in Denver Utah consular jurisdiction and emergency assistance,Review for this particular program or eligibility pathway: Guatemalan consular jurisdiction and emergency assistance route for Guatemalan nationals in Utah through the Consulate General of Guatemala in Denver.,,res-guatemala-consulate-denver-utah-jurisdiction
Immigration,Additional options,Monument Immigration St. George immigration attorney services,"Keep as a further option after establishing the starting routes in Immigration: Private immigration law firm advertising St. George-focused immigration services, bilingual English/Spanish support, flat-fee pricing, payment plans, and consultations for qualifying clients.",,res-monument-immigration-st-george
Immigration,Important specialized help,Citizenshipworks / New Americans Campaign naturalization help,Review for this particular program or eligibility pathway: National online citizenship-preparation and naturalization-help pathway using Citizenshipworks and New Americans Campaign hotline/partner referrals.,,res-citizenshipworks-new-americans-campaign
Immigration,Important specialized help,Pathway for Immigrant Workers Pathways to Permanence,Review for this particular program or eligibility pathway: National nonprofit helping low-wage immigrant workers and employers explore lawful permanent residency through employer sponsorship and PERM labor certification.,,res-pathway-immigrant-workers
Immigration,Additional options,Proseyo affordable immigration services,"Keep as a further option after establishing the starting routes in Immigration: Utah nonprofit offering affordable immigration form-preparation and application support with posted service fees, payment plans, and Spanish/Portuguese access.",,res-proseyo-affordable-immigration-services
Immigration,Additional options,Rumsey Law Firm St. George immigration consultations,"Keep as a further option after establishing the starting routes in Immigration: Private immigration law firm with St. George appointment access and nationwide services for green cards, visas, citizenship, and immigration-court matters.",,res-rumsey-law-firm-immigration
Immigration,Additional options,SimpleCitizen online immigration application preparation and attorney-review packages,"Keep as a further option after establishing the starting routes in Immigration: Online paid immigration application preparation platform with independent attorney review options for supported USCIS applications, usable remotely by St. George residents.",,res-simplecitizen-online-immigration-application-prep
Immigration,Important specialized help,THRIVE Center for Survivors of Torture case management and asylum legal representation,"Review for this particular program or eligibility pathway: Free statewide specialized support for refugees, immigrants, asylees, and asylum seekers who survived torture or severe war trauma, including case management, native-language care, medical navigation, mental-health services, and….",,res-thrive-survivors-torture-immigration-legal-referral
Immigration,Additional options,USCIS Citizenship Resource Center and naturalization test study resources,Keep as a further option after establishing the starting routes in Immigration: Official USCIS and USAGov naturalization study and application resources for lawful permanent residents preparing for citizenship.,,res-uscis-citizenship-resource-center-study-test
Immigration,Start here,Salt Lake City Immigration Court and EOIR hearing access,Establish immigration-court hearing access and case-location instructions; missing a hearing has serious consequences.,,res-eoir-salt-lake-city-immigration-court
Immigration,Important specialized help,U.S. Department of Labor WHD U and T visa certification requests for workplace crimes,"Review for this particular program or eligibility pathway: Federal Wage and Hour Division pathway for possible U or T visa law-enforcement certifications connected to qualifying workplace crimes, trafficking, or labor violations under WHD jurisdiction.",,res-dol-whd-u-t-visa-certification-workplace-crimes
Immigration,Start here,ICE Online Detainee Locator and Detention Reporting and Information Line,Establish official detention-location/contact routes alongside legal and family support; neither is a substitute for the other.,,res-ice-detainee-locator-dril
Immigration,Important specialized help,University of Utah Pro Bono Initiative online legal sites,"Review for this particular program or eligibility pathway: Free brief legal advice from the University of Utah S.J. Quinney College of Law Pro Bono Initiative, including selected online statewide legal sites for consumer, employment, housing, discrimination, LGBT, immigration, and other….",,res-uofu-law-pro-bono-immigration-legal-site
Immigration,Additional options,US Journey Immigration Services Utah immigration law firm,"Keep as a further option after establishing the starting routes in Immigration: Private Utah immigration law firm serving clients across all 50 states, with bilingual English/Spanish support, payment plans, and individual, family, investor, and employer immigration services.",,res-us-journey-immigration-services
Immigration,Additional options,Utah DWS Foreign Labor Certification and H-2A/H-2B worker-rights materials,"Keep as a further option after establishing the starting routes in Immigration: State Foreign Labor Certification access point for H-2A/H-2B program oversight, migrant housing inspections, job-order oversight, and worker-rights materials in English and Spanish.",,res-utah-dws-foreign-labor-certification-worker-rights
Immigration,Start here,Utah Citizenship Initiative / Utah Citizenship Hub,"Review citizenship application/navigation support early, including the availability of appropriate legal screening.",,res-utah-goed-citizenship-hub
Immigration,Start here,Utah Legal Services Migrant Farm Workers Program,Review migrant-worker legal support early; employment and immigration concerns can overlap in ways general intake misses.,,res-utah-legal-services-migrant-farm-workers
Immigration,Additional options,Utah Tech University Office of International Programs immigration guidance,"Keep as a further option after establishing the starting routes in Immigration: Local Utah Tech office providing immigration-status guidance and related student support for international students, including mandatory check-in, maintaining F-1/J-1 status, CPT/OPT employment guidance, and international-student….",,res-utah-tech-international-programs-immigration-guidance
Immigration,Start here,Washington County School District K-12 ESL and Title III language-access support,Establish the school language-access contact for children/families before supplementary language programs.,,res-wcsd-k12-esl-title-iii-language-access
Immigration,Important specialized help,Utah Division of Consumer Protection complaint intake,"Review for this particular program or eligibility pathway: Official Utah Division of Consumer Protection complaint process for consumer fraud, scams, immigration-consultant issues, telemarketing, identity-theft-related consumer issues, charities, lemon-law categories, and other covered….",,res-utah-dcp-consumer-protection-complaints
Immigration,Additional options,Utah Tech University Office of International Programs arrival transportation and airport pickup,Keep as a further option after establishing the starting routes in Immigration: Utah Tech Office of International Programs arrival-transportation pathway that may provide airport pickup for newly arriving international students with advance notice.,,res-utah-tech-international-airport-pickup
Legal,Additional options,Cherish Families wraparound support for families from polygamous and high-control backgrounds,"Keep as a further option after establishing the starting routes in Legal: Free, confidential wraparound support for individuals and families from polygamous or high-control backgrounds, including crisis, counseling, safety planning, protective-order help, basic needs, rental assistance, housing….",,res-cherish-families-wraparound
Legal,Start here,"Disability Law Center Utah disability-rights, housing-access, CAP, and abuse/neglect legal advocacy","Establish a disability-rights advocacy route, including case acceptance and alternatives when representation is unavailable.",,res-disability-law-center-utah
Legal,Additional options,DOVE Center domestic-violence and sexual-assault services,"Keep as a further option after establishing the starting routes in Legal: Washington and Kane County domestic-violence and sexual-assault agency providing a 24/7 helpline, confidential shelter or safe-housing access, advocacy, counseling, protective-order and court support, medical advocacy….",,res-dove-center-family-services
Legal,Additional options,Paiute Indian Tribe of Utah Family Services and FourPoints family support,"Keep as a further option after establishing the starting routes in Legal: Paiute Indian Tribe of Utah Family Services and FourPoints Health pathway for eligible Tribal families and community patients, including domestic-violence advocacy/support, Indian child welfare coordination, vulnerable….",,res-pitu-family-services-child-care-crisis
Legal,Important specialized help,Washington County Children's Justice Center child forensic interview and victim advocacy,"Review for this particular program or eligibility pathway: Washington County child-abuse response center coordinating child forensic interviews, victim advocacy, pediatric medical services and trauma-related mental-health linkage for children who have been victims of abuse or other….",,res-washington-county-childrens-justice-center
Legal,Start here,Utah Legal Services St. George civil legal aid and limited immigration citizenship help,Establish the local civil legal-aid screening route before specialist or fee-based alternatives.,,res-utah-legal-services-st-george-family-benefits
Legal,Important specialized help,Utah Office of Guardian ad Litem and CASA - Fifth Judicial District child advocacy,"Review for this particular program or eligibility pathway: Utah Office of Guardian ad Litem and CASA child legal advocacy for Fifth Judicial District abuse, neglect, and dependency cases, with trained CASA volunteers supporting court-appointed advocacy for children.",,res-utah-gal-casa-fifth-district
Legal,Important specialized help,Utah Office of Recovery Services Child Support Services - St. George office,"Review for this particular program or eligibility pathway: Utah Office of Recovery Services child-support program with St. George office access, including child-support application, paternity establishment, support and medical-support orders, enforcement, payment processing, and….",,res-utah-ors-child-support-services
Legal,Additional options,"Utah Tech University Student Resource Center student support, basic-needs, advocacy, and student legal clinic","Keep as a further option after establishing the starting routes in Legal: Utah Tech Student Resource Center student-support hub offering academic coaching, mentoring, case management/resource navigation, student-family supports, Blazer Food Pantry groceries and essentials, Come & Get It free-food….",,res-utah-tech-student-resource-center-student-parents
Legal,Important specialized help,Five County Area Agency on Aging Long-Term Care Ombudsman Program,"Review for this particular program or eligibility pathway: Local long-term-care ombudsman advocacy for residents of skilled nursing facilities and assisted living facilities in the Five County region, including confidential help with resident-rights complaints, abuse, neglect, and….",,res-five-county-aaa-long-term-care-ombudsman
Legal,Important specialized help,Guardianship Associates of Utah guardianship and pro se training,"Review for this particular program or eligibility pathway: Utah nonprofit guardianship agency offering basic guardianship and pro se training, professional guardianship, conservatorship, and related disability-focused protective-service guidance.",,res-guardianship-associates-utah-guardianship-training
Legal,Important specialized help,"Sego Lily Center for the Abused Deaf St. George support, advocacy, and legal-resource navigation","Review for this particular program or eligibility pathway: Utah victim-services organization providing Deaf, Hard of Hearing, DeafBlind, and DeafDisabled abuse support, with a St. George daytime support contact, culturally accessible advocacy, resource navigation, and after-hours Deaf….",,res-sego-lily-abused-deaf-st-george-support
Legal,Important specialized help,"Social Security benefits, retirement, SSI, Medicare, Extra Help, appeals, and Saint George office access","Review for this particular program or eligibility pathway: Official Social Security access pathway for Social Security retirement, SSI, survivors, SSDI, Medicare enrollment, Extra Help, Social Security cards, benefit verification, appeals, homeless mailing-address options, and….",,res-social-security-disability-benefits-st-george-access
Legal,Start here,Utah Adult Protective Services vulnerable adult reporting,Establish vulnerable-adult protection reporting and response boundaries early because this is a consequential safety pathway.,,res-utah-aps-vulnerable-adult-protection
Legal,Important specialized help,Utah DHHS Disabilities Ombuds / ADA Coordinator,"Review for this particular program or eligibility pathway: Utah DHHS Disabilities Ombuds/ADA Coordinator pathway for disability-service concerns, rights questions, DHHS-related access issues, and ADA/access complaint navigation.",,res-utah-dhhs-disabilities-ombuds
Legal,Important specialized help,Utah Office of Public Guardian (OPG),"Review for this particular program or eligibility pathway: Utah Office of Public Guardian last-resort guardianship and conservatorship service for incapacitated adults, including adults with intellectual disabilities, brain injury, mental illness, aging-related illness, or….",,res-utah-office-public-guardian
Legal,Start here,Utah Labor Commission UALD employment and fair-housing discrimination complaints,Establish the state discrimination complaint pathway and applicable deadlines; general legal advice is not the filing process.,,res-utah-labor-commission-uald-disability-discrimination
Legal,Important specialized help,Utah Parent Center PTI Parent Consultants and special education rights navigation,"Review for this particular program or eligibility pathway: Free Utah Parent Center Parent Training and Information project, including Parent Consultants and Transition University, providing one-on-one parent consultations, IEP/504 rights navigation, special-education advocacy skills, and….",,res-utah-parent-center-pti-special-education-support
Legal,Important specialized help,Utah Courts Guardianship Signature Program,Review for this particular program or eligibility pathway: Utah State Courts and Utah State Bar program connecting courts with volunteer attorneys for unrepresented respondents in guardianship proceedings.,,res-utah-courts-guardianship-signature-program
Legal,Start here,Utah State Courts Self-Help Center court forms and process help,"Establish court self-help and form/process assistance, clearly distinguishing it from legal representation.",,res-utah-courts-self-help-guardianship-conservatorship
Legal,Important specialized help,Alliance Community Services low-cost immigration services and survivor support,"Review for this particular program or eligibility pathway: Utah bilingual nonprofit offering low-cost DOJ-accredited immigration services and confidential survivor support, including immigration relief for crime and domestic-violence survivors.",,res-alliance-community-violence-recovery
Legal,Additional options,Utah Free Legal Answers,Keep as a further option after establishing the starting routes in Legal: Online Utah civil legal advice clinic where financially eligible adults can submit non-criminal legal questions and receive brief written advice from volunteer Utah attorneys.,,res-utah-free-legal-answers
Legal,Important specialized help,Catholic Community Services of Utah immigration legal services,"Review for this particular program or eligibility pathway: Catholic Community Services of Utah immigration legal services for refugees and migrants, including USCIS filings, immigration-court representation, asylum, removal, family reunification, permanent residence, citizenship, and….",,res-catholic-community-services-immigration-victim-legal
Legal,Important specialized help,City of St. George Police Department Victim Services Unit,"Review for this particular program or eligibility pathway: City of St. George system-based victim/witness advocacy for crime victims, including domestic violence, sexual assault, stalking, protective-order help, court accompaniment, medical-forensic routing, and victim-rights information.",,res-st-george-police-victim-services
Legal,Important specialized help,Consulate of Mexico in Salt Lake City consular protection and detained-migrant assistance,"Review for this particular program or eligibility pathway: Consular protection pathway for Mexican nationals in Utah facing immigration detention, rights violations, family-location emergencies, domestic violence, vulnerable repatriation, humanitarian-permit questions, or threats to life….",,res-consulate-mexico-slc-protection-domestic-violence
Legal,Important specialized help,Holy Cross Ministries Legal Immigration Program,"Review for this particular program or eligibility pathway: Utah nonprofit legal immigration program offering low-cost or no-cost consultations and representation, including humanitarian relief, family reunification, citizenship, and immigrant-survivor matters, with phone/virtual….",,res-holy-cross-immigrant-survivor-legal
Legal,Important specialized help,Hurricane City Police Department Victim Services,"Review for this particular program or eligibility pathway: Hurricane City Police Department victim advocate support for victims of domestic violence, sexual assault, stalking, child abuse, harassment, and other crimes in Hurricane City.",,res-hurricane-police-victim-services
Legal,Important specialized help,Immigrant Legal Services immigration representation,"Review for this particular program or eligibility pathway: Utah nonprofit immigration legal-services provider offering low-bono/pro-bono representation and immigration-rights support for asylum, SIJS, family, citizenship, DACA, and victim/humanitarian cases.",,res-immigrant-legal-services-victim-immigration
Legal,Important specialized help,Santa Clara-Ivins Police Department Victim Advocates,Review for this particular program or eligibility pathway: Santa Clara-Ivins system-based victim advocate and Safe at Home enrollment access point for crime victims and survivors in the Santa Clara/Ivins area.,,res-ivins-santa-clara-victim-advocates
Legal,Important specialized help,Eastern Washington County Victim Services / La Verkin City Police Department,"Review for this particular program or eligibility pathway: UOVC-listed rural victim-services program based at La Verkin City Police Department, covering eastern Washington County towns with free mobile crisis intervention, safety planning, protective-order help, court advocacy, and….",,res-la-verkin-eastern-washington-victim-services
Legal,Important specialized help,Mohave County Attorney Victim/Witness Program - Arizona Strip domestic-violence advocacy,"Review for this particular program or eligibility pathway: Mohave County Attorney Victim/Witness Program for Arizona crime victims, including a Domestic Violence Advocate and North Canyon Advocate for Arizona Strip cases near Colorado City/Short Creek.",,res-mohave-county-arizona-strip-victim-witness
Legal,Important specialized help,North Canyon Justice Court / Colorado City Arizona protective-order filing access,Review for this particular program or eligibility pathway: Arizona Strip court access point for Arizona Orders of Protection and Injunctions Against Harassment at North Canyon Justice Court/Colorado City court location.,,res-mohave-north-canyon-protection-orders
Legal,Start here,Southern Utah Bar Association and Utah Legal Services Talk With an Attorney Clinic,Establish the local brief-advice clinic access and limits before comparing general legal alternatives.,,res-southern-utah-bar-talk-with-attorney-clinic
Legal,Important specialized help,Springdale Police Department Victim Services,"Review for this particular program or eligibility pathway: Springdale Police Department system-based victim-services access point for crime victims, including domestic-violence survivors needing safety planning, protective-order information, shelter information, case updates, and court….",,res-springdale-police-victim-services
Legal,Start here,"Timpanogos Legal Center free hotline, online clinics, St. George clinic, and limited immigration legal advice","Review the hotline and local/online clinic entry points, including which case types each can actually handle.",,res-timpanogos-legal-center-hotline-clinics
Legal,Start here,Utah Crime Victims Legal Clinic victim-rights and protection-order legal advocacy,Establish the victim-rights legal pathway and case screening before assuming a general attorney clinic can handle protection needs.,,res-utah-crime-victims-legal-clinic
Legal,Important specialized help,Utah Homicide Survivors pro-bono legal services after homicide,"Review for this particular program or eligibility pathway: Utah nonprofit providing pro-bono civil legal services for families after homicide, including probate, insurance, survivor benefits, victim compensation, guardianship, conservatorship, custody, termination of parental rights….",,res-utah-homicide-survivors-legal
Legal,Important specialized help,Utah Legal Services Native American Unit,"Review for this particular program or eligibility pathway: Utah Legal Services unit representing members of federally recognized tribes and their minor children in tribal and state civil legal matters, including protective orders and domestic-violence-related advocacy.",,res-utah-legal-services-native-american-unit
Legal,Important specialized help,Utah Safe at Home Address Confidentiality Program,"Review for this particular program or eligibility pathway: Free Utah address-confidentiality program providing a legal substitute address and mail forwarding for eligible survivors, with DOVE Center and other Washington County certified assistants helping applicants enroll.",,res-utah-safe-at-home-address-confidentiality
Legal,Additional options,Utah State Bar Virtual Legal Clinic,Keep as a further option after establishing the starting routes in Legal: Free statewide Utah State Bar phone or email clinic providing up to 30 minutes of brief legal advice from a volunteer attorney for civil and other legal questions.,,res-utah-state-bar-virtual-legal-clinic
Legal,Start here,"Utah State Courts Fifth District St. George courthouse, juvenile court, protective-order, interpreter, and ADA access","Establish local court filing, protective-order, interpreter and accommodation access; distinguish courthouse services from legal advice.",,res-utah-state-courts-fifth-district-protective-order-filing
Legal,Important specialized help,Utah Tech University Police Victim-Survivor Advocacy,"Review for this particular program or eligibility pathway: Utah Tech University Police system-based victim-survivor advocacy for campus-connected survivors, including reporting support, safety planning, protective-order help, victim-rights information, referrals, and DOVE Center….",,res-utah-tech-police-victim-survivor-advocacy
Legal,Important specialized help,Washington City Police Department Victim Services Program,"Review for this particular program or eligibility pathway: Washington City Police Department victim-services program providing free confidential support for crime victims and witnesses, including crisis intervention, referrals, police/prosecutor liaison, court support, protective-order….",,res-washington-city-police-victim-services
Legal,Start here,Washington County Attorney Victim Assistance Program,"Review the county prosecutor's victim-assistance route, including the case connection required for help.",,res-washington-county-attorney-victim-assistance
Legal,Important specialized help,Washington County Sheriff's Office Victim Services and protective-order service access,"Review for this particular program or eligibility pathway: Washington County Sheriff's Office victim-services and civil-process access point for sheriff-handled and rural county cases, including protective-order/stalking-injunction service information and advocate routing.",,res-washington-county-sheriff-victim-services
Legal,Start here,Clean Slate Utah Fresh Start expungement and pardon assistance,Establish nonprofit record-clearance screening before paid expungement alternatives.,,res-clean-slate-utah-fresh-start
Legal,Important specialized help,Federal Public Defender District of Utah - St. George Branch Office,"Review for this particular program or eligibility pathway: St. George branch office of the Federal Public Defender for the District of Utah, providing court-appointed federal criminal defense for financially eligible people in federal cases.",,res-federal-public-defender-utah-st-george
Legal,Additional options,"Rasa Legal Utah record clearance, expungement, and 402 reduction services","Keep as a further option after establishing the starting routes in Legal: Statewide online legal service for Utah criminal-record clearance, including eligibility screening, expungement legal representation, and 402 reduction services.",,res-rasa-legal-utah-record-clearance
Legal,Start here,Utah BCI Expungement Certificate of Eligibility and expungement status access,Establish the official expungement eligibility/certificate process alongside legal-help screening.,,res-bci-expungement-certificate
Legal,Important specialized help,"Utah Driver License Division Dixie Office ID, Driving Privilege Card, reinstatement, and DUI hearing access","Review for this particular program or eligibility pathway: Utah Driver License Division Dixie office access for Utah original or replacement ID cards, limited-term ID replacement, Driving Privilege Card applications/replacement, license replacement, reinstatement/testing steps, DUI….",,res-utah-dld-dixie-license-reinstatement
Legal,Start here,"Washington County Justice Court case, warrant, public-defender, fine, and license access","Clarify the local court route for case, warrant, fine and license issues; avoid assuming an unrelated office can resolve them.",,res-washington-county-justice-court-access
Legal,Additional options,Purgatory Correctional Facility Programming Unit / volunteer-assisted inmate programs,"Keep as a further option after establishing the starting routes in Legal: In-custody Purgatory Correctional Facility programming access point using volunteer-assisted inmate programs such as mental-health, medical, religious, legal-assistance, library, tutoring, recreation, exercise, and treatment….",,res-purgatory-correctional-facility-programming-unit
Legal,Start here,No More A Stranger Foundation free immigration legal representation,"Review nonprofit immigration case screening early, while confirming Washington County/remote access and accepted case types.","Do you currently accept Washington County clients remotely, for which case types, with what wait and fees?",res-nomas-legal-immigration-documents
Legal,Additional options,BYU Community Legal Clinic free civil and immigration help,"Keep as a further option after establishing the starting routes in Legal: Free BYU Law student clinic, supervised by faculty, representing clients in immigration, housing, contracts, and other civil matters with English and Spanish assistance.",,res-byu-community-legal-clinic
Legal,Important specialized help,Elevate Utah Immigration Legal Program,"Review for this particular program or eligibility pathway: Low-income immigration legal program in Provo with an immigration attorney and DOJ-accredited representative, offering paid consultations and case help in common family, humanitarian, asylum, and citizenship matters.",,res-elevate-utah-immigration-legal-program
Legal,Important specialized help,International Rescue Committee in Utah immigration services,"Review for this particular program or eligibility pathway: DOJ-recognized low-cost IRC immigration services program in Utah, serving former refugees, asylees, SIV recipients, and other immigrants, with direct phone/text/email appointment access and virtual citizenship tutoring.",,res-irc-utah-immigration-services
Legal,Important specialized help,Lutheran Family Services Rocky Mountains Salt Lake City Immigration Legal Services,Review for this particular program or eligibility pathway: Lutheran Family Services Rocky Mountains' Salt Lake City immigration legal services program for lawfully present immigrants.,,res-lfsrm-utah-immigration-legal-services
Legal,Important specialized help,THRIVE Center for Survivors of Torture case management and asylum legal representation,"Review for this particular program or eligibility pathway: Free statewide specialized support for refugees, immigrants, asylees, and asylum seekers who survived torture or severe war trauma, including case management, native-language care, medical navigation, mental-health services, and….",,res-thrive-survivors-torture-immigration-legal-referral
Legal,Start here,Salt Lake City Immigration Court and EOIR hearing access,Establish immigration-court hearing access and case-location instructions; missing a hearing has serious consequences.,,res-eoir-salt-lake-city-immigration-court
Legal,Important specialized help,ICE Online Detainee Locator and Detention Reporting and Information Line,Review for this particular program or eligibility pathway: Official ICE detainee-location and detention-information pathway combining the Online Detainee Locator System with the Detention Reporting and Information Line.,,res-ice-detainee-locator-dril
Legal,Additional options,University of Utah Pro Bono Initiative online legal sites,"Keep as a further option after establishing the starting routes in Legal: Free brief legal advice from the University of Utah S.J. Quinney College of Law Pro Bono Initiative, including selected online statewide legal sites for consumer, employment, housing, discrimination, LGBT, immigration, and other….",,res-uofu-law-pro-bono-immigration-legal-site
Legal,Important specialized help,Utah Legal Services Migrant Farm Workers Program,"Review for this particular program or eligibility pathway: Utah Legal Services statewide bilingual Migrant Farm Workers Program for agricultural workers, including wage/work-condition issues, public benefits, outreach, and limited immigration petitions for citizenship.",,res-utah-legal-services-migrant-farm-workers
Legal,Additional options,1LAW Free Legal Chat and Utah sandbox legal app,"Keep as a further option after establishing the starting routes in Legal: Free Utah legal chat, AI-powered legal-help access, and no-obligation attorney consultation pathway through a Utah legal sandbox authorized law firm and technology provider.",,res-1law-free-legal-chat
Legal,Important specialized help,Holy Cross Ministries Medical Debt Legal Advocates through Community Justice Advocates of Utah,Review for this particular program or eligibility pathway: Bilingual Holy Cross Ministries medical-debt legal advocates providing limited-scope help through Community Justice Advocates of Utah for Utah medical debt and collections issues.,,res-holy-cross-medical-debt-legal-advocates
Legal,Additional options,Legal Aid Society of Salt Lake and Utah Courts Lawyer of the Day,Keep as a further option after establishing the starting routes in Legal: Volunteer-attorney brief legal advice route coordinated by Legal Aid Society of Salt Lake and the Utah State Courts Self-Help Center for unrepresented callers with civil legal questions.,,res-legal-aid-self-help-lawyer-of-day
Legal,Additional options,Legal Aid Society of Salt Lake Ask an Attorney Family Law Clinic,Keep as a further option after establishing the starting routes in Legal: Legal Aid Society of Salt Lake phone/email Ask an Attorney family-law clinic and limited family-law pro se assistance pathway for low-income self-represented litigants.,,res-legal-aid-salt-lake-family-law-clinic
Legal,Additional options,Nonprofit Legal Services of Utah low-cost civil legal services,Keep as a further option after establishing the starting routes in Legal: Utah nonprofit reduced-fee civil legal-services provider with a statewide Get Help pathway and income/geography access mission.,,res-nonprofit-legal-services-utah
Legal,Start here,People's Legal Aid eviction representation and debt collection defense,Review eviction/debt defense screening early because deadlines can make delay consequential.,,res-peoples-legal-aid-eviction-debt
Legal,Important specialized help,Taxpayer Advocate Service Utah case advocacy,"Review for this particular program or eligibility pathway: Free independent IRS Taxpayer Advocate Service case advocacy for Utah taxpayers facing economic harm, IRS collection action, or unresolved IRS process failures.",,res-irs-taxpayer-advocate-service-utah
Legal,Important specialized help,Timpanogos Legal Center Document Clinic,Review for this particular program or eligibility pathway: Virtual limited-scope document drafting and review clinic from Timpanogos Legal Center for eligible self-represented Utah family-law court cases.,,res-timpanogos-legal-center-document-clinic
Legal,Important specialized help,HUD Office of Fair Housing and Equal Opportunity complaint intake,"Review for this particular program or eligibility pathway: Federal HUD Office of Fair Housing and Equal Opportunity intake for housing-discrimination, HUD-program civil-rights, and VAWA housing-rights complaints.",,res-hud-fheo-housing-discrimination-complaints
Legal,Important specialized help,Utah Community Action Landlord-Tenant Mediation Program,"Review for this particular program or eligibility pathway: Statewide Utah Community Action neutral landlord-tenant mediation program for tenants, landlords, property managers, and owners trying to resolve housing conflicts or avoid eviction.",,res-utah-community-action-landlord-tenant-mediation
Legal,Start here,Utah Division of Consumer Protection complaint intake,Establish state consumer-complaint intake and its limitations; filing a complaint is different from obtaining legal representation.,,res-utah-dcp-consumer-protection-complaints
Legal,Important specialized help,Utah Division of Professional Licensing complaint process,Review for this particular program or eligibility pathway: Official Utah Division of Professional Licensing complaint process for possible violations of occupational and professional licensing laws by licensed or unlicensed professionals.,,res-utah-dopl-professional-licensing-complaints
Legal,Important specialized help,Utah Office of the Homeowners' Association Ombudsman,"Review for this particular program or eligibility pathway: Utah Office of the Homeowners' Association Ombudsman education, registry, training, and advisory-opinion pathway for Utah homeowners, condominium associations, and community associations.",,res-utah-hoa-ombudsman
Legal,Important specialized help,Utah Office of the Property Rights Ombudsman,"Review for this particular program or eligibility pathway: State Office of the Property Rights Ombudsman providing education, information requests, advisory opinions, and free mediation/arbitration in qualifying land-use, takings, eminent-domain, relocation, and government-related….",,res-utah-property-rights-ombudsman
Legal,Important specialized help,Utah DHHS Office of Administrative Hearings,"Review for this particular program or eligibility pathway: Utah DHHS Office of Administrative Hearings forum for Medicaid hearings, human-services fair hearings, GRAMA appeals, and related DHHS administrative appeal processes.",,res-utah-dhhs-office-administrative-hearings
Legal,Important specialized help,Utah DHHS Office of the Child Protection Ombuds,"Review for this particular program or eligibility pathway: Independent Utah DHHS Child Protection Ombuds complaint route for concerns about Division of Child and Family Services actions, child-protection process, or child safety in DCFS-involved matters.",,res-utah-child-protection-ombudsman
Legal,Important specialized help,VA Legal Clinic - St. George,"Review for this particular program or eligibility pathway: Free monthly legal clinic for veterans in Southern Utah, listed by the Utah Department of Veterans and Military Affairs as the St. George VA Legal Clinic.",,res-va-legal-clinic-st-george
Legal,Important specialized help,Utah Department of Workforce Services Division of Adjudication and Appeals,"Review for this particular program or eligibility pathway: Utah Department of Workforce Services Division of Adjudication and Appeals process for unemployment insurance, public assistance, and training-service appeals, with impartial administrative-law-judge hearings and further appeal….",,res-utah-dws-adjudication-appeals
Legal,Important specialized help,Utah Dispute Resolution family and community mediation,"Review for this particular program or eligibility pathway: Nonprofit community mediation provider offering sliding-scale and no-cost mediation for low- and middle-income Utahns, with online mediation available statewide.",,res-utah-dispute-resolution-mediation
Legal,Start here,Utah Labor Commission Wage Claim Unit,Establish the wage-claim filing route and deadlines; general job-search assistance cannot resolve unpaid wages.,,res-utah-labor-commission-wage-claim
Legal,Start here,Utah Legal Services Senior Legal Services and St. George civil legal aid,Establish senior civil-legal screening and coverage before assuming a general appointment can address the issue.,,res-utah-legal-services-senior-legal-services
Legal,Additional options,Utah Legal Services Pro Bono Program,"Keep as a further option after establishing the starting routes in Legal: Utah Legal Services pro bono placement pathway connecting qualifying ULS clients with volunteer attorneys for clinics, document help, limited-scope help, or representation when available.",,res-utah-legal-services-pro-bono-program
Legal,Start here,Utah State Board of Education Special Education Dispute Resolution,Review formal special-education dispute options alongside informal parent advocacy; deadlines and processes differ.,,res-usbe-special-education-dispute-resolution
Legal,Important specialized help,Utah State Courts Child Welfare Mediation Program,"Review for this particular program or eligibility pathway: Utah State Courts statewide child-welfare mediation program for abuse, neglect, dependency, placement, and service-plan disputes in juvenile court cases.",,res-utah-courts-child-welfare-mediation
Legal,Important specialized help,Utah State Courts Divorce Mediation Program,"Review for this particular program or eligibility pathway: Utah State Courts divorce mediation assistance pathway, including financial assistance or pro bono mediator assignment when parties cannot afford required mediation.",,res-utah-courts-divorce-mediation
Legal,Start here,Utah State Courts MyPaperwork / Online Court Assistance Program transition,Establish the official court-document tool and its limits before informal forms or commercial drafting tools.,,res-utah-courts-mypaperwork-ocap
Legal,Important specialized help,Utah State Tax Commission Taxpayer Advocate,Review for this particular program or eligibility pathway: Utah State Tax Commission Taxpayer Advocate Service for unresolved state tax issues after ordinary Tax Commission channels have failed.,,res-utah-state-tax-commission-taxpayer-advocate
Legal,Important specialized help,Utah Tax Help Services Low Income Taxpayer Clinic,Review for this particular program or eligibility pathway: Utah Tax Help Services Low Income Taxpayer Clinic for low-income or ESL taxpayers needing help with IRS and tax-authority disputes.,,res-utah-tax-help-services-low-income-taxpayer-clinic
Legal,Important specialized help,Utah@EASE pro bono legal referral for veterans and service members,"Review for this particular program or eligibility pathway: Utah Attorney General-led Utah@EASE program connecting eligible active-duty service members, veterans, retirees, Guard, and Reserve members with volunteer attorneys for covered civil Utah legal matters.",,res-utahease-veterans-service-members-legal-referral
Legal,Important specialized help,Washington County Council on Aging St. George Senior Citizen Center Attorney Services,Review for this particular program or eligibility pathway: St. George Senior Citizen Center no-cost brief attorney consultations for estate-planning questions.,,res-washington-county-coa-st-george-attorney-services
Legal,Additional options,Westminster University Low Income Taxpayer Clinic,"Keep as a further option after establishing the starting routes in Legal: Westminster University Low Income Taxpayer Clinic providing consultation, representation, education, and advocacy for eligible taxpayers with IRS disputes.",,res-westminster-low-income-taxpayer-clinic
Mental Health,Additional options,"Better Balance Psychiatry St. George psychiatry, therapy, IOP, and substance-use treatment","Keep as a further option after establishing the starting routes in Mental Health: St. George psychiatry practice offering psychiatric evaluation, medication management, therapy, TMS, ketamine/Spravato, EMDR, IOP, and substance-use or dual-diagnosis care.",,res-better-balance
Mental Health,Important specialized help,Cinnamon Hills Youth Crisis Center adolescent behavioral-health treatment,"Review for this particular program or eligibility pathway: Youth behavioral-health treatment center in St. George providing therapeutic, behavioral, educational, and residential programming for teens in crisis.",,res-cinnamon-hills
Mental Health,Additional options,FourPoints Health St. George behavioral health and substance-use services,"Keep as a further option after establishing the starting routes in Mental Health: Tribal/community health center providing mental-health and substance-use assessments, outpatient/IOP counseling, recovery classes, 12-step/Red Road supports, and sliding-fee behavioral health in St. George.",,res-fourpoints
Mental Health,Additional options,"High Desert Counseling outpatient addiction, co-occurring mental-health, and harm-reduction treatment","Keep as a further option after establishing the starting routes in Mental Health: St. George outpatient addiction and co-occurring behavioral-health provider offering assessments, PHP/day treatment, IOP, general outpatient counseling, continuing care, DUI school, MAT access, peer support, and….",,res-high-desert
Mental Health,Start here,St. George Regional Hospital Behavioral Health Access Center,"Clarify the hospital behavioral-health assessment route, including adult age limits and when another emergency pathway is needed.",,res-intermountain-access-center
Mental Health,Important specialized help,Liahona Academy adolescent boys residential mental-health and co-occurring substance-use support,"Review for this particular program or eligibility pathway: Residential mental-health treatment for adolescent boys in Hurricane, with support for co-occurring substance-use problems; the provider states it is not licensed as a substance-abuse treatment center and does not provide detox.",,res-liahona
Mental Health,Additional options,Lions Gate Recovery St. George dual-diagnosis addiction and mental-health treatment campus,"Keep as a further option after establishing the starting routes in Mental Health: Southern Utah addiction and dual-diagnosis treatment continuum with St. George PHP/IOP, Toquerville residential care, and integrated mental-health treatment for co-occurring conditions.",,res-lions-gate
Mental Health,Additional options,"Premier Counseling Services outpatient mental-health, substance-use, and court-approved programs","Keep as a further option after establishing the starting routes in Mental Health: State-licensed, court-approved St. George provider offering outpatient substance-use treatment, domestic-violence programming, assessments, case-management elements, and mental-health services.",,res-premier
Mental Health,Start here,"Southwest Behavioral Health Center crisis support, MCOT, and Crisis Stabilization Center","Establish the crisis, mobile-response and stabilization entry points before reviewing routine treatment options.",,res-sbhc-crisis
Mental Health,Additional options,"Steps Recovery Centers St. George residential, outpatient, veteran-focused substance-use, and integrated mental-health rehab","Keep as a further option after establishing the starting routes in Mental Health: St. George addiction recovery continuum with residential and outpatient/IOP levels of care, veteran-focused substance-use programming, and integrated mental-health work for co-occurring trauma, anxiety, depression, grief, and….",,res-steps
Mental Health,Additional options,"Therapy Associates outpatient counseling, youth day treatment, assessments, and substance-use services","Keep as a further option after establishing the starting routes in Mental Health: St. George outpatient counseling provider offering youth and family mental-health treatment, substance-use services, assessments, groups, day treatment, and Medicaid/SBHC-contracted billing pathways.",,res-therapy-associates
Mental Health,Start here,"St. George VA Clinic primary care, mental-health, social-work, enrollment, same-day minor care, and veteran support access",Establish the local VA entry point and its referral boundaries; several other veteran services depend on this connection.,,res-va-clinic
Mental Health,Start here,"Saint George Vet Center confidential counseling, transition, referral support, and veteran document navigation",Review the local confidential veteran counseling and transition route separately from general VA medical enrollment.,,res-vet-center
Mental Health,Start here,Utah Warm Line,Establish a non-emergency peer-support option and clearly distinguish it from crisis response.,,res-utah-warm-line
Mental Health,Start here,Utah JJYS Washington County Youth Crisis/Youth Services,Establish the youth crisis and family access route early rather than relying on adult services.,,res-jjys-youth-services
Mental Health,Important specialized help,"Utah Tech University Booth Wellness Center medical, mental-health, and forensic-exam access","Review for this particular program or eligibility pathway: Student wellness clinic offering current Utah Tech students confidential medical care, brief mental-health care, alcohol/other-drug education and referral, and a St. George Police-listed local medical-forensic exam access site….",,res-booth-wellness
Mental Health,Important specialized help,Washington County Court Support Services,"Review for this particular program or eligibility pathway: Washington County court-linked criminal-justice support office providing pretrial monitoring/services and post-trial case management for barriers including treatment, housing, transportation, employment….",,res-court-support
Mental Health,Additional options,Bridgeway Integrated Healthcare Services St. George Center,"Keep as a further option after establishing the starting routes in Mental Health: St. George child, adolescent, adult, autism, ABA, psychological evaluation, family counseling, day-treatment, and behavioral-health services provider.",,res-bridgeway-st-george-children
Mental Health,Additional options,Cherish Families wraparound support for families from polygamous and high-control backgrounds,"Keep as a further option after establishing the starting routes in Mental Health: Free, confidential wraparound support for individuals and families from polygamous or high-control backgrounds, including crisis, counseling, safety planning, protective-order help, basic needs, rental assistance, housing….",,res-cherish-families-wraparound
Mental Health,Additional options,"Chrysalis Utah St. George disability, behavioral-health, residential, and employment supports","Keep as a further option after establishing the starting routes in Mental Health: St. George intellectual-disability, autism, behavioral-health, residential, supported-living, employment, and authorized psychotherapy/support provider.",,res-chrysalis-st-george
Mental Health,Start here,"Doctors' Volunteer Clinic of St. George safety-net medical, dental, specialty, mental-health, and forensic-exam access","Establish the local volunteer safety-net clinic route and its income, coverage and appointment requirements.",,res-doctors-volunteer-clinic
Mental Health,Important specialized help,DOVE Center domestic-violence and sexual-assault services,"Review for this particular program or eligibility pathway: Washington and Kane County domestic-violence and sexual-assault agency providing a 24/7 helpline, confidential shelter or safe-housing access, advocacy, counseling, protective-order and court support, medical advocacy….",,res-dove-center-family-services
Mental Health,Start here,"Family Healthcare integrated medical, dental, vision, pharmacy, reproductive, behavioral-health, and forensic-exam access",Establish this local integrated care entry point and its payment/eligibility routes before reviewing narrower clinic alternatives.,,res-family-healthcare-women-children-integrated-care
Mental Health,Important specialized help,"Church Family Services St. George short-term counseling, group therapy, and pregnancy counseling","Review for this particular program or eligibility pathway: Church Family Services office/pathway in St. George offering pregnancy counseling per Utah DHHS/211 listing and faith-based short-term counseling, group therapy, and resource discussions through Church Family Services.",,res-lds-family-services-stgeorge-pregnancy-counseling
Mental Health,Important specialized help,Life After Placement birth-mother post-placement support,"Review for this particular program or eligibility pathway: Free post-placement support for birth mothers, including a monthly care group in Utah and online support community.",,res-life-after-placement-birth-mother-support
Mental Health,Start here,NAMI Utah Southwest education and peer/family support,Establish peer and family mental-health support alongside clinical treatment; these serve different needs.,,res-nami-utah-southwest-family-support
Mental Health,Start here,Postpartum Support International online and Utah perinatal mental-health support,Establish a perinatal mental-health connection and clarify its distinction from emergency crisis care.,,res-postpartum-support-international-online-utah-support
Mental Health,Additional options,"RISE Services St. George child, adult, and aging-adult disability supports","Keep as a further option after establishing the starting routes in Mental Health: St. George disability services including youth after-school/summer programs, respite, supported living, host homes, professional parenting, employment, and behavior support.",,res-rise-services-st-george-child-youth-disability-supports
Mental Health,Important specialized help,Share Families of Southern Utah pregnancy and infant loss support,"Review for this particular program or eligibility pathway: Southern Utah Share chapter and national Share online peer-support pathway for families grieving miscarriage, stillbirth, newborn death, or pregnancy after loss.",,res-share-families-southern-utah-pregnancy-infant-loss
Mental Health,Start here,Southwest Behavioral Health Center Stabilization and Mobile Response for youth,Establish the youth mobile-response pathway before routine counseling referrals; confirm how families request help.,,res-sbhc-youth-smr
Mental Health,Start here,"Southwest Behavioral Health Center Washington County behavioral health, case management, Medicaid coordination, transportation help, and ID fee-waiver verification access","Establish the public behavioral-health entry point, including eligibility, assessment and care coordination.",,res-sbhc-children-family-outpatient
Mental Health,Important specialized help,Southwest Utah Public Health Department Maternal Mental Health Screening,Review for this particular program or eligibility pathway: Local public-health maternal mental-health screening and resource-connection page for pregnancy and postpartum emotional health.,,res-swuhealth-maternal-mental-health-screening
Mental Health,Additional options,Summit Behavior Services St. George autism and developmental-delay services,"Keep as a further option after establishing the starting routes in Mental Health: St. George autism and developmental-delay provider offering ABA/day treatment, outpatient therapy, parent education, testing, and related therapies for children and youth.",,res-summit-behavior-services-st-george
Mental Health,Additional options,"Switchpoint Community Resource Center shelter, meals, case management, transportation assistance, mental-health support, coordinated entry, ID-recovery help, and veteran homeless-service linkage","Keep as a further option after establishing the starting routes in Mental Health: Switchpoint St. George Community Resource Center emergency shelter and case-management campus with meals, individualized case management, coordinated-entry access, housing-stability support, mental-health/support-service….",,res-switchpoint-family-emergency-shelter
Mental Health,Important specialized help,United Way of Washington County EveryDay Strong,"Review for this particular program or eligibility pathway: Free parent/caregiver support and education program helping adults support children's emotional well-being through practical safety, connection, and confidence tools.",,res-united-way-washington-county-everyday-strong
Mental Health,Important specialized help,University of Utah Health Utah Pregnancy After Loss Program,"Review for this particular program or eligibility pathway: University of Utah Health specialty program for pregnancy after stillbirth, newborn death, pregnancy termination for medical/obstetric reasons, recurrent loss, or severe pregnancy complications.",,res-utah-pregnancy-after-loss-program
Mental Health,Important specialized help,Washington County Children's Justice Center child forensic interview and victim advocacy,"Review for this particular program or eligibility pathway: Washington County child-abuse response center coordinating child forensic interviews, victim advocacy, pediatric medical services and trauma-related mental-health linkage for children who have been victims of abuse or other….",,res-washington-county-childrens-justice-center
Mental Health,Additional options,Utah Maternal and Infant Health Program maternal mental health resources and provider locator,Keep as a further option after establishing the starting routes in Mental Health: State maternal mental health information and referral pathway with a perinatal mental health provider locator and national maternal mental health hotline routing.,,res-utah-mihp-maternal-mental-health
Mental Health,Important specialized help,Utah Fostering Healthy Children Program,"Review for this particular program or eligibility pathway: State program coordinating medical, dental, mental-health, preventive, developmental, and specialty care tracking for children in Utah foster care in partnership with DCFS caseworkers.",,res-utah-cshcn-fostering-healthy-children
Mental Health,Important specialized help,Utah Medicaid Dyadic Services,Review for this particular program or eligibility pathway: Utah Medicaid dyadic services benefit for preventive child-and-parent/caregiver services billed under the child's EPSDT benefit when directly benefiting the child.,,res-utah-medicaid-dyadic-services
Mental Health,Important specialized help,"Utah Medicaid Early and Periodic Screening, Diagnostic and Treatment (EPSDT)","Review for this particular program or eligibility pathway: Utah Medicaid EPSDT child health benefit covering no-cost well-child screening, preventive care, dental, vision, hearing, mental health, immunizations and medically necessary services for Medicaid members through age 20….",,res-utah-medicaid-epsdt
Mental Health,Important specialized help,"Youth Futures St. George emergency youth shelter, drop-in services, computer access, and transportation support","Review for this particular program or eligibility pathway: Youth Futures St. George emergency shelter and drop-in services for runaway, homeless, unaccompanied and vulnerable youth ages 12-18, including safe shelter, meals, clothing, hygiene, laundry, case management, therapy, computer….",,res-youth-futures-st-george-youth-shelter-drop-in
Mental Health,Additional options,"Crimson Heights Behavioral Health St. George day treatment, outpatient, autism, and adult skills supports","Keep as a further option after establishing the starting routes in Mental Health: St. George behavioral-health provider with licensed day-treatment and general outpatient clinic records plus autism, ABA, adult skills, and disability-related behavioral supports.",,res-crimson-heights-st-george-disability-behavioral-supports
Mental Health,Important specialized help,"Southwest Behavioral Health Center Elev8 Clubhouse, adult skills, education support, and supported employment","Review for this particular program or eligibility pathway: Southwest Behavioral Health Center's Elev8 Clubhouse/adult skills development program for adults in mental-health recovery, with psychosocial rehabilitation, transportation for clients, low-cost lunch, transitional and supported….",,res-sbhc-elev8-clubhouse-adult-skills-supported-employment
Mental Health,Important specialized help,Utah Preadmission Screening and Resident Review (PASRR),"Review for this particular program or eligibility pathway: Utah PASRR screening and resident-review process for people entering or residing in Medicaid-certified nursing facilities who may have serious mental illness, intellectual disability, developmental disability, or related….",,res-utah-pasrr-nursing-facility-screening
Mental Health,Important specialized help,Utah Medicaid Autism Spectrum Disorder (ASD) Related Services,Review for this particular program or eligibility pathway: Utah Medicaid ASD-related services benefit covering medically necessary autism services for eligible Medicaid members with an autism spectrum disorder diagnosis through Medicaid-enrolled providers and authorization rules.,,res-utah-medicaid-asd-related-services
Mental Health,Important specialized help,Asian Association of Utah trafficking survivor and domestic-abuse support,"Review for this particular program or eligibility pathway: Utah refugee and immigrant center offering trauma-informed, linguistically sensitive trafficking survivor support, behavioral-health referrals, housing assistance, and Safe at Home certified-assistant access.",,res-asian-association-trafficking-dv-support
Mental Health,Important specialized help,Dahlia's Hope trafficking survivor aftercare,"Review for this particular program or eligibility pathway: Utah trafficking-survivor aftercare nonprofit providing trauma-informed case management, clinical therapy, housing resources, medical/dental resources, education, vocational support, and life-skills services.",,res-dahlias-hope-trafficking-survivor-aftercare
Mental Health,Start here,SafeUT Crisis Chat and Safety Tipline,Review the student/youth crisis contact route early and distinguish crisis chat from routine counseling.,,res-safeut-crisis-chat-tipline
Mental Health,Important specialized help,Utah Medicaid Justice-Involved Program,"Review for this particular program or eligibility pathway: Utah Medicaid 1115 reentry benefit providing targeted Medicaid-covered services for eligible inmates in state prisons, county jails, or juvenile justice facilities for up to 90 days before release.",,res-utah-medicaid-justice-involved-program
Mental Health,Additional options,Purgatory Correctional Facility Programming Unit / volunteer-assisted inmate programs,"Keep as a further option after establishing the starting routes in Mental Health: In-custody Purgatory Correctional Facility programming access point using volunteer-assisted inmate programs such as mental-health, medical, religious, legal-assistance, library, tutoring, recreation, exercise, and treatment….",,res-purgatory-correctional-facility-programming-unit
Mental Health,Important specialized help,Utah Targeted Adult Medicaid (TAM) homelessness and justice-involved eligibility pathway,"Review for this particular program or eligibility pathway: Utah Targeted Adult Medicaid eligibility pathway for narrowly eligible low-income adults, including chronically homeless adults, certain justice-involved adults needing treatment, and other specified TAM subgroups, with local….",,res-utah-medicaid-targeted-adult-medicaid-tam
Mental Health,Important specialized help,At The Crossroads young adult residential transitional living and therapeutic support,"Review for this particular program or eligibility pathway: Private residential transitional living program in St. George for young adults ages 18-26 building independence through housing, life skills, mental-health support, education/vocation, and real-world practice.",,res-at-the-crossroads-transitional-living
Mental Health,Important specialized help,THRIVE Center for Survivors of Torture case management and asylum legal representation,"Review for this particular program or eligibility pathway: Free statewide specialized support for refugees, immigrants, asylees, and asylum seekers who survived torture or severe war trauma, including case management, native-language care, medical navigation, mental-health services, and….",,res-thrive-survivors-torture-immigration-legal-referral
Mental Health,Important specialized help,"A Child's Hopeful Journey child play, art, and counseling services","Review for this particular program or eligibility pathway: Small St. George practice offering child-focused play therapy, art therapy, CBT, and mental-health counseling, with caregiver/family support.",,res-a-childs-hopeful-journey-play-art-therapy
Mental Health,Important specialized help,Abundance Family Therapy bilingual English and Spanish therapy,"Review for this particular program or eligibility pathway: Bilingual English/Spanish therapy from Abundance Family Therapy, available in person at St. George and Hurricane locations and by telehealth statewide in Utah.",,res-abundance-family-therapy-bilingual
Mental Health,Important specialized help,Affordable Psych cash-pay adult telepsychiatry for St. George and Utah,Review for this particular program or eligibility pathway: Cash-pay adult telehealth psychiatric evaluation and medication-management service for Washington County and statewide Utah clients.,,res-affordable-psych-utah-telepsychiatry
Mental Health,Additional options,Agape Counseling Washington County outpatient counseling,"Keep as a further option after establishing the starting routes in Mental Health: Washington County and Utah telehealth counseling practice offering individual, trauma/PTSD, grief, couples, family, and addiction-related counseling.",,res-agape-counseling-washington-county
Mental Health,Additional options,Anxiety Trauma and Depression Treatment Centers St. George IOP,"Keep as a further option after establishing the starting routes in Mental Health: St. George intensive outpatient mental-health treatment center for adolescents, young adults, and adults, with in-person and virtual options.",,res-anxiety-trauma-depression-stgeorge-iop
Mental Health,Additional options,Ascend Counseling & Wellness St. George therapy and medication management,"Keep as a further option after establishing the starting routes in Mental Health: St. George counseling and wellness practice offering individual, couples, family, child/teen, trauma/PTSD, EMDR, telehealth, and medication-management services.",,res-ascend-counseling-wellness-st-george
Mental Health,Additional options,Blue Chip Counseling & EMDR therapy and medication management,"Keep as a further option after establishing the starting routes in Mental Health: St. George counseling practice offering therapy for teens 12+, individuals, couples, EMDR, and psychiatric medication management.",,res-blue-chip-counseling-emdr
Mental Health,Important specialized help,Brain Health Center St. George TMS therapy,"Review for this particular program or eligibility pathway: St. George mental-health clinic focused on TMS therapy, including accelerated five-day TMS protocols for depression and related mental-wellness needs.",,res-brain-health-center-st-george-tms
Mental Health,Additional options,Core Compass Counseling Hurricane Valley outpatient counseling,"Keep as a further option after establishing the starting routes in Mental Health: Hurricane outpatient counseling practice serving Washington County with individual, couples, family, child play, substance-abuse therapy, trauma-focused modalities, and sliding-fee notice.",,res-core-compass-counseling-hurricane
Mental Health,Important specialized help,Elevated Counseling and Wellness teen and young-adult therapy,"Review for this particular program or eligibility pathway: St. George and Utah telehealth counseling practice focused on teen and young-adult therapy, with referrals to higher care when outpatient counseling is not enough.",,res-elevated-counseling-wellness-stgeorge
Mental Health,Start here,Encircle St. George therapy and LGBTQ+ friendship circles,Review the local LGBTQ+ youth/family mental-health connection; identity-specific access can be consequential.,,res-encircle-st-george-therapy-friendship-circles
Mental Health,Additional options,Enlightened Counseling Services trauma-informed outpatient therapy,"Keep as a further option after establishing the starting routes in Mental Health: St. George trauma-informed outpatient counseling practice for children, individuals, families, LGBTQ+ clients, faith transitions, ADHD, autism, and trauma.",,res-enlightened-counseling-services-st-george
Mental Health,Additional options,Foundations Psychiatry St. George psychiatry and therapy,"Keep as a further option after establishing the starting routes in Mental Health: St. George psychiatry practice offering psychiatric evaluations, medication management, Spravato, TMS, therapy, postpartum depression treatment, addiction psychiatry, and child/adolescent psychiatry.",,res-foundations-psychiatry-st-george
Mental Health,Additional options,Hillside Health mental health and medication management,"Keep as a further option after establishing the starting routes in Mental Health: St. George multispecialty clinic offering mental-health care for depression, anxiety, stress, sleep concerns, counseling/therapy planning, and psychiatric medication management.",,res-hillside-health-mental-health-medication
Mental Health,Important specialized help,Hope Reins Healing no-cost equine therapy program,"Review for this particular program or eligibility pathway: Nonprofit St. George equine-therapy program using rescued Mustangs for 8- to 12-week ground-based therapeutic sessions for high-risk, low-income, underserved clients.",,res-hope-reins-healing-equine-therapy
Mental Health,Important specialized help,"Integrated Psych St. George psychiatry, therapy, advanced treatments, and crisis appointments","Review for this particular program or eligibility pathway: St. George psychiatric practice offering children, adolescents, and adults in-person and telehealth psychiatry, therapy, advanced treatments, psychological evaluations, and limited crisis appointments.",,res-integrated-psych-st-george
Mental Health,Start here,Intermountain Health St. George Regional Hospital Adolescent Partial Hospitalization Program,Clarify adolescent partial-hospitalization assessment and referral requirements before ordinary outpatient alternatives.,,res-intermountain-stgeorge-adolescent-php
Mental Health,Start here,Intermountain Health St. George Regional Hospital inpatient behavioral health,Understand the inpatient behavioral-health access pathway and who determines admission; it is not a routine counseling appointment.,,res-intermountain-stgeorge-inpatient-behavioral-health
Mental Health,Start here,Intermountain Health Behavioral Health Navigation Line,Establish behavioral-health navigation for people unsure which level of care or provider to contact.,,res-intermountain-behavioral-health-navigation-line
Mental Health,Important specialized help,Intermountain Health Connect Care Behavioral Health,"Review for this particular program or eligibility pathway: Intermountain virtual behavioral-health visits for patients age 12+ in Utah, including therapy and medication management by video.",,res-intermountain-connect-care-behavioral-health
Mental Health,Start here,Intermountain Health Psychiatry and Counseling Clinic - St. George,Establish the local hospital-system outpatient psychiatry/counseling intake and payer/availability limits.,,res-intermountain-stgeorge-psychiatry-counseling
Mental Health,Additional options,Mental Health & Wellness of Southern Utah counseling and medication management,"Keep as a further option after establishing the starting routes in Mental Health: Southern Utah outpatient mental-health practice offering counseling, psychiatry/medication management, and treatment for mood, anxiety, PTSD, bipolar, sleep, and child/adolescent concerns.",,res-mental-health-wellness-southern-utah
Mental Health,Additional options,"New Aim Counseling individual, family, couples, trauma, and substance-use counseling","Keep as a further option after establishing the starting routes in Mental Health: St. George outpatient counseling practice offering individual, couples, and family therapy for mental-health, trauma, substance-use, relationship, and behavioral concerns.",,res-new-aim-counseling
Mental Health,Additional options,"Red Sands Psychiatry, Restorative Therapy, and Counseling","Keep as a further option after establishing the starting routes in Mental Health: St. George psychiatry and therapy practice offering medication consultation, psychotherapy, EMDR, child/adolescent psychiatry, family/group sessions, and psychological testing-related services.",,res-red-sands-psychiatry-counseling
Mental Health,Additional options,Revere Health St. George Behavioral Health,"Keep as a further option after establishing the starting routes in Mental Health: Revere Health outpatient behavioral-health clinic in St. George offering individual counseling for depression, anxiety, panic, social phobia, trauma, substance abuse, and related concerns.",,res-revere-health-st-george-behavioral-health
Mental Health,Additional options,S & S Counseling St. George counseling and trauma therapy,"Keep as a further option after establishing the starting routes in Mental Health: St. George outpatient counseling practice offering trauma therapy, EMDR, Brainspotting, ART, child/teen, family, marriage, and related mental-health counseling with insurance and sliding-fee information.",,res-ss-counseling-st-george
Mental Health,Important specialized help,"Sandstone Psychology St. George therapy, testing, and medication management","Review for this particular program or eligibility pathway: St. George psychology practice offering therapy, psychological testing, autism/ADHD/learning evaluations, medication management, and free screening/consultation access.",,res-sandstone-psychology-st-george
Mental Health,Additional options,Stella Mental Health St. George therapy and counseling,"Keep as a further option after establishing the starting routes in Mental Health: St. George therapy practice, formerly Great Salt Lake Wellness, now Stella Mental Health, offering individual, relationship, teen, family, EMDR, DBT, telehealth, and integration therapy with care-advocate matching.",,res-stella-mental-health-st-george
Mental Health,Additional options,Sunrise Mental Health Services outpatient counseling and trauma care,"Keep as a further option after establishing the starting routes in Mental Health: St. George outpatient counseling practice offering therapy for life stress, trauma, children/adolescents, couples, neurofeedback, and telehealth-related mental-health care.",,res-sunrise-mental-health-services
Mental Health,Important specialized help,"The Ripple Effect TRE counseling, mentoring, and youth support programs","Review for this particular program or eligibility pathway: Youth and family community program in St. George listing counseling, one-on-one mentoring/life-skills coaching, education assessment, aftercare, after-school, and summer programming.",,res-ripple-effect-counseling-mentoring
Mental Health,Additional options,Trauma Treatment & Counseling St. George therapy and psychiatric support,"Keep as a further option after establishing the starting routes in Mental Health: St. George trauma-informed therapy and psychiatric-support practice offering talk therapy, EMDR, Brainspotting, DBT, play therapy, marriage/family therapy, neurofeedback, and medication/psychiatric support.",,res-trauma-treatment-counseling-stgeorge
Mental Health,Start here,Utah PREP Southwest Behavioral Health Center early psychosis team,"Review early-psychosis access promptly because age, symptom timing and specialized intervention can matter.",,res-utah-prep-southwest-sbhc
Mental Health,Important specialized help,Utah State FOP Foundation Officer Wellness Mental Health Program,Review for this particular program or eligibility pathway: Utah FOP Foundation officer-wellness program paying for a limited number of initial mental-health sessions with participating providers for eligible Utah law-enforcement officers when funds and rules allow.,,res-utah-fop-officer-wellness-mental-health
Mental Health,Start here,Washington County School District Student Mental Health & Wellness / School Counseling,Establish the school mental-health access route for students before separately arranged private counseling.,,res-wcsd-student-mental-health-wellness
Mental Health,Additional options,Zion Mental Health St. George psychiatric medication management,"Keep as a further option after establishing the starting routes in Mental Health: St. George psychiatric medication-management provider for teens 15+ and adults, offering evaluation and treatment planning with insurance and cash-pay options that must be confirmed before scheduling.",,res-zion-mental-health-st-george
Mental Health,Important specialized help,"Continue Mission no-cost veteran recreation, peer connection, and suicide-prevention programming","Review for this particular program or eligibility pathway: Utah nonprofit offering no-cost recreational, wellness, education, peer-connection, and suicide-prevention activities for veterans, service members, and support/family members.",,res-continue-mission-utah
Mental Health,Additional options,Operation Combat Boots no-cost gym memberships for Utah veterans,Keep as a further option after establishing the starting routes in Mental Health: Utah nonprofit providing no-cost gym memberships to honorably discharged Utah veterans through partner gyms when applicants clear the waitlist and meet check-in rules.,,res-operation-combat-boots-gym-memberships
Mental Health,Start here,SafeUT National Guard crisis chat and tipline,Review the National Guard crisis-contact pathway early; it is a distinct population-specific safety connection.,,res-safeut-national-guard
Mental Health,Important specialized help,VA VITAL Program at Southern Utah University,"Review for this particular program or eligibility pathway: VA VITAL site at Southern Utah University providing telehealth clinical care, care coordination, outreach, and education/training for student veterans.",,res-va-vital-suu
Mental Health,Important specialized help,VA Salt Lake City Addiction Treatment Services / SOAR and SARRTP,"Review for this particular program or eligibility pathway: VA Salt Lake City addiction-treatment pathway for veterans, including Services for Outpatient Addiction Recovery and Substance Abuse Residential Rehabilitation Treatment Program access.",,res-va-salt-lake-addiction-treatment-soar-sarrtp
Mental Health,Important specialized help,VA Salt Lake City Mental Health Care Coordination,"Review for this particular program or eligibility pathway: VA Salt Lake City behavioral-health care-coordination pathway for veterans, including outpatient mental health, telehealth, inpatient/outpatient services, psychiatry, psychology, addiction treatment, and returning-veteran care….",,res-va-salt-lake-mental-health-care
Mental Health,Start here,VA Salt Lake City Suicide Prevention Coordinators,Establish veteran suicide-prevention follow-up contacts and distinguish their role from an immediate crisis line.,,res-va-salt-lake-suicide-prevention-coordinators
Mental Health,Important specialized help,VA Salt Lake City Women Veteran Care,"Review for this particular program or eligibility pathway: VA Salt Lake City women veteran care pathway providing women veteran care coordination and comprehensive health services including primary care, gynecology, maternity/postpartum support, imaging, mental-health care, and….",,res-va-salt-lake-women-veteran-care
Mental Health,Start here,Veterans Crisis Line 988 crisis support for veterans and supporters,Review the veteran crisis contact early; a high-consequence safety pathway deserves early attention even if rarely needed.,,res-veterans-crisis-line
Seniors,Start here,"St. George VA Clinic primary care, mental-health, social-work, enrollment, same-day minor care, and veteran support access",Establish the local VA entry point and its referral boundaries; several other veteran services depend on this connection.,,res-va-clinic
Seniors,Start here,Children's Service Society of Utah GRANDfamilies - Washington County/St. George,Review kinship-family support early; relatives raising children have needs not covered by ordinary parenting referrals.,,res-css-grandfamilies-st-george
Seniors,Important specialized help,FourPoints Health St. George and Shivwits community clinics,"Review for this particular program or eligibility pathway: FourPoints Health St. George and Shivwits community clinics offering primary/urgent care, behavioral health, lab testing, immunizations, screenings, women's health services, case management, enrollment help, and sliding-fee….",,res-fourpoints-st-george-family-health
Seniors,Important specialized help,Paiute Indian Tribe of Utah Family Services and FourPoints family support,"Review for this particular program or eligibility pathway: Paiute Indian Tribe of Utah Family Services and FourPoints Health pathway for eligible Tribal families and community patients, including domestic-violence advocacy/support, Indian child welfare coordination, vulnerable….",,res-pitu-family-services-child-care-crisis
Seniors,Start here,"Red Rock Center for Independence independent living, disability supports, and limited activity transportation",Establish the local independent-living navigator before working through narrower disability services and equipment options.,,res-red-rock-center-independence-youth-disability-supports
Seniors,Additional options,"RISE Services St. George child, adult, and aging-adult disability supports","Keep as a further option after establishing the starting routes in Seniors: St. George disability services including youth after-school/summer programs, respite, supported living, host homes, professional parenting, employment, and behavior support.",,res-rise-services-st-george-child-youth-disability-supports
Seniors,Important specialized help,Utah Department of Workforce Services Eligibility Services - St. George/myCase benefits access,"Review for this particular program or eligibility pathway: Utah Department of Workforce Services eligibility access point for myCase applications, interviews, case questions, and reviews for Medicaid, SNAP, TANF/FEP, General Assistance, child care, ABD medical assistance, and other….",,res-utah-dws-eligibility-services-st-george
Seniors,Additional options,Five County AOG Weatherization Assistance Program,"Keep as a further option after establishing the starting routes in Seniors: Federally funded Weatherization Assistance Program administered by Five County AOG for Washington County homes, providing energy-efficiency and safety improvements such as insulation, air sealing, heating-system work, minor….",,res-five-county-aog-weatherization-assistance
Seniors,Start here,"Alzheimer's Association Utah Chapter dementia helpline, education, and caregiver support",Establish dementia-specific information and caregiver support early; general senior resources do not address all these needs.,,res-alzheimers-association-utah-dementia-support
Seniors,Additional options,"City of St. George SunTran fixed-route bus, Zion Route, and ADA paratransit","Keep as a further option after establishing the starting routes in Seniors: City of St. George SunTran fixed-route public bus service, ADA complementary paratransit for preapproved riders with disabilities, and the regional SunTran Zion Route connecting St. George to the Zion corridor.",,res-suntran-ada-paratransit
Seniors,Important specialized help,Dental Lifeline Network Utah Donated Dental Services,"Review for this particular program or eligibility pathway: Statewide Donated Dental Services program providing volunteer comprehensive dental treatment for eligible Utah applicants who cannot afford care and meet disability, age, or medical-necessity criteria.",,res-dental-lifeline-utah-dds
Seniors,Additional options,Easterseals-Goodwill Northern Rocky Mountain SCSEP - St. George,"Keep as a further option after establishing the starting routes in Seniors: Easterseals-Goodwill SCSEP paid community-service work experience, online skills courses, and job-search support for low-income unemployed older adults, with federal priority including people with disabilities.",,res-easterseals-goodwill-scsep-st-george
Seniors,Additional options,Family Matters Services DSPD-contracted in-home disability supports,"Keep as a further option after establishing the starting routes in Seniors: DSPD-contracted Utah in-home support provider serving Washington County with personal care, companion care, community access, home support, transportation/errands, and individualized assistance.",,res-family-matters-services-utah-dspd-in-home-supports
Seniors,Start here,"Five County Area Agency on Aging Benefits Access, SHIP, and SMP",Establish the local benefits/Medicare counseling route before reviewing individual coverage and bill-assistance programs.,,res-five-county-aaa-benefits-access-ship-smp
Seniors,Start here,Five County Area Agency on Aging National Family Caregiver Support Program,Establish caregiver support and respite screening early; this can prevent a care arrangement from failing.,,res-five-county-aaa-caregiver-support
Seniors,Start here,"Five County Area Agency on Aging in-home services, Aging Waiver, Alternatives, Veteran Directed Care, and plan-authorized transportation","Establish the aging-services assessment for in-home help, and distinguish the funding/eligibility routes it coordinates.",,res-five-county-aaa-in-home-services-aging-waiver
Seniors,Start here,Five County Area Agency on Aging Long-Term Care Ombudsman Program,Review the long-term-care resident advocacy route early because ordinary case management does not replace independent complaints help.,,res-five-county-aaa-long-term-care-ombudsman
Seniors,Additional options,Habitat for Humanity of Southwest Utah Home Preservation repair program,"Keep as a further option after establishing the starting routes in Seniors: Washington County Habitat affiliate home-preservation program for income-eligible owner-occupants needing short-term exterior improvements they cannot complete because of age, disability, or other circumstances.",,res-habitat-southwest-utah-home-preservation
Seniors,Important specialized help,"Utah Medicaid Non-Emergency Medical Transportation, Modivcare rides, and mileage reimbursement","Review for this particular program or eligibility pathway: Utah Medicaid non-emergency medical transportation benefit for eligible Traditional Medicaid members, including Modivcare door-to-door rides, personal mileage reimbursement, approved long-distance travel costs, and related….",,res-utah-medicaid-nemt-modivcare
Seniors,Start here,"Social Security benefits, retirement, SSI, Medicare, Extra Help, appeals, and Saint George office access",Establish Social Security/SSI benefits and office/document access early; many other applications depend on this connection.,,res-social-security-disability-benefits-st-george-access
Seniors,Important specialized help,"St. George Housing Authority housing, rental-assistance inquiry, and homeless document-verification access","Review for this particular program or eligibility pathway: Local public housing authority administering St. George/Washington County Housing Choice Vouchers, low-income rental information, Dixie Sun Manor age-62+ public housing, limited emergency rental/mortgage assistance, HUD-covered….",,res-st-george-housing-authority-section-8-public-housing
Seniors,Additional options,USDA Section 504 Home Repair Loans and Grants - Utah rural access,"Keep as a further option after establishing the starting routes in Seniors: USDA Rural Development Section 504 Home Repair loans and grants for eligible rural homeowners, usable for health, safety, accessibility, and home-repair needs, including grants for homeowners age 62+ who cannot repay a loan.",,res-usda-section-504-home-repair-loans-grants-utah
Seniors,Important specialized help,VA Salt Lake City Caregiver Support Program - St. George VA Clinic access,"Review for this particular program or eligibility pathway: VA Salt Lake City Health Care System Caregiver Support Program for caregivers of eligible veterans, including general caregiver support and the more restrictive comprehensive caregiver program, with St. George VA Clinic routing.",,res-va-salt-lake-caregiver-support-st-george
Seniors,Important specialized help,"Utah Assistive Technology Program and UATF financing, lending, reuse, and customization","Review for this particular program or eligibility pathway: Statewide Utah Assistive Technology Program and Utah Assistive Technology Foundation pathway for AT demonstrations, lending libraries, reuse/refurbished equipment, customization, low-interest loans, small grants, and….",,res-utah-assistive-technology-program-uatf
Seniors,Important specialized help,Utah Center for Assistive Technology (UCAT) evaluations and device trials,"Review for this particular program or eligibility pathway: Statewide Utah Center for Assistive Technology program offering free assistive-technology consultations/evaluations, custom device design and modification, seating/positioning help, accessibility assessments, referrals, and….",,res-ucat-assistive-technology-evaluations
Seniors,Start here,Utah Adult Protective Services vulnerable adult reporting,Establish vulnerable-adult protection reporting and response boundaries early because this is a consequential safety pathway.,,res-utah-aps-vulnerable-adult-protection
Seniors,Important specialized help,Utah Medicaid New Choices Waiver,"Review for this particular program or eligibility pathway: Utah Medicaid New Choices Waiver helping eligible long-term nursing facility, assisted-living, small health care facility, or other licensed medical-institution residents move to integrated community-based settings with waiver….",,res-utah-medicaid-new-choices-waiver
Seniors,Important specialized help,Utah Office of Public Guardian (OPG),"Review for this particular program or eligibility pathway: Utah Office of Public Guardian last-resort guardianship and conservatorship service for incapacitated adults, including adults with intellectual disabilities, brain injury, mental illness, aging-related illness, or….",,res-utah-office-public-guardian
Seniors,Important specialized help,Southern Utah Veterans Home,"Review for this particular program or eligibility pathway: State veterans nursing home in Ivins providing long-term care, rehabilitation, and memory-care style nursing-home support for eligible veterans and some eligible family members.",,res-southern-utah-veterans-home
Seniors,Start here,"Utah DSDHH Southern Utah Program / Southern Center case management, benefits access, classes, and senior events",Establish local Deaf/hard-of-hearing communication and benefits support before relying on general telephone intake.,,res-utah-dsdhh-southern-center-case-management
Seniors,Important specialized help,Utah State Library Program for the Blind and Disabled,"Review for this particular program or eligibility pathway: Free Utah State Library/NLS braille, talking-book, large-print, equipment-loan and download library service for Utah residents with qualifying print disabilities, usable from St. George by mail and online.",,res-utah-state-library-blind-disabled
Seniors,Start here,Washington County property tax relief programs,Review local property-tax relief eligibility and deadlines early; missing an application window can matter.,,res-washington-county-property-tax-relief-disability
Seniors,Start here,Washington County Council on Aging St. George Dial-a-Ride,Establish the local older-adult ride service and booking boundaries separately from ordinary bus access.,,res-washington-county-coa-dial-a-ride
Seniors,Additional options,Utah Tech University Institute for Continued Learning,"Keep as a further option after establishing the starting routes in Seniors: Utah Tech Institute for Continued Learning membership-based lifelong-learning program with fall/spring noncredit classes, clubs, lectures, and registration support for adult community learners, especially retired and semi-retired….",,res-utah-tech-institute-for-continued-learning
Seniors,Additional options,Washington County Council on Aging St. George computer access and instruction,"Keep as a further option after establishing the starting routes in Seniors: Senior-center computer lab offering no-cost computer access, low-cost printing, and low-cost one-on-one computer or device instruction at the St. George Active Life Center.",,res-washington-county-coa-st-george-computer-access-instruction
Seniors,Additional options,"Washington County Library St. George branch computer, learning, and MakerSpace access","Keep as a further option after establishing the starting routes in Seniors: St. George public library with public computer access, learning resources, and a staffed MakerSpace; computer guest fees and project-material costs may apply.",,res-washington-county-library-st-george-makerspace-learning-access
Seniors,Important specialized help,AARP Foundation Tax-Aide free tax preparation,"Review for this particular program or eligibility pathway: Free seasonal tax preparation and filing help from IRS-certified AARP Foundation Tax-Aide volunteers, with special focus on taxpayers over 50 and people with low to moderate income.",,res-aarp-foundation-tax-aide
Seniors,Important specialized help,Family Healthcare sliding fee scale and prescription discounts,"Review for this particular program or eligibility pathway: Family Healthcare income-based sliding-fee and prescription-discount pathway reducing medical, behavioral health, dental, lab, procedure, and pharmacy costs for eligible patients, including Medicare and uninsured patients.",,res-family-healthcare-sliding-fee-discounts
Seniors,Start here,Five County Association of Governments HEAT energy assistance and shutoff protection,Establish local HEAT application and shutoff-related assistance timing before individual utility credits or rebates.,,res-five-county-heat
Seniors,Start here,"Utah Medicaid Medicare Savings Programs (QMB, SLMB, QI)",Review Medicare cost-sharing assistance eligibility before assuming premiums and out-of-pocket costs must be paid in full.,,res-utah-medicaid-medicare-savings-programs
Seniors,Important specialized help,Utah DHHS Community Food Security produce benefits and Senior Farmers Market Nutrition,"Review for this particular program or eligibility pathway: Utah DHHS produce-access programs, including SNAP Double Up Food Bucks, Senior Farmers Market Nutrition, and Produce Rx, with senior farmers market coupons and St. George-area spend or enrollment access points requiring seasonal….",,res-utah-dhhs-community-food-security-produce-benefits
Seniors,Additional options,Solomon's Porch Sunday Feast and Friday food pantry,"Keep as a further option after establishing the starting routes in Seniors: Weekend meal and pantry ministry in St. George providing a Sunday hot meal and Friday food pantry/box-lunch distribution for elderly, homeless, and otherwise hungry community members.",,res-solomons-porch-sunday-feast-friday-pantry
Seniors,Start here,Utah Food Bank Commodity Supplemental Food Program (CSFP),"Review the income- and age-specific monthly food-box enrollment, distinct from general pantry visits.",,res-utah-food-bank-csfp
Seniors,Start here,Washington County Council on Aging Meals on Wheels - St. George Active Life Center,Establish home-delivered meal screening for older adults who cannot reliably reach food services.,,res-washington-county-coa-meals-on-wheels-st-george
Seniors,Start here,Washington County Council on Aging St. George Active Life Center senior lunch and computer access,Establish the local senior meal/social contact point and its attendance or contribution requirements.,,res-washington-county-coa-st-george-nutrition-program
Seniors,Important specialized help,Switchpoint Red Hills / The Point at Red Hills supportive housing for seniors and veterans,"Review for this particular program or eligibility pathway: Switchpoint permanent supportive/deeply affordable housing development in St. George for people exiting homelessness or housing insecurity, with published focus on seniors age 62+ and veterans and onsite client-support features.",,res-switchpoint-red-hills-point
Seniors,Start here,Utah Legal Services Senior Legal Services and St. George civil legal aid,Establish senior civil-legal screening and coverage before assuming a general appointment can address the issue.,,res-utah-legal-services-senior-legal-services
Seniors,Important specialized help,Washington County Council on Aging St. George Senior Citizen Center Attorney Services,Review for this particular program or eligibility pathway: St. George Senior Citizen Center no-cost brief attorney consultations for estate-planning questions.,,res-washington-county-coa-st-george-attorney-services
Seniors,Start here,Five County Area Agency on Aging AmeriCorps Seniors and Telephone Reassurance,"Review local telephone reassurance/social connection for isolated older adults, distinct from clinical or in-home personal care.",,res-five-county-aaa-americorps-seniors
Seniors,Additional options,Huntsman World Senior Games active-aging events,"Keep as a further option after establishing the starting routes in Seniors: Annual St. George age-50+ active-aging event with sports competition, walking/tours, health screenings, social events, volunteer opportunities, and athlete services.",,res-huntsman-world-senior-games-active-aging
Seniors,Important specialized help,SAGE x HearMe and LGBTQ+ aging support resources,"Review for this particular program or eligibility pathway: Nationwide LGBTQ+ elder connection and resource pathway through SAGE, including SAGE x HearMe support, LGBTQ+ aging resource information, SAGECollab partner search, and virtual community options.",,res-sage-hearme-lgbtq-aging-support
Seniors,Additional options,"Senior Planet from AARP free online technology, wellness, and social-connection classes","Keep as a further option after establishing the starting routes in Seniors: Free Senior Planet from AARP online and phone classes, resources, and community programming for older adults, including technology, wellness, social connection, scam prevention, and health topics.",,res-senior-planet-aarp-online-classes
Seniors,Important specialized help,Seniors Out and Proud of Utah LGBTQ+ older adult social connection,"Review for this particular program or eligibility pathway: Utah LGBTQ+ older-adult social connection organization focused on reducing isolation and improving well-being for older adults, with statewide contact access and local St. George details requiring confirmation.",,res-seniors-out-proud-utah-lgbtq-social
Seniors,Start here,Shepherd of the Hills United Methodist Church Neighbor to Neighbor (N2N),Clarify local neighbor-help eligibility and current volunteer capacity; small practical needs may not fit formal benefit programs.,,res-shepherd-hills-n2n
Seniors,Important specialized help,Southwest Utah Public Health Department Healthy Living and Injury Prevention classes,"Review for this particular program or eligibility pathway: Southwest Utah Public Health Department community-health classes and events in Washington County and southwest Utah, including healthy-living, diabetes, fall-prevention, and home-safety topics relevant to older adults.",,res-swuhealth-community-health-healthy-living-injury-prevention
Seniors,Important specialized help,TogoHealth dementia care and caregiver support,"Review for this particular program or eligibility pathway: Utah statewide telehealth and in-home medical provider offering dementia care and caregiver support, including cognitive/behavioral assessment, medication review, care planning, caregiver education, safety guidance, and ongoing….",,res-togohealth-dementia-care-caregiver-support
Seniors,Important specialized help,Utah Food Bank UFB Food Box Program for homebound adults with disabilities,"Review for this particular program or eligibility pathway: Utah Food Bank program delivering free monthly food boxes to eligible homebound adults with disabilities, including older adults who cannot access regular food-pantry networks and are not eligible for CSFP.",,res-utah-food-bank-ufb-food-box-homebound
Seniors,Important specialized help,VA Homemaker and Home Health Aide Care - St. George VA access,"Review for this particular program or eligibility pathway: VA homemaker and home health aide benefit providing in-home help with activities of daily living for clinically eligible Veterans, with St. George-area access through VA Salt Lake City Health Care System community-care and….",,res-va-homemaker-home-health-aide-care-st-george
Seniors,Start here,"Washington County Council on Aging St. George Active Life Center activities, fitness, and support groups","Review the local senior activity/support connection alongside meals and benefits, including practical attendance access.",,res-washington-county-coa-st-george-activities-support-groups
Seniors,Important specialized help,Amada Senior Care Southern Utah veteran home-care and VA benefit support,"Review for this particular program or eligibility pathway: St. George in-home senior-care provider offering veteran-specific help with VA Homemaker/Home Health Aide, respite-care authorization, and Aid and Attendance or pension benefit navigation.",,res-amada-southern-utah-veterans-home-care
Seniors,Important specialized help,Senior Helpers of Southern Utah Veterans Care Services and VA benefit assistance,Review for this particular program or eligibility pathway: Southern Utah in-home senior-care provider with a veterans-care services route and help exploring veteran/spouse benefits for home care.,,res-senior-helpers-southern-utah-veterans-care
Seniors,Important specialized help,Southern Utah Hospice hospice care for veterans,"Review for this particular program or eligibility pathway: Washington County hospice provider offering veteran-aware hospice care, recognition, end-of-life planning, and help navigating veteran burial and funeral-honors topics for enrolled hospice patients and families.",,res-southern-utah-hospice-veterans
Transportation,Additional options,Washington County Court Support Services,"Keep as a further option after establishing the starting routes in Transportation: Washington County court-linked criminal-justice support office providing pretrial monitoring/services and post-trial case management for barriers including treatment, housing, transportation, employment….",,res-court-support
Transportation,Additional options,DOVE Center domestic-violence and sexual-assault services,"Keep as a further option after establishing the starting routes in Transportation: Washington and Kane County domestic-violence and sexual-assault agency providing a 24/7 helpline, confidential shelter or safe-housing access, advocacy, counseling, protective-order and court support, medical advocacy….",,res-dove-center-family-services
Transportation,Additional options,"Red Rock Center for Independence independent living, disability supports, and limited activity transportation","Keep as a further option after establishing the starting routes in Transportation: Center for Independent Living in St. George serving all ages and disability types with no-cost core independent-living services, nursing-home transition/diversion, youth transition, peer support, advocacy, assistive technology….",,res-red-rock-center-independence-youth-disability-supports
Transportation,Additional options,"Southwest Behavioral Health Center Washington County behavioral health, case management, Medicaid coordination, transportation help, and ID fee-waiver verification access","Keep as a further option after establishing the starting routes in Transportation: Public community behavioral-health outpatient access point for adults, youth, and families in southwest Utah, including mental-health treatment, psychiatry/medical services, case management, Medicaid behavioral-health….",,res-sbhc-children-family-outpatient
Transportation,Important specialized help,Southwest Utah Public Health Department Car Seat Program and Safety Checks,"Review for this particular program or eligibility pathway: Certified car-seat safety checks, child passenger-safety education, and eligibility-based car-seat assistance for Southwest Utah families through the local public health department.",,res-swuhealth-car-seat-program
Transportation,Start here,"Switchpoint Community Resource Center shelter, meals, case management, transportation assistance, mental-health support, coordinated entry, ID-recovery help, and veteran homeless-service linkage",Establish the local homelessness intake and case-management connection first; confirm which assistance is direct and which requires another program.,"Which family, adult and veteran pathways can you initiate here, and which require a separate intake or referral?",res-switchpoint-family-emergency-shelter
Transportation,Additional options,"The Salvation Army St. George Outpost food, fuel-voucher, transportation, and family assistance","Keep as a further option after establishing the starting routes in Transportation: Local Salvation Army outpost serving the St. George/Washington area with food boxes, emergency fuel vouchers, one-time safe-destination transportation help, school-supply assistance, and limited transportation-related assistance….",,res-salvation-army-st-george-outpost-family-food-child-assistance
Transportation,Additional options,"TURN Community Services St. George disability services, residential supports, educational day supports, supported employment, and embedded transportation","Keep as a further option after establishing the starting routes in Transportation: TURN Community Services St. George disability-services provider for adults with intellectual/developmental disabilities, related conditions, or acquired brain injury, including day, residential, semi-independent living….",,res-turn-community-services-st-george-family-support-respite
Transportation,Important specialized help,"Utah DSPD intake, waiting list, waiver services, and disability-related transportation","Review for this particular program or eligibility pathway: Utah DSPD intake pathway for disability-service eligibility, needs assessment, waiting list, and eventual home- and community-based supports that may include disability-related transportation, non-medical transportation, bus….",,res-utah-dspd-intake-waiver-services
Transportation,Start here,Washington County School District At-Risk Support Services / McKinney-Vento student supports and school transportation,Establish the school homelessness liaison route early; school access and transportation can be available even without stable housing.,,res-wcsd-at-risk-mckinney-vento
Transportation,Additional options,"Youth Futures St. George emergency youth shelter, drop-in services, computer access, and transportation support","Keep as a further option after establishing the starting routes in Transportation: Youth Futures St. George emergency shelter and drop-in services for runaway, homeless, unaccompanied and vulnerable youth ages 12-18, including safe shelter, meals, clothing, hygiene, laundry, case management, therapy, computer….",,res-youth-futures-st-george-youth-shelter-drop-in
Transportation,Important specialized help,"Utah State Office of Rehabilitation Vocational Rehabilitation - St. George employment, training, restoration, and transportation supports","Review for this particular program or eligibility pathway: Utah State Office of Rehabilitation vocational rehabilitation access in St. George for eligible people with disabilities whose employment plan may require counseling, training, college or vocational education, job placement….",,res-usor-vr-st-george-employment-supports
Transportation,Start here,"City of St. George SunTran fixed-route bus, Zion Route, and ADA paratransit",Establish ordinary bus access and the separate ADA paratransit application; these are different eligibility pathways.,,res-suntran-ada-paratransit
Transportation,Additional options,"Five County Area Agency on Aging in-home services, Aging Waiver, Alternatives, Veteran Directed Care, and plan-authorized transportation","Keep as a further option after establishing the starting routes in Transportation: Five County Area Agency on Aging case-management access for in-home aging services, including Medicaid Aging Waiver, home-delivered supplemental meals when assessed and authorized, State Alternatives, Veteran Directed Care….",,res-five-county-aaa-in-home-services-aging-waiver
Transportation,Start here,"Utah Medicaid Non-Emergency Medical Transportation, Modivcare rides, and mileage reimbursement","Establish Medicaid medical-ride booking and reimbursement rules early, including advance notice and plan responsibilities.",,res-utah-medicaid-nemt-modivcare
Transportation,Additional options,Redhead Supports DSPD-funded disability services with enrolled-program transportation,"Keep as a further option after establishing the starting routes in Transportation: St. George disability-support provider offering DSPD-funded and private-pay residential group homes, host homes/professional parenting, supported living, day, after-school, summer, respite, behavioral services, and round-trip….",,res-redhead-supports-dspd-disability-services
Transportation,Important specialized help,University of Utah Health Driving Rehabilitation Program at Sugar House,"Review for this particular program or eligibility pathway: University of Utah Health certified driving rehabilitation program providing clinical and on-road driving assessments, simulator work, and adaptive-equipment recommendations for people with physical, visual, cognitive….",,res-uofu-driving-rehabilitation-sugar-house
Transportation,Start here,Washington County Council on Aging St. George Dial-a-Ride,Establish the local older-adult ride service and booking boundaries separately from ordinary bus access.,,res-washington-county-coa-dial-a-ride
Transportation,Start here,"Five County AOG Community Action Partnership Employment Support, bus passes, vouchers, and document assistance","Establish practical employment barriers support—documents, fare and vouchers—alongside job search and training.",,res-five-county-cap-employment-support
Transportation,Important specialized help,Utah DCFS Transition to Adult Living Aftercare Support and foster-youth document access,"Review for this particular program or eligibility pathway: Utah DCFS Transition to Adult Living aftercare support for qualifying youth who aged out of foster care or left custody/guardianship/adoption after age 16, including crisis support, vehicle purchase/maintenance help, housing….",,res-utah-dcfs-tal-aftercare-support
Transportation,Additional options,Utah Medicaid Housing Related Services and Supports (HRSS),"Keep as a further option after establishing the starting routes in Transportation: Utah Medicaid Housing Related Services and Supports benefit providing tenancy support, community-transition expenses, supported-living services, and non-medical transportation for eligible Medicaid members through provider plans.",,res-utah-medicaid-hrss
Transportation,Start here,"Utah Driver License Division Dixie Office ID, Driving Privilege Card, reinstatement, and DUI hearing access","Establish the actual licensing/ID issuing office, required documents and appointment process before assistance referrals.",,res-utah-dld-dixie-license-reinstatement
Transportation,Additional options,"Washington County Justice Court case, warrant, public-defender, fine, and license access","Keep as a further option after establishing the starting routes in Transportation: Washington County Justice Court access point for misdemeanor and traffic case issues that can affect reentry and driving access, including public-defender requests, fine extensions, payments, warrants, fingerprint appointments….",,res-washington-county-justice-court-access
Transportation,Start here,DAV / Veterans Transportation Service van from St. George to VA appointments,Establish the veteran medical-transport connection and booking constraints before assuming VA appointments are reachable.,,res-va-dav-vans-st-george
Transportation,Additional options,1-800-Charity Cars / Free Charity Cars donated vehicle application,Keep as a further option after establishing the starting routes in Transportation: Nationwide online donated-vehicle application program awarding free vehicles to eligible U.S. residents with genuine transportation need when donated vehicles become available locally.,,res-free-charity-cars-donated-vehicle
Transportation,Additional options,"Always Best Care Senior Services St. George errands, transportation, and activity escort","Keep as a further option after establishing the starting routes in Transportation: Private St. George senior in-home care provider offering paid caregiver help with errands, shopping, transportation, and escort to activities as part of individualized home-care plans.",,res-always-best-care-stgeorge-transportation
Transportation,Important specialized help,American Cancer Society Road To Recovery free cancer-treatment rides,Review for this particular program or eligibility pathway: American Cancer Society volunteer-driver program providing free rides to cancer-related medical appointments when Road To Recovery service is available in the patient's area.,,res-american-cancer-society-road-to-recovery
Transportation,Important specialized help,Angel Flight West free medical flights and Earth Angels ground transportation,Review for this particular program or eligibility pathway: Charitable aviation program arranging free non-emergency flights for medically stable passengers in Utah and the Western states who need distant medical or other compelling humanitarian travel.,,res-angel-flight-west-medical-flights
Transportation,Additional options,St. George Bicycle Collective refurbished bike and bike-access support,"Keep as a further option after establishing the starting routes in Transportation: Local nonprofit community bike shop providing refurbished bike and parts access, donations, volunteer opportunities, and bike-related support in St. George.",,res-st-george-bicycle-collective-bike-access
Transportation,Important specialized help,Cars That Care Foundation vehicle and repair assistance for single mothers,"Review for this particular program or eligibility pathway: Utah nonprofit helping single mothers and their minor children with transportation needs through donated/refurbished vehicles, vehicle-repair applications, and basic maintenance training when resources are available.",,res-cars-that-care-vehicle-repair
Transportation,Additional options,Crown Care NEMT private-pay medical transportation in St. George,"Keep as a further option after establishing the starting routes in Transportation: Private-pay door-to-door non-emergency medical transportation in St. George, including ambulatory sedan/SUV rides, wheelchair vans, stretcher transport, recurring medical rides, and long-distance transfers.",,res-crown-care-nemt-st-george
Transportation,Start here,Five County AOG Mobility Management medical transportation vouchers,Review the local medical-transport voucher screening and funding rules for trips not covered by an ordinary ride benefit.,,res-five-county-mobility-management-medical-vouchers
Transportation,Important specialized help,Gold Cross Ambulance St. George non-911 and interfacility medical transport,"Review for this particular program or eligibility pathway: Local Gold Cross Ambulance medical-transport access in St. George and Washington County, including 911 emergency response and non-911/interfacility medical transportation.",,res-gold-cross-st-george-nonemergency-medical-transport
Transportation,Important specialized help,Huntsman Cancer Institute Patient Navigation transportation and lodging help,Review for this particular program or eligibility pathway: Free Huntsman Cancer Institute patient-navigation service that helps cancer patients and caregivers coordinate care and arrange transportation and lodging when needed.,,res-huntsman-patient-navigation-transportation
Transportation,Important specialized help,Miracle Flights free pediatric distant-medical-care flights,"Review for this particular program or eligibility pathway: National nonprofit booking free commercial airline tickets for eligible children age 17 and under who must travel to distant U.S. medical care, plus a separate service-dog flight pathway.",,res-miracle-flights-pediatric-medical-flights
Transportation,Additional options,Nurse Next Door St. George home-care transportation services,"Keep as a further option after establishing the starting routes in Transportation: Private St. George home-care provider offering paid transportation services as part of caregiver support for seniors, people with disabilities, post-operative clients, and other home-care clients.",,res-nurse-next-door-stgeorge-transportation
Transportation,Additional options,Salt Lake Express St. George intercity shuttle and door-to-door add-on,"Keep as a further option after establishing the starting routes in Transportation: Commercial intercity bus and shuttle service from St. George to Las Vegas, Salt Lake City, Cedar City, and other destinations, with St. George stops, paid fares, and a door-to-door add-on in listed St. George-area ZIP codes.",,res-salt-lake-express-st-george-intercity-door-to-door
Transportation,Important specialized help,Select Health Medicare non-emergent medical transportation benefit,"Review for this particular program or eligibility pathway: Select Health Medicare plan benefit that may provide non-emergent medical transportation for covered members traveling to doctor appointments, clinics, and pharmacies.",,res-select-health-medicare-nemt
Transportation,Additional options,Southern Utah Hospice volunteer errands and appointment transportation for enrolled patients,Keep as a further option after establishing the starting routes in Transportation: Hospice volunteer support pathway that may include errands and appointment transportation for enrolled Southern Utah Hospice patients as non-medical volunteer assistance.,,res-southern-utah-hospice-volunteer-transport
Transportation,Start here,Taxi USA wheelchair van and ambulatory non-emergency medical transportation,Clarify a local paid wheelchair/ambulatory ride option for people outside benefit-funded transport; confirm rates and scheduling.,"What wheelchair/ambulatory trips can you book, at what price and advance notice, and which payers are accepted?",res-taxi-usa-wheelchair-nemt
Transportation,Additional options,The Bridge Health Recovery Center admitted-guest travel credit,Keep as a further option after establishing the starting routes in Transportation: Travel-cost credit for admitted guests of The Bridge Health Recovery Center's 21-day residential mental-health and chronic-pain program near St. George.,,res-bridge-health-recovery-travel-credit
Transportation,Important specialized help,VA Beneficiary Travel reimbursement and special-mode transportation - St. George VA access,"Review for this particular program or eligibility pathway: VA Beneficiary Travel and BTSSS reimbursement pathway for eligible veterans and caregivers traveling to VA or VA-approved health care, with St. George VA Clinic and VA Salt Lake City Health Care access.",,res-va-beneficiary-travel-st-george
Transportation,Important specialized help,Utah Council of the Blind Driver/Guide and Subsidized Transportation Program,"Review for this particular program or eligibility pathway: Statewide Utah Council of the Blind subsidized transportation program offering driver/guide mileage support and discounted cab, Uber, or Lyft ride credits for blind or visually impaired Utah residents.",,res-utah-council-blind-subsidized-transportation
Transportation,Important specialized help,Utah Medicaid Health Transportation Payment (HTP) for HCBS waiver medical trips,Review for this particular program or eligibility pathway: Utah Medicaid Health Transportation Payment for HCBS waiver members receiving residential or day support services who need transportation to non-emergency Medicaid State Plan medical appointments.,,res-utah-medicaid-health-transportation-payment
Transportation,Additional options,Utah Mobility MedTrans non-emergency transportation services,"Keep as a further option after establishing the starting routes in Transportation: Private St. George non-emergency transportation provider offering ambulatory, wheelchair/handicap-accessible, stretcher, long-term/recurring, and after-hours transportation by request.",,res-utah-mobility-medtrans
Transportation,Additional options,Utah Tech University Office of International Programs arrival transportation and airport pickup,Keep as a further option after establishing the starting routes in Transportation: Utah Tech Office of International Programs arrival-transportation pathway that may provide airport pickup for newly arriving international students with advance notice.,,res-utah-tech-international-airport-pickup
Transportation,Additional options,Utah Tech University SunTran Partnership - free local transit with Utah Tech ID,"Keep as a further option after establishing the starting routes in Transportation: Utah Tech University partnership allowing students, faculty, and staff to ride City of St. George SunTran free with a Utah Tech ID card.",,res-utah-tech-suntran-partnership
Transportation,Start here,Washington County School District Special Needs Transportation,Review disability-related school transport eligibility and school contact procedures separately from public paratransit.,,res-wcsd-special-needs-transportation
"Utilities, Phone, Internet",Important specialized help,Paiute Indian Tribe of Utah Family Services and FourPoints family support,"Review for this particular program or eligibility pathway: Paiute Indian Tribe of Utah Family Services and FourPoints Health pathway for eligible Tribal families and community patients, including domestic-violence advocacy/support, Indian child welfare coordination, vulnerable….",,res-pitu-family-services-child-care-crisis
"Utilities, Phone, Internet",Important specialized help,Utah Legal Services St. George civil legal aid and limited immigration citizenship help,"Review for this particular program or eligibility pathway: Statewide nonprofit civil legal-aid program with a St. George office, serving qualifying Utahns in non-criminal matters including expungement, domestic-violence protective orders, housing, public benefits, Medicaid….",,res-utah-legal-services-st-george-family-benefits
"Utilities, Phone, Internet",Additional options,Waterford Upstart Washington County at-home kindergarten-readiness program and technology support,"Keep as a further option after establishing the starting routes in Utilities, Phone, Internet: At-home Waterford Upstart early-learning program for Washington County pre-kindergarten children, with reading, math, science lessons, family coaching, and computer/internet support for qualifying families who need basic….",,res-waterford-upstart-washington-county
"Utilities, Phone, Internet",Important specialized help,"Youth Futures St. George emergency youth shelter, drop-in services, computer access, and transportation support","Review for this particular program or eligibility pathway: Youth Futures St. George emergency shelter and drop-in services for runaway, homeless, unaccompanied and vulnerable youth ages 12-18, including safe shelter, meals, clothing, hygiene, laundry, case management, therapy, computer….",,res-youth-futures-st-george-youth-shelter-drop-in
"Utilities, Phone, Internet",Start here,"Five County AOG Community Action Partnership coordinated entry, rapid rehousing, diversion, utility deposits, and housing assistance",Establish coordinated entry and community-action screening early; several housing and basic-needs pathways depend on that intake.,"What is the current coordinated-entry process, and which assistance funds or placements are accepting referrals?",res-five-county-cap-rapid-rehousing-toolkits
"Utilities, Phone, Internet",Start here,Five County AOG Weatherization Assistance Program,Review the local weatherization application route and its limits; it addresses home energy conditions rather than immediate bill payment.,,res-five-county-aog-weatherization-assistance
"Utilities, Phone, Internet",Important specialized help,American Legion Temporary Financial Assistance for children's basic needs - Post 90 access,"Review for this particular program or eligibility pathway: American Legion Temporary Financial Assistance access through Lester Keate Post 90/Department of Utah for eligible military or Legion-member households with minor children, including utilities and children's basic needs after….",,res-american-legion-tfa-children-basic-needs
"Utilities, Phone, Internet",Additional options,The Church of Jesus Christ bishop-referred fast-offering and storehouse assistance,"Keep as a further option after establishing the starting routes in Utilities, Phone, Internet: Church bishop-referred temporal-assistance pathway using fast offerings, bishops' orders, and the St. George bishops' storehouse when designated, for essential needs such as food, hygiene, household basics, housing, utilities….",,res-lds-bishops-storehouse-st-george-basic-goods
"Utilities, Phone, Internet",Important specialized help,"Five County Area Agency on Aging Benefits Access, SHIP, and SMP","Review for this particular program or eligibility pathway: Five County Area Agency on Aging benefits access point for older adults and disabled individuals, including free benefits enrollment assistance for HEAT/LIHEAP and related public benefits, plus SHIP Medicare counseling and Senior….",,res-five-county-aaa-benefits-access-ship-smp
"Utilities, Phone, Internet",Important specialized help,iCanConnect Utah deafblind communication equipment program,"Review for this particular program or eligibility pathway: Utah iCanConnect/National Deaf-Blind Equipment Distribution Program providing free distance-communication equipment, assessment, and training for eligible people with combined hearing and vision loss.",,res-icanconnect-utah-deafblind-equipment
"Utilities, Phone, Internet",Important specialized help,Relay Utah Telecommunications Equipment Distribution Program,"Review for this particular program or eligibility pathway: Statewide Relay Utah equipment program providing specialized telecommunications equipment at no cost for qualified Utah residents who are Deaf, hard of hearing, or speech-challenged.",,res-relay-utah-telecommunications-equipment
"Utilities, Phone, Internet",Important specialized help,"Utah Assistive Technology Program and UATF financing, lending, reuse, and customization","Review for this particular program or eligibility pathway: Statewide Utah Assistive Technology Program and Utah Assistive Technology Foundation pathway for AT demonstrations, lending libraries, reuse/refurbished equipment, customization, low-interest loans, small grants, and….",,res-utah-assistive-technology-program-uatf
"Utilities, Phone, Internet",Start here,USAC Lifeline Survivor Benefit under the Safe Connections Act,Review the survivor-specific phone/internet benefit early because safe communication may be part of leaving abuse.,"How does someone safely apply, document eligibility and receive service without exposing their location or communications?",res-usac-lifeline-survivor-benefit
"Utilities, Phone, Internet",Start here,Compudopt St. George computer giveaway and internet support,Review local computer-giveaway eligibility and distribution timing before commercial device alternatives.,"Is a St. George distribution accepting applications, and what eligibility and pickup arrangements apply?",res-compudopt-stgeorge-computer-giveaway
"Utilities, Phone, Internet",Start here,CompUtah Hub at Five County Association of Governments,Review the local computer-access/device support route and eligibility before online purchase programs.,,res-computah-five-county-st-george-hub
"Utilities, Phone, Internet",Additional options,Washington County Council on Aging St. George computer access and instruction,"Keep as a further option after establishing the starting routes in Utilities, Phone, Internet: Senior-center computer lab offering no-cost computer access, low-cost printing, and low-cost one-on-one computer or device instruction at the St. George Active Life Center.",,res-washington-county-coa-st-george-computer-access-instruction
"Utilities, Phone, Internet",Start here,"Washington County Library St. George branch computer, learning, and MakerSpace access",Confirm local public computer/internet access and its charges; online applications depend on practical access to a device.,,res-washington-county-library-st-george-makerspace-learning-access
"Utilities, Phone, Internet",Important specialized help,Enbridge Gas Utah Energy Assistance Credit,Review for this particular program or eligibility pathway: One-time Enbridge Gas Utah Energy Assistance Credit for HEAT-qualified gas customers whose HEAT benefit is applied to Enbridge Gas.,,res-enbridge-energy-assistance-credit
"Utilities, Phone, Internet",Important specialized help,Enbridge Gas Utah REACH Residential Energy Assistance through Community Help,Review for this particular program or eligibility pathway: Supplemental Enbridge Gas Utah REACH credit administered by The Salvation Army for eligible HEAT-approved customers with a past-due gas account.,,res-enbridge-reach
"Utilities, Phone, Internet",Start here,Five County Association of Governments HEAT energy assistance and shutoff protection,Establish local HEAT application and shutoff-related assistance timing before individual utility credits or rebates.,,res-five-county-heat
"Utilities, Phone, Internet",Important specialized help,Homeless Veterans Fellowship Supportive Services for Veteran Families (SSVF),"Review for this particular program or eligibility pathway: VA-funded Supportive Services for Veteran Families program providing case management, rapid rehousing, homelessness prevention, and temporary financial assistance such as utilities for eligible homeless or imminently homeless….",,res-homeless-veterans-fellowship-ssvf
"Utilities, Phone, Internet",Important specialized help,The Salvation Army Lend A Hand Rocky Mountain Power energy assistance,"Review for this particular program or eligibility pathway: Statewide charitable electric-bill assistance for Rocky Mountain Power customers, funded through Lend A Hand donations and administered by The Salvation Army.",,res-salvation-army-lend-a-hand-rmp
"Utilities, Phone, Internet",Start here,Utah Home Electric Lifeline Program (HELP) Rocky Mountain Power bill credit,Review the Rocky Mountain Power income-based bill credit and how it relates to HEAT enrollment.,,res-utah-dws-help-electric-lifeline
"Utilities, Phone, Internet",Important specialized help,Utah DWS Emergency Assistance / Homeless Prevention,Review for this particular program or eligibility pathway: Utah DWS Emergency Assistance/Homeless Prevention program providing short-term crisis payments and related supports for eligible families facing homelessness or utility shutoff.,,res-utah-dws-emergency-assistance-homeless-prevention
"Utilities, Phone, Internet",Start here,Lifeline and Utah telecommunication assistance phone or internet discount,Establish the current phone/internet discount application route and which service providers participate.,,res-utah-lifeline-phone-internet-discount
"Utilities, Phone, Internet",Start here,"City of St. George Utilities account setup, payment routes, and Average Monthly Payment Program","Establish city utility account, payment and billing contacts so customers reach the correct provider for their address.",,res-city-st-george-utilities-payment-amp
"Utilities, Phone, Internet",Start here,"Dixie Power account support, prepaid service, budget billing, and rebates",Establish the separate Dixie Power customer-support route; another utility's payment program does not apply to its customers.,,res-dixie-power-account-prepaid-budget-rebates
"Utilities, Phone, Internet",Start here,"Enbridge Gas Utah payment arrangements, medical delay, and shutoff-notice protections","Review gas payment arrangements and medical/shutoff protections early, alongside assistance applications.",,res-enbridge-gas-account-arrangements-shutoff-protections
"Utilities, Phone, Internet",Additional options,Enbridge Gas Utah ThermWise rebates and energy-efficiency tools,"Keep as a further option after establishing the starting routes in Utilities, Phone, Internet: Enbridge Gas Utah ThermWise energy-efficiency program offering home energy tools and rebates for qualifying gas appliances, weatherization upgrades, builder measures, and business energy improvements.",,res-enbridge-gas-thermwise-rebates
"Utilities, Phone, Internet",Additional options,"Human-I-T Gold Membership low-cost internet, hotspots, and refurbished devices","Keep as a further option after establishing the starting routes in Utilities, Phone, Internet: Human-I-T Gold Membership pathway offering low-cost 4G/5G hotspot internet service, hotspot rental or purchase options, and discounted refurbished computers/tablets for income-qualified households.",,res-human-it-low-cost-internet-devices
"Utilities, Phone, Internet",Important specialized help,Operation Homefront Critical Financial Assistance,"Review for this particular program or eligibility pathway: Operation Homefront national Critical Financial Assistance program providing temporary help with overdue essential bills, including utilities, for eligible active-duty military families and post-9/11 wounded, ill, or injured….",,res-operation-homefront-critical-financial-assistance
"Utilities, Phone, Internet",Additional options,PCs for People low-cost computers and mobile internet,"Keep as a further option after establishing the starting routes in Utilities, Phone, Internet: National nonprofit low-cost technology program offering refurbished computers and prepaid mobile internet to eligible low-income households, including online distribution to Utah.",,res-pcs-for-people-low-cost-computers-internet
"Utilities, Phone, Internet",Additional options,Quantum Fiber Simply Fiber Internet Plan,"Keep as a further option after establishing the starting routes in Utilities, Phone, Internet: Quantum Fiber low-cost Simply Fiber Internet Plan for qualifying households at eligible Quantum Fiber service addresses, including address checks in St. George.",,res-quantum-fiber-simply-fiber-internet
"Utilities, Phone, Internet",Start here,Rocky Mountain Power payment arrangements and Medical Certificate protections,"Review electric payment arrangements and medical-certificate rules early, alongside income-based bill assistance.",,res-rocky-mountain-power-account-protections
"Utilities, Phone, Internet",Important specialized help,T-Mobile Project 10Million student hotspot internet,"Review for this particular program or eligibility pathway: T-Mobile Project 10Million provides free hotspot internet access for eligible K-12 student households, subject to coverage, program rules, and annual data limits.",,res-t-mobile-project-10million
"Utilities, Phone, Internet",Additional options,TDS Connect low-cost internet,"Keep as a further option after establishing the starting routes in Utilities, Phone, Internet: TDS Connect low-cost internet plan for qualifying households at TDS-served addresses, with eligibility verified after order submission.",,res-tds-connect-low-cost-internet
"Utilities, Phone, Internet",Additional options,Verizon Forward home internet discount,"Keep as a further option after establishing the starting routes in Utilities, Phone, Internet: Verizon Forward reduced-cost home internet discount for eligible new or existing customers on qualifying Verizon or Frontier home internet plans where service is available.",,res-verizon-forward-home-internet
"Utilities, Phone, Internet",Additional options,Washington County Water Conservancy District / Utah Water Savers water conservation rebates,"Keep as a further option after establishing the starting routes in Utilities, Phone, Internet: Washington County Water Conservancy District and Utah Water Savers water-conservation incentives that may reduce water use and future utility costs, including landscape conversion, smart irrigation controller, toilet replacement….",,res-wcwcd-water-conservation-rebates
Veterans,Additional options,St. George Regional Hospital Behavioral Health Access Center,"Keep as a further option after establishing the starting routes in Veterans: Hospital behavioral-health access center offering urgent crisis assessment, observation/stabilization, treatment planning, and routing to inpatient, outpatient, or addiction care when appropriate.",,res-intermountain-access-center
Veterans,Additional options,Lions Gate Recovery St. George dual-diagnosis addiction and mental-health treatment campus,"Keep as a further option after establishing the starting routes in Veterans: Southern Utah addiction and dual-diagnosis treatment continuum with St. George PHP/IOP, Toquerville residential care, and integrated mental-health treatment for co-occurring conditions.",,res-lions-gate
Veterans,Additional options,"Steps Recovery Centers St. George residential, outpatient, veteran-focused substance-use, and integrated mental-health rehab","Keep as a further option after establishing the starting routes in Veterans: St. George addiction recovery continuum with residential and outpatient/IOP levels of care, veteran-focused substance-use programming, and integrated mental-health work for co-occurring trauma, anxiety, depression, grief, and….",,res-steps
Veterans,Start here,"St. George VA Clinic primary care, mental-health, social-work, enrollment, same-day minor care, and veteran support access",Establish the local VA entry point and its referral boundaries; several other veteran services depend on this connection.,,res-va-clinic
Veterans,Start here,"Saint George Vet Center confidential counseling, transition, referral support, and veteran document navigation",Review the local confidential veteran counseling and transition route separately from general VA medical enrollment.,,res-vet-center
Veterans,Additional options,"Switchpoint Community Resource Center shelter, meals, case management, transportation assistance, mental-health support, coordinated entry, ID-recovery help, and veteran homeless-service linkage","Keep as a further option after establishing the starting routes in Veterans: Switchpoint St. George Community Resource Center emergency shelter and case-management campus with meals, individualized case management, coordinated-entry access, housing-stability support, mental-health/support-service….",,res-switchpoint-family-emergency-shelter
Veterans,Additional options,"Five County AOG Community Action Partnership coordinated entry, rapid rehousing, diversion, utility deposits, and housing assistance","Keep as a further option after establishing the starting routes in Veterans: Five County Community Action Partnership housing-crisis and stabilization pathway for low-income households, including coordinated-entry assessment, rapid rehousing, homeless prevention, homeless diversion, motel vouchers….",,res-five-county-cap-rapid-rehousing-toolkits
Veterans,Additional options,American Legion Temporary Financial Assistance for children's basic needs - Post 90 access,"Keep as a further option after establishing the starting routes in Veterans: American Legion Temporary Financial Assistance access through Lester Keate Post 90/Department of Utah for eligible military or Legion-member households with minor children, including utilities and children's basic needs after….",,res-american-legion-tfa-children-basic-needs
Veterans,Additional options,"Five County Area Agency on Aging in-home services, Aging Waiver, Alternatives, Veteran Directed Care, and plan-authorized transportation","Keep as a further option after establishing the starting routes in Veterans: Five County Area Agency on Aging case-management access for in-home aging services, including Medicaid Aging Waiver, home-delivered supplemental meals when assessed and authorized, State Alternatives, Veteran Directed Care….",,res-five-county-aaa-in-home-services-aging-waiver
Veterans,Additional options,"St. George Housing Authority housing, rental-assistance inquiry, and homeless document-verification access","Keep as a further option after establishing the starting routes in Veterans: Local public housing authority administering St. George/Washington County Housing Choice Vouchers, low-income rental information, Dixie Sun Manor age-62+ public housing, limited emergency rental/mortgage assistance, HUD-covered….",,res-st-george-housing-authority-section-8-public-housing
Veterans,Important specialized help,VA adapted-housing and HISA home-modification grants,"Review for this particular program or eligibility pathway: VA disability-related home-modification benefits for eligible veterans and service members, including SAH/SHA adapted-housing grants and HISA medically necessary structural alterations.",,res-va-disability-housing-hisa-sah-sha-grants
Veterans,Important specialized help,VA Salt Lake City Caregiver Support Program - St. George VA Clinic access,"Review for this particular program or eligibility pathway: VA Salt Lake City Health Care System Caregiver Support Program for caregivers of eligible veterans, including general caregiver support and the more restrictive comprehensive caregiver program, with St. George VA Clinic routing.",,res-va-salt-lake-caregiver-support-st-george
Veterans,Start here,Utah Department of Veterans and Military Affairs Southern Utah VSOs and DD-214 archive access,Establish a Southern Utah veterans service officer connection to help navigate multiple benefits and documentation programs.,,res-udvma-southern-utah-vso-claims
Veterans,Important specialized help,Southern Utah Veterans Home,"Review for this particular program or eligibility pathway: State veterans nursing home in Ivins providing long-term care, rehabilitation, and memory-care style nursing-home support for eligible veterans and some eligible family members.",,res-southern-utah-veterans-home
Veterans,Additional options,Utah State Parks Veterans With Disabilities Honor Pass,Keep as a further option after establishing the starting routes in Veterans: Utah State Parks Veterans With Disabilities Honor Pass and 2026 documentation route for free day-use state-park entry for qualifying Utah-resident veterans with service-connected disabilities.,,res-utah-state-parks-veterans-disabilities-honor-pass
Veterans,Additional options,Washington County property tax relief programs,"Keep as a further option after establishing the starting routes in Veterans: Washington County Auditor property-tax relief programs for qualifying primary-property owners, including blind, disabled-veteran, deployed-military, senior/widow, disability, extreme-hardship, abatement, credit, exemption, and….",,res-washington-county-property-tax-relief-disability
Veterans,Important specialized help,VA Salt Lake City Intimate Partner Violence Assistance Program (IPVAP),Review for this particular program or eligibility pathway: VA Intimate Partner Violence Assistance Program access through the VA Salt Lake City Health Care System for veterans and families impacted by relationship violence.,,res-va-salt-lake-ipvap
Veterans,Start here,Utah National Guard Service Member and Family Readiness / Family Assistance - St. George,Establish military-family readiness assistance and its eligibility boundaries for service members and dependents.,,res-utah-national-guard-family-readiness-dv-advocacy
Veterans,Important specialized help,Utah National Guard SAPR St. George Armory victim advocate,"Review for this particular program or eligibility pathway: Utah National Guard SAPR pathway with a St. George Armory victim advocate and 24/7 confidential support for eligible military-connected sexual-violence survivors, with safety planning and community-resource connection.",,res-utah-national-guard-sapr-st-george
Veterans,Important specialized help,Utah Tech University Veteran and Military Services education-benefit certification and support,"Review for this particular program or eligibility pathway: Campus office helping Utah Tech veterans, service members, and military-connected family students use VA, DoD, and State of Utah education benefits and related enrollment supports.",,res-utah-tech-veteran-military-services-education-benefits
Veterans,Start here,U.S. Department of Veterans Affairs Veteran Readiness and Employment (VR&E / Chapter 31),Establish the VA vocational-rehabilitation application route separately from ordinary job services.,,res-va-vre-chapter31
Veterans,Start here,Utah DWS Veteran and Military Employment Services,Establish the veteran-specific workforce contact and how it connects to the ordinary DWS employment services.,,res-utah-dws-veteran-military-employment-services
Veterans,Start here,Homeless Veterans Fellowship Supportive Services for Veteran Families (SSVF),Establish the veteran-family homelessness prevention/rehousing route and local referral connection.,,res-homeless-veterans-fellowship-ssvf
Veterans,Important specialized help,U.S. Department of Veterans Affairs Veterans Burial Allowance and Transportation Benefits,"Review for this particular program or eligibility pathway: Federal VA burial, funeral, plot/interment, and transportation allowance claim for eligible people or organizations who paid qualifying veteran death expenses.",,res-va-burial-allowance-transportation
Veterans,Important specialized help,U.S. Department of Veterans Affairs Veterans Pension,Review for this particular program or eligibility pathway: Needs-based federal monthly income benefit for eligible wartime veterans with limited income and net worth who meet age or disability requirements.,,res-va-veterans-pension
Veterans,Important specialized help,Utah Department of Veterans and Military Affairs Accelerated Credentialing to Employment (ACE) Program,"Review for this particular program or eligibility pathway: Utah ACE pathway helping eligible veterans, military members, Guard/Reserve members, and spouses obtain civilian certificates, licenses, or short-term training connected to employment.",,res-udvma-ace-grant
Veterans,Important specialized help,Utah Department of Veterans and Military Affairs Utah Veteran First-Time Homebuyer Grant,"Review for this particular program or eligibility pathway: Utah veterans first-time homebuyer grant pathway described by UDVMA as a $2,500 grant for eligible military members buying a first home in Utah.",,res-udvma-veteran-first-time-homebuyer-grant
Veterans,Start here,U.S. Department of Veterans Affairs Veterans Justice Outreach - St. George contact,"Establish the justice-involved veteran connection to coordinate court, treatment and VA services.",,res-va-veterans-justice-outreach-st-george
Veterans,Start here,DAV / Veterans Transportation Service van from St. George to VA appointments,Establish the veteran medical-transport connection and booking constraints before assuming VA appointments are reachable.,,res-va-dav-vans-st-george
Veterans,Important specialized help,Military OneSource citizenship and immigration services for military families,"Review for this particular program or eligibility pathway: Military OneSource citizenship and immigration routing for eligible service members and military families, including military legal assistance offices, USCIS Military Help Line information, AILA MAP referrals, and….",,res-military-onesource-citizenship-immigration
Veterans,Start here,VA Legal Clinic - St. George,Review the local veteran legal-clinic intake and case limits before distant/general alternatives.,,res-va-legal-clinic-st-george
Veterans,Start here,Utah@EASE pro bono legal referral for veterans and service members,Review veteran-specific pro bono legal screening and eligible case types alongside the local clinic.,,res-utahease-veterans-service-members-legal-referral
Veterans,Important specialized help,VA Homemaker and Home Health Aide Care - St. George VA access,"Review for this particular program or eligibility pathway: VA homemaker and home health aide benefit providing in-home help with activities of daily living for clinically eligible Veterans, with St. George-area access through VA Salt Lake City Health Care System community-care and….",,res-va-homemaker-home-health-aide-care-st-george
Veterans,Start here,VA Beneficiary Travel reimbursement and special-mode transportation - St. George VA access,Establish VA travel eligibility and reimbursement procedures alongside the ride-booking service.,,res-va-beneficiary-travel-st-george
Veterans,Important specialized help,Operation Homefront Critical Financial Assistance,"Review for this particular program or eligibility pathway: Operation Homefront national Critical Financial Assistance program providing temporary help with overdue essential bills, including utilities, for eligible active-duty military families and post-9/11 wounded, ill, or injured….",,res-operation-homefront-critical-financial-assistance
Veterans,Additional options,Amada Senior Care Southern Utah veteran home-care and VA benefit support,"Keep as a further option after establishing the starting routes in Veterans: St. George in-home senior-care provider offering veteran-specific help with VA Homemaker/Home Health Aide, respite-care authorization, and Aid and Attendance or pension benefit navigation.",,res-amada-southern-utah-veterans-home-care
Veterans,Additional options,American Heroes Project outdoor recreational therapy for disabled combat veterans and families,"Keep as a further option after establishing the starting routes in Veterans: Utah nonprofit providing outdoor recreational therapy and family-oriented trips for disabled combat veterans, Gold Star families, and related military-connected participants.",,res-american-heroes-project-outdoor-recreation
Veterans,Important specialized help,American Legion Lester Keate Post 90 Honor Guard and veterans funeral honors,Review for this particular program or eligibility pathway: Local American Legion post Honor Guard providing military funeral honors and veteran-family ceremonial support in the St. George veteran community.,,res-american-legion-post90-honor-guard
Veterans,Important specialized help,Blue Star Families Utah Chapter and Blue Star Neighborhood,"Review for this particular program or eligibility pathway: Utah chapter and national digital community offering connection, events, volunteer opportunities, and family-support resources for military-connected and veteran families.",,res-blue-star-families-utah
Veterans,Additional options,"Continue Mission no-cost veteran recreation, peer connection, and suicide-prevention programming","Keep as a further option after establishing the starting routes in Veterans: Utah nonprofit offering no-cost recreational, wellness, education, peer-connection, and suicide-prevention activities for veterans, service members, and support/family members.",,res-continue-mission-utah
Veterans,Start here,Disabled American Veterans Utah VA benefits claim assistance,Establish an additional accredited veteran-benefit claim assistance route and clarify its local/remote access.,,res-dav-utah-va-claims
Veterans,Important specialized help,Dixie Technical College VA education-benefit certification and GI Bill / VR&E intake,"Review for this particular program or eligibility pathway: Dixie Technical College access point helping veterans, service members, and eligible dependents use GI Bill, VR&E, and related VA education benefits for local technical training.",,res-dixie-tech-veterans-benefits
Veterans,Important specialized help,Modern Military Association of America LGBTQ+ and HIV-positive military/veteran resources,"Review for this particular program or eligibility pathway: National LGBTQ+ and HIV-positive military/veteran community resource pathway offering referrals, advocacy resources, identity-support information, and virtual community support.",,res-modern-military-lgbtq-hiv-resources
Veterans,Additional options,National Ability Center Military Programs,"Keep as a further option after establishing the starting routes in Veterans: Adaptive recreation and therapeutic outdoor programming for service members, veterans, and military families through National Ability Center sites in Utah.",,res-national-ability-center-military
Veterans,Additional options,Operation Combat Boots no-cost gym memberships for Utah veterans,Keep as a further option after establishing the starting routes in Veterans: Utah nonprofit providing no-cost gym memberships to honorably discharged Utah veterans through partner gyms when applicants clear the waitlist and meet check-in rules.,,res-operation-combat-boots-gym-memberships
Veterans,Additional options,PGA HOPE St. George,Keep as a further option after establishing the starting routes in Veterans: No-cost PGA HOPE adaptive golf and camaraderie program for veterans and active-duty military in St. George when cohorts are scheduled.,,res-pga-hope-st-george
Veterans,Important specialized help,SafeUT National Guard crisis chat and tipline,"Review for this particular program or eligibility pathway: Confidential SafeUT crisis chat and tipline pathway tailored to Utah National Guard members, civilian personnel, veterans, and families statewide.",,res-safeut-national-guard
Veterans,Additional options,Senior Helpers of Southern Utah Veterans Care Services and VA benefit assistance,Keep as a further option after establishing the starting routes in Veterans: Southern Utah in-home senior-care provider with a veterans-care services route and help exploring veteran/spouse benefits for home care.,,res-senior-helpers-southern-utah-veterans-care
Veterans,Additional options,Southern Utah Hospice hospice care for veterans,"Keep as a further option after establishing the starting routes in Veterans: Washington County hospice provider offering veteran-aware hospice care, recognition, end-of-life planning, and help navigating veteran burial and funeral-honors topics for enrolled hospice patients and families.",,res-southern-utah-hospice-veterans
Veterans,Additional options,Southern Utah University Veterans Resource and Support Center with hosted VSO access,"Keep as a further option after establishing the starting routes in Veterans: Southern Utah University veterans center supporting military-connected students and hosting VA-accredited Veteran Service Officer access for benefits, claims, appeals, and related veteran navigation.",,res-suu-veterans-resource-support-center
Veterans,Additional options,American Legion Department of Utah Service Officers veterans benefits support,"Keep as a further option after establishing the starting routes in Veterans: American Legion Department of Utah service-officer pathway helping veterans and eligible survivors with VA benefits claims, DD-214 replacement routing, burial-benefit information, and related benefits navigation.",,res-american-legion-utah-service-officers
Veterans,Additional options,The Cost of Courage Foundation Military and Veteran Emergency Support Program,"Keep as a further option after establishing the starting routes in Veterans: National emergency-support program offering limited mailed aid or small gift-card support for eligible active duty, veteran, and Gold Star family applicants when funding and criteria allow.",,res-cost-of-courage-emergency-support
Veterans,Start here,HUD-Veterans Affairs Supportive Housing (HUD-VASH),Review the joint VA/housing-authority supportive-housing pathway and referral eligibility; it is not an ordinary rental application.,,res-hud-vash-federal-va-housing
Veterans,Important specialized help,VA VITAL Program at Southern Utah University,"Review for this particular program or eligibility pathway: VA VITAL site at Southern Utah University providing telehealth clinical care, care coordination, outreach, and education/training for student veterans.",,res-va-vital-suu
Veterans,Important specialized help,"VA government headstones, markers, and medallions","Review for this particular program or eligibility pathway: VA National Cemetery Administration memorial-item benefit for eligible Veterans, service members, and eligible family members needing government headstones, grave markers, niche markers, or medallions.",,res-va-headstones-markers-medallions
Veterans,Important specialized help,"Southern Utah National Cemetery burial, pre-need eligibility, and committal services","Review for this particular program or eligibility pathway: VA national cemetery in Cedar City serving Southern Utah families with open burial space, committal services, and pre-need eligibility planning for eligible Veterans, spouses, and dependents.",,res-southern-utah-national-cemetery
Veterans,Start here,Salt Lake City VA Regional Benefit Office,Establish the VA benefits office contact and claim-status route alongside service-officer assistance.,,res-vba-salt-lake-regional-benefit-office
Veterans,Important specialized help,"CHAMPVA health coverage for eligible spouses, dependents, survivors, and some primary family caregivers","Review for this particular program or eligibility pathway: Federal CHAMPVA cost-sharing health-care benefit for qualifying spouses, dependent children, survivors, and some primary family caregivers of Veterans with qualifying service-connected disability circumstances.",,res-va-champva-family-caregiver-coverage
Veterans,Important specialized help,United States Probation and Pretrial Services District of Utah Federal Veterans Court,"Review for this particular program or eligibility pathway: District of Utah federal Veterans Court program connecting eligible justice-involved Veterans in federal cases with VA Veterans Justice Outreach, treatment appointments, benefits, and service linkage in a court-supervised model.",,res-utah-federal-veterans-court
Veterans,Important specialized help,Utah Driver License Division Veteran indicator on Utah driver license or ID card,Review for this particular program or eligibility pathway: Utah Driver License Division in-person process to add a Veteran indicator to a Utah driver license or identification card with acceptable honorable-discharge proof.,,res-utah-dld-veteran-indicator
Veterans,Important specialized help,Utah National Guard Military Funeral Honors Program,"Review for this particular program or eligibility pathway: Official Utah National Guard funeral-honors routing for eligible Veterans' families, including Army Honor Guard contacts and branch-specific support contacts for Air Force, Marine Corps, Coast Guard, and Navy honors.",,res-utah-national-guard-military-funeral-honors
Veterans,Important specialized help,Utah Purple Heart Tuition Waiver,"Review for this particular program or eligibility pathway: State education benefit waiving tuition at Utah public higher-learning institutions for Purple Heart recipients, usable toward degrees up to and including a master's degree.",,res-utah-purple-heart-tuition-waiver
Veterans,Important specialized help,Scott Lundell Military Survivors Tuition Waiver,"Review for this particular program or eligibility pathway: Utah state-school tuition waiver for surviving dependents of service members killed in action on or after September 11, 2001.",,res-utah-scott-lundell-survivors-tuition-waiver
Veterans,Important specialized help,Utah Military Retirement Credit,"Review for this particular program or eligibility pathway: Utah nonrefundable income-tax credit for qualifying taxable military retirement pay, including certain survivor retirement pay, claimed on Utah TC-40A using code AJ.",,res-utah-military-retirement-credit
Veterans,Important specialized help,Utah Veterans Tuition Gap Program,Review for this particular program or eligibility pathway: State supplemental grant for qualifying Veterans attending Utah higher-education institutions after federal education benefits are exhausted or unavailable.,,res-utah-veterans-tuition-gap-program
Veterans,Important specialized help,Utah Veteran Business Resource Center military-connected entrepreneur advising and STRIVE,"Review for this particular program or eligibility pathway: State-backed business-resource center offering one-to-one advising, mentorship, business registry support, and STRIVE entrepreneurship training for Utah military-connected entrepreneurs.",,res-utah-vbrc-military-entrepreneurship
Veterans,Additional options,Utah Veterans Alliance Helping Hands for Utah's Heroes,"Keep as a further option after establishing the starting routes in Veterans: Utah Veterans Alliance program providing case-by-case financial assistance, service projects, and community-resource connection for Utah Veterans and families facing practical stabilization needs.",,res-utah-veterans-alliance-helping-hands
Veterans,Start here,VA Health Care for Re-entry Veterans (HCRV),Review the VA pre-/post-release transition pathway for incarcerated veterans before release-related gaps develop.,,res-va-hcrv-reentry
Veterans,Important specialized help,VA Salt Lake City Addiction Treatment Services / SOAR and SARRTP,"Review for this particular program or eligibility pathway: VA Salt Lake City addiction-treatment pathway for veterans, including Services for Outpatient Addiction Recovery and Substance Abuse Residential Rehabilitation Treatment Program access.",,res-va-salt-lake-addiction-treatment-soar-sarrtp
Veterans,Start here,VA Salt Lake City Veteran Care Coordinator,Establish care coordination for a veteran having difficulty navigating VA services and follow-through.,,res-va-salt-lake-veteran-care-coordinator
Veterans,Start here,VA Salt Lake City Mental Health Care Coordination,Review mental-health care coordination and referral routing separately from immediate crisis services.,,res-va-salt-lake-mental-health-care
Veterans,Important specialized help,VA Salt Lake City Fisher House temporary lodging for veteran family members and caregivers,Review for this particular program or eligibility pathway: No-cost temporary lodging at Salt Lake City Fisher House for eligible family members and caregivers of veterans receiving inpatient care at the Salt Lake City VA Medical Center.,,res-va-salt-lake-fisher-house
Veterans,Start here,VA Salt Lake City Suicide Prevention Coordinators,Establish veteran suicide-prevention follow-up contacts and distinguish their role from an immediate crisis line.,,res-va-salt-lake-suicide-prevention-coordinators
Veterans,Important specialized help,VA Salt Lake City Transfer and Lodging Center for VA care travel,Review for this particular program or eligibility pathway: VA Salt Lake City Transfer and Lodging Center phone route for veterans who may need VA-arranged transfer or lodging coordination connected to VA care away from St. George.,,res-va-salt-lake-transfer-lodging-center
Veterans,Start here,VA Salt Lake City Women Veteran Care,"Establish women-veteran health access and relevant specialty routing, beyond the general VA clinic intake.",,res-va-salt-lake-women-veteran-care
Veterans,Start here,Veterans Crisis Line 988 crisis support for veterans and supporters,Review the veteran crisis contact early; a high-consequence safety pathway deserves early attention even if rarely needed.,,res-veterans-crisis-line
Veterans,Additional options,VFW Cottam-Hafen Post 2628 St. George and Honor Guard / Color Guard,Keep as a further option after establishing the starting routes in Veterans: Local VFW Cottam-Hafen Post 2628 meeting point and St. George Honor Guard/Color Guard contact for veteran community connection and ceremonial support.,,res-vfw-post2628-st-george
Veterans,Additional options,VFW Department of Utah VA Claim Support / National Veterans Service,"Keep as a further option after establishing the starting routes in Veterans: VFW Department of Utah/National Veterans Service no-charge VA claim-support pathway for veterans, service members, and families seeking help with VA benefits claims, appeals, hearings, and related earned benefits.",,res-vfw-utah-va-claims
